roadmap_id,project_id,phase_number,phase_name,steps
RDM_18CD6C,PRJ_CA6CD6,1,Literature Review,1. Perform systematic literature review | 2. Identify experimental and computational components | 3. Define hybrid methodology rationale
RDM_382AC8,PRJ_CA6CD6,2,Experimental Setup,1. Procure equipment and prepare lab setup | 2. Conduct preliminary experiments | 3. Collect baseline experimental data
RDM_20FDF1,PRJ_CA6CD6,3,Computational Modeling,1. Develop simulation or ML model | 2. Calibrate model with experimental data | 3. Perform virtual parameter sweeps
RDM_28F129,PRJ_CA6CD6,4,Integrated Analysis,1. Cross-validate experimental and computational results | 2. Identify discrepancies and perform root-cause analysis | 3. Optimize design based on integrated findings
RDM_83CCA3,PRJ_CA6CD6,5,Validation,1. Conduct confirmatory experiments | 2. Benchmark against existing literature | 3. Document uncertainty and error bounds
RDM_83E7FB,PRJ_CA6CD6,6,Reporting,1. Prepare final report combining both methodologies | 2. Submit to conference or journal | 3. Archive all artifacts
RDM_8BE6FA,PRJ_C56A5C,1,Literature Review,1. Perform systematic literature review | 2. Identify experimental and computational components | 3. Define hybrid methodology rationale
RDM_86ECD7,PRJ_C56A5C,2,Experimental Setup,1. Procure equipment and prepare lab setup | 2. Conduct preliminary experiments | 3. Collect baseline experimental data
RDM_F2931E,PRJ_C56A5C,3,Computational Modeling,1. Develop simulation or ML model | 2. Calibrate model with experimental data | 3. Perform virtual parameter sweeps
RDM_E79982,PRJ_C56A5C,4,Integrated Analysis,1. Cross-validate experimental and computational results | 2. Identify discrepancies and perform root-cause analysis | 3. Optimize design based on integrated findings
RDM_A66EA9,PRJ_C56A5C,5,Validation,1. Conduct confirmatory experiments | 2. Benchmark against existing literature | 3. Document uncertainty and error bounds
RDM_019ED4,PRJ_C56A5C,6,Reporting,1. Prepare final report combining both methodologies | 2. Submit to conference or journal | 3. Archive all artifacts
RDM_7F457B,PRJ_7FA58C,1,Literature Review & Problem Formulation,1. Conduct systematic literature review on topic | 2. Identify research gaps and define problem statement | 3. Prepare literature review document (min 30 papers) | 4. Define hypothesis and success criteria
RDM_8AD3EF,PRJ_7FA58C,2,Design & Procurement,1. Finalize system architecture and block diagram | 2. Prepare Bill of Materials (BoM) | 3. Procure equipment and consumables | 4. Set up experimental workspace and safety protocols
RDM_E4E8EF,PRJ_7FA58C,3,Prototype Development,1. Assemble hardware components | 2. Develop initial firmware/software | 3. Perform bench-level unit tests | 4. Document assembly and calibration procedure
RDM_5E2348,PRJ_7FA58C,4,Data Collection,1. Design data collection protocol | 2. Run controlled experiments with replication | 3. Log raw data with timestamps | 4. Perform initial quality check on collected data
RDM_3B2BE2,PRJ_7FA58C,5,Analysis & Modeling,1. Clean and preprocess collected data | 2. Apply statistical/ML models | 3. Visualize results and generate insights | 4. Conduct sensitivity analysis
RDM_E87CFA,PRJ_7FA58C,6,Validation & Testing,"1. Compare results against baseline or benchmarks | 2. Conduct blind validation experiments | 3. Document accuracy, precision, recall metrics | 4. Identify failure modes and limitations"
RDM_45C0F7,PRJ_7FA58C,7,Reporting & Dissemination,"1. Write final project report | 2. Prepare journal/conference manuscript | 3. Create poster or demo presentation | 4. Archive code, data, and documentation on GitHub/Zenodo"
RDM_56338F,PRJ_F11EB7,1,Literature Review & Problem Formulation,1. Conduct systematic literature review on topic | 2. Identify research gaps and define problem statement | 3. Prepare literature review document (min 30 papers) | 4. Define hypothesis and success criteria
RDM_B6E547,PRJ_F11EB7,2,Design & Procurement,1. Finalize system architecture and block diagram | 2. Prepare Bill of Materials (BoM) | 3. Procure equipment and consumables | 4. Set up experimental workspace and safety protocols
RDM_5EC11F,PRJ_F11EB7,3,Prototype Development,1. Assemble hardware components | 2. Develop initial firmware/software | 3. Perform bench-level unit tests | 4. Document assembly and calibration procedure
RDM_7EAC35,PRJ_F11EB7,4,Data Collection,1. Design data collection protocol | 2. Run controlled experiments with replication | 3. Log raw data with timestamps | 4. Perform initial quality check on collected data
RDM_193E9D,PRJ_F11EB7,5,Analysis & Modeling,1. Clean and preprocess collected data | 2. Apply statistical/ML models | 3. Visualize results and generate insights | 4. Conduct sensitivity analysis
RDM_A07184,PRJ_F11EB7,6,Validation & Testing,"1. Compare results against baseline or benchmarks | 2. Conduct blind validation experiments | 3. Document accuracy, precision, recall metrics | 4. Identify failure modes and limitations"
RDM_430FCC,PRJ_F11EB7,7,Reporting & Dissemination,"1. Write final project report | 2. Prepare journal/conference manuscript | 3. Create poster or demo presentation | 4. Archive code, data, and documentation on GitHub/Zenodo"
RDM_A5445F,PRJ_9F85FB,1,Literature Review,1. Perform systematic literature review | 2. Identify experimental and computational components | 3. Define hybrid methodology rationale
RDM_421874,PRJ_9F85FB,2,Experimental Setup,1. Procure equipment and prepare lab setup | 2. Conduct preliminary experiments | 3. Collect baseline experimental data
RDM_AEC7EF,PRJ_9F85FB,3,Computational Modeling,1. Develop simulation or ML model | 2. Calibrate model with experimental data | 3. Perform virtual parameter sweeps
RDM_8C02D3,PRJ_9F85FB,4,Integrated Analysis,1. Cross-validate experimental and computational results | 2. Identify discrepancies and perform root-cause analysis | 3. Optimize design based on integrated findings
RDM_6AC022,PRJ_9F85FB,5,Validation,1. Conduct confirmatory experiments | 2. Benchmark against existing literature | 3. Document uncertainty and error bounds
RDM_EF57A4,PRJ_9F85FB,6,Reporting,1. Prepare final report combining both methodologies | 2. Submit to conference or journal | 3. Archive all artifacts
RDM_E6ACF9,PRJ_321DD8,1,Literature Review & Problem Formulation,1. Conduct systematic literature review on topic | 2. Identify research gaps and define problem statement | 3. Prepare literature review document (min 30 papers) | 4. Define hypothesis and success criteria
RDM_7FF9A4,PRJ_321DD8,2,Design & Procurement,1. Finalize system architecture and block diagram | 2. Prepare Bill of Materials (BoM) | 3. Procure equipment and consumables | 4. Set up experimental workspace and safety protocols
RDM_DE2859,PRJ_321DD8,3,Prototype Development,1. Assemble hardware components | 2. Develop initial firmware/software | 3. Perform bench-level unit tests | 4. Document assembly and calibration procedure
RDM_BFD393,PRJ_321DD8,4,Data Collection,1. Design data collection protocol | 2. Run controlled experiments with replication | 3. Log raw data with timestamps | 4. Perform initial quality check on collected data
RDM_7B39D2,PRJ_321DD8,5,Analysis & Modeling,1. Clean and preprocess collected data | 2. Apply statistical/ML models | 3. Visualize results and generate insights | 4. Conduct sensitivity analysis
RDM_8B1FA3,PRJ_321DD8,6,Validation & Testing,"1. Compare results against baseline or benchmarks | 2. Conduct blind validation experiments | 3. Document accuracy, precision, recall metrics | 4. Identify failure modes and limitations"
RDM_F5B53B,PRJ_321DD8,7,Reporting & Dissemination,"1. Write final project report | 2. Prepare journal/conference manuscript | 3. Create poster or demo presentation | 4. Archive code, data, and documentation on GitHub/Zenodo"
RDM_99D731,PRJ_736AAD,1,Literature Review & Problem Formulation,1. Conduct systematic literature review on topic | 2. Identify research gaps and define problem statement | 3. Prepare literature review document (min 30 papers) | 4. Define hypothesis and success criteria
RDM_938E50,PRJ_736AAD,2,Design & Procurement,1. Finalize system architecture and block diagram | 2. Prepare Bill of Materials (BoM) | 3. Procure equipment and consumables | 4. Set up experimental workspace and safety protocols
RDM_27C4BA,PRJ_736AAD,3,Prototype Development,1. Assemble hardware components | 2. Develop initial firmware/software | 3. Perform bench-level unit tests | 4. Document assembly and calibration procedure
RDM_E07B51,PRJ_736AAD,4,Data Collection,1. Design data collection protocol | 2. Run controlled experiments with replication | 3. Log raw data with timestamps | 4. Perform initial quality check on collected data
RDM_2165BE,PRJ_736AAD,5,Analysis & Modeling,1. Clean and preprocess collected data | 2. Apply statistical/ML models | 3. Visualize results and generate insights | 4. Conduct sensitivity analysis
RDM_F6579D,PRJ_736AAD,6,Validation & Testing,"1. Compare results against baseline or benchmarks | 2. Conduct blind validation experiments | 3. Document accuracy, precision, recall metrics | 4. Identify failure modes and limitations"
RDM_6C693A,PRJ_736AAD,7,Reporting & Dissemination,"1. Write final project report | 2. Prepare journal/conference manuscript | 3. Create poster or demo presentation | 4. Archive code, data, and documentation on GitHub/Zenodo"
RDM_D41C97,PRJ_ADE82E,1,Literature Review & Problem Formulation,1. Conduct systematic literature review on topic | 2. Identify research gaps and define problem statement | 3. Prepare literature review document (min 30 papers) | 4. Define hypothesis and success criteria
RDM_76B280,PRJ_ADE82E,2,Design & Procurement,1. Finalize system architecture and block diagram | 2. Prepare Bill of Materials (BoM) | 3. Procure equipment and consumables | 4. Set up experimental workspace and safety protocols
RDM_0BD78A,PRJ_ADE82E,3,Prototype Development,1. Assemble hardware components | 2. Develop initial firmware/software | 3. Perform bench-level unit tests | 4. Document assembly and calibration procedure
RDM_CDD86B,PRJ_ADE82E,4,Data Collection,1. Design data collection protocol | 2. Run controlled experiments with replication | 3. Log raw data with timestamps | 4. Perform initial quality check on collected data
RDM_A6E370,PRJ_ADE82E,5,Analysis & Modeling,1. Clean and preprocess collected data | 2. Apply statistical/ML models | 3. Visualize results and generate insights | 4. Conduct sensitivity analysis
RDM_342689,PRJ_ADE82E,6,Validation & Testing,"1. Compare results against baseline or benchmarks | 2. Conduct blind validation experiments | 3. Document accuracy, precision, recall metrics | 4. Identify failure modes and limitations"
RDM_E214E1,PRJ_ADE82E,7,Reporting & Dissemination,"1. Write final project report | 2. Prepare journal/conference manuscript | 3. Create poster or demo presentation | 4. Archive code, data, and documentation on GitHub/Zenodo"
RDM_9DFF56,PRJ_6BC139,1,Literature Review & Problem Formulation,1. Conduct systematic literature review on topic | 2. Identify research gaps and define problem statement | 3. Prepare literature review document (min 30 papers) | 4. Define hypothesis and success criteria
RDM_26DB6C,PRJ_6BC139,2,Design & Procurement,1. Finalize system architecture and block diagram | 2. Prepare Bill of Materials (BoM) | 3. Procure equipment and consumables | 4. Set up experimental workspace and safety protocols
RDM_D665CD,PRJ_6BC139,3,Prototype Development,1. Assemble hardware components | 2. Develop initial firmware/software | 3. Perform bench-level unit tests | 4. Document assembly and calibration procedure
RDM_E98A39,PRJ_6BC139,4,Data Collection,1. Design data collection protocol | 2. Run controlled experiments with replication | 3. Log raw data with timestamps | 4. Perform initial quality check on collected data
RDM_CFE349,PRJ_6BC139,5,Analysis & Modeling,1. Clean and preprocess collected data | 2. Apply statistical/ML models | 3. Visualize results and generate insights | 4. Conduct sensitivity analysis
RDM_A7C8DC,PRJ_6BC139,6,Validation & Testing,"1. Compare results against baseline or benchmarks | 2. Conduct blind validation experiments | 3. Document accuracy, precision, recall metrics | 4. Identify failure modes and limitations"
RDM_3A63A0,PRJ_6BC139,7,Reporting & Dissemination,"1. Write final project report | 2. Prepare journal/conference manuscript | 3. Create poster or demo presentation | 4. Archive code, data, and documentation on GitHub/Zenodo"
RDM_B6B17F,PRJ_BBC278,1,Literature Review,1. Perform systematic literature review | 2. Identify experimental and computational components | 3. Define hybrid methodology rationale
RDM_6E412A,PRJ_BBC278,2,Experimental Setup,1. Procure equipment and prepare lab setup | 2. Conduct preliminary experiments | 3. Collect baseline experimental data
RDM_2B886C,PRJ_BBC278,3,Computational Modeling,1. Develop simulation or ML model | 2. Calibrate model with experimental data | 3. Perform virtual parameter sweeps
RDM_8D6899,PRJ_BBC278,4,Integrated Analysis,1. Cross-validate experimental and computational results | 2. Identify discrepancies and perform root-cause analysis | 3. Optimize design based on integrated findings
RDM_39CF3B,PRJ_BBC278,5,Validation,1. Conduct confirmatory experiments | 2. Benchmark against existing literature | 3. Document uncertainty and error bounds
RDM_F3ED96,PRJ_BBC278,6,Reporting,1. Prepare final report combining both methodologies | 2. Submit to conference or journal | 3. Archive all artifacts
RDM_E371B7,PRJ_11033E,1,Literature Review & Problem Formulation,1. Conduct systematic literature review on topic | 2. Identify research gaps and define problem statement | 3. Prepare literature review document (min 30 papers) | 4. Define hypothesis and success criteria
RDM_6DE894,PRJ_11033E,2,Design & Procurement,1. Finalize system architecture and block diagram | 2. Prepare Bill of Materials (BoM) | 3. Procure equipment and consumables | 4. Set up experimental workspace and safety protocols
RDM_7969B7,PRJ_11033E,3,Prototype Development,1. Assemble hardware components | 2. Develop initial firmware/software | 3. Perform bench-level unit tests | 4. Document assembly and calibration procedure
RDM_72A760,PRJ_11033E,4,Data Collection,1. Design data collection protocol | 2. Run controlled experiments with replication | 3. Log raw data with timestamps | 4. Perform initial quality check on collected data
RDM_8C52DB,PRJ_11033E,5,Analysis & Modeling,1. Clean and preprocess collected data | 2. Apply statistical/ML models | 3. Visualize results and generate insights | 4. Conduct sensitivity analysis
RDM_BD36E3,PRJ_11033E,6,Validation & Testing,"1. Compare results against baseline or benchmarks | 2. Conduct blind validation experiments | 3. Document accuracy, precision, recall metrics | 4. Identify failure modes and limitations"
RDM_A1F8A8,PRJ_11033E,7,Reporting & Dissemination,"1. Write final project report | 2. Prepare journal/conference manuscript | 3. Create poster or demo presentation | 4. Archive code, data, and documentation on GitHub/Zenodo"
RDM_FFF524,PRJ_24F16B,1,Literature Review & Problem Formulation,1. Conduct systematic literature review on topic | 2. Identify research gaps and define problem statement | 3. Prepare literature review document (min 30 papers) | 4. Define hypothesis and success criteria
RDM_B4E85E,PRJ_24F16B,2,Design & Procurement,1. Finalize system architecture and block diagram | 2. Prepare Bill of Materials (BoM) | 3. Procure equipment and consumables | 4. Set up experimental workspace and safety protocols
RDM_E6F498,PRJ_24F16B,3,Prototype Development,1. Assemble hardware components | 2. Develop initial firmware/software | 3. Perform bench-level unit tests | 4. Document assembly and calibration procedure
RDM_ADB0A9,PRJ_24F16B,4,Data Collection,1. Design data collection protocol | 2. Run controlled experiments with replication | 3. Log raw data with timestamps | 4. Perform initial quality check on collected data
RDM_07596C,PRJ_24F16B,5,Analysis & Modeling,1. Clean and preprocess collected data | 2. Apply statistical/ML models | 3. Visualize results and generate insights | 4. Conduct sensitivity analysis
RDM_B82E0C,PRJ_24F16B,6,Validation & Testing,"1. Compare results against baseline or benchmarks | 2. Conduct blind validation experiments | 3. Document accuracy, precision, recall metrics | 4. Identify failure modes and limitations"
RDM_863EB2,PRJ_24F16B,7,Reporting & Dissemination,"1. Write final project report | 2. Prepare journal/conference manuscript | 3. Create poster or demo presentation | 4. Archive code, data, and documentation on GitHub/Zenodo"
RDM_536053,PRJ_FC0201,1,Literature Review & Problem Formulation,1. Conduct systematic literature review on topic | 2. Identify research gaps and define problem statement | 3. Prepare literature review document (min 30 papers) | 4. Define hypothesis and success criteria
RDM_2E8B6D,PRJ_FC0201,2,Design & Procurement,1. Finalize system architecture and block diagram | 2. Prepare Bill of Materials (BoM) | 3. Procure equipment and consumables | 4. Set up experimental workspace and safety protocols
RDM_4971FC,PRJ_FC0201,3,Prototype Development,1. Assemble hardware components | 2. Develop initial firmware/software | 3. Perform bench-level unit tests | 4. Document assembly and calibration procedure
RDM_A7AE23,PRJ_FC0201,4,Data Collection,1. Design data collection protocol | 2. Run controlled experiments with replication | 3. Log raw data with timestamps | 4. Perform initial quality check on collected data
RDM_16606D,PRJ_FC0201,5,Analysis & Modeling,1. Clean and preprocess collected data | 2. Apply statistical/ML models | 3. Visualize results and generate insights | 4. Conduct sensitivity analysis
RDM_EB01E1,PRJ_FC0201,6,Validation & Testing,"1. Compare results against baseline or benchmarks | 2. Conduct blind validation experiments | 3. Document accuracy, precision, recall metrics | 4. Identify failure modes and limitations"
RDM_3D9AE1,PRJ_FC0201,7,Reporting & Dissemination,"1. Write final project report | 2. Prepare journal/conference manuscript | 3. Create poster or demo presentation | 4. Archive code, data, and documentation on GitHub/Zenodo"
RDM_0C809E,PRJ_0582A5,1,Literature Review & Problem Formulation,1. Conduct systematic literature review on topic | 2. Identify research gaps and define problem statement | 3. Prepare literature review document (min 30 papers) | 4. Define hypothesis and success criteria
RDM_3721A2,PRJ_0582A5,2,Design & Procurement,1. Finalize system architecture and block diagram | 2. Prepare Bill of Materials (BoM) | 3. Procure equipment and consumables | 4. Set up experimental workspace and safety protocols
RDM_10F761,PRJ_0582A5,3,Prototype Development,1. Assemble hardware components | 2. Develop initial firmware/software | 3. Perform bench-level unit tests | 4. Document assembly and calibration procedure
RDM_4CD8BF,PRJ_0582A5,4,Data Collection,1. Design data collection protocol | 2. Run controlled experiments with replication | 3. Log raw data with timestamps | 4. Perform initial quality check on collected data
RDM_9EE5CC,PRJ_0582A5,5,Analysis & Modeling,1. Clean and preprocess collected data | 2. Apply statistical/ML models | 3. Visualize results and generate insights | 4. Conduct sensitivity analysis
RDM_69B7FC,PRJ_0582A5,6,Validation & Testing,"1. Compare results against baseline or benchmarks | 2. Conduct blind validation experiments | 3. Document accuracy, precision, recall metrics | 4. Identify failure modes and limitations"
RDM_DC979E,PRJ_0582A5,7,Reporting & Dissemination,"1. Write final project report | 2. Prepare journal/conference manuscript | 3. Create poster or demo presentation | 4. Archive code, data, and documentation on GitHub/Zenodo"
RDM_B13757,PRJ_2D7181,1,Literature Review,1. Perform systematic literature review | 2. Identify experimental and computational components | 3. Define hybrid methodology rationale
RDM_BB5338,PRJ_2D7181,2,Experimental Setup,1. Procure equipment and prepare lab setup | 2. Conduct preliminary experiments | 3. Collect baseline experimental data
RDM_7A8FDC,PRJ_2D7181,3,Computational Modeling,1. Develop simulation or ML model | 2. Calibrate model with experimental data | 3. Perform virtual parameter sweeps
RDM_FFFED6,PRJ_2D7181,4,Integrated Analysis,1. Cross-validate experimental and computational results | 2. Identify discrepancies and perform root-cause analysis | 3. Optimize design based on integrated findings
RDM_18C1AE,PRJ_2D7181,5,Validation,1. Conduct confirmatory experiments | 2. Benchmark against existing literature | 3. Document uncertainty and error bounds
RDM_C5F123,PRJ_2D7181,6,Reporting,1. Prepare final report combining both methodologies | 2. Submit to conference or journal | 3. Archive all artifacts
RDM_23C369,PRJ_244E3B,1,Literature Review,1. Perform systematic literature review | 2. Identify experimental and computational components | 3. Define hybrid methodology rationale
RDM_766574,PRJ_244E3B,2,Experimental Setup,1. Procure equipment and prepare lab setup | 2. Conduct preliminary experiments | 3. Collect baseline experimental data
RDM_9EA2BF,PRJ_244E3B,3,Computational Modeling,1. Develop simulation or ML model | 2. Calibrate model with experimental data | 3. Perform virtual parameter sweeps
RDM_FB4813,PRJ_244E3B,4,Integrated Analysis,1. Cross-validate experimental and computational results | 2. Identify discrepancies and perform root-cause analysis | 3. Optimize design based on integrated findings
RDM_4FBC6A,PRJ_244E3B,5,Validation,1. Conduct confirmatory experiments | 2. Benchmark against existing literature | 3. Document uncertainty and error bounds
RDM_58A1E3,PRJ_244E3B,6,Reporting,1. Prepare final report combining both methodologies | 2. Submit to conference or journal | 3. Archive all artifacts
RDM_EC83D9,PRJ_1A2C1D,1,Literature Review,1. Perform systematic literature review | 2. Identify experimental and computational components | 3. Define hybrid methodology rationale
RDM_8C8A02,PRJ_1A2C1D,2,Experimental Setup,1. Procure equipment and prepare lab setup | 2. Conduct preliminary experiments | 3. Collect baseline experimental data
RDM_C389D4,PRJ_1A2C1D,3,Computational Modeling,1. Develop simulation or ML model | 2. Calibrate model with experimental data | 3. Perform virtual parameter sweeps
RDM_781E27,PRJ_1A2C1D,4,Integrated Analysis,1. Cross-validate experimental and computational results | 2. Identify discrepancies and perform root-cause analysis | 3. Optimize design based on integrated findings
RDM_53ED30,PRJ_1A2C1D,5,Validation,1. Conduct confirmatory experiments | 2. Benchmark against existing literature | 3. Document uncertainty and error bounds
RDM_75A3CC,PRJ_1A2C1D,6,Reporting,1. Prepare final report combining both methodologies | 2. Submit to conference or journal | 3. Archive all artifacts
RDM_F33889,PRJ_EF2A7F,1,Literature Review,1. Perform systematic literature review | 2. Identify experimental and computational components | 3. Define hybrid methodology rationale
RDM_05E73B,PRJ_EF2A7F,2,Experimental Setup,1. Procure equipment and prepare lab setup | 2. Conduct preliminary experiments | 3. Collect baseline experimental data
RDM_3EB6FA,PRJ_EF2A7F,3,Computational Modeling,1. Develop simulation or ML model | 2. Calibrate model with experimental data | 3. Perform virtual parameter sweeps
RDM_1A21B1,PRJ_EF2A7F,4,Integrated Analysis,1. Cross-validate experimental and computational results | 2. Identify discrepancies and perform root-cause analysis | 3. Optimize design based on integrated findings
RDM_A81896,PRJ_EF2A7F,5,Validation,1. Conduct confirmatory experiments | 2. Benchmark against existing literature | 3. Document uncertainty and error bounds
RDM_4E534B,PRJ_EF2A7F,6,Reporting,1. Prepare final report combining both methodologies | 2. Submit to conference or journal | 3. Archive all artifacts
RDM_632C04,PRJ_683B6D,1,Literature Review,1. Perform systematic literature review | 2. Identify experimental and computational components | 3. Define hybrid methodology rationale
RDM_259E30,PRJ_683B6D,2,Experimental Setup,1. Procure equipment and prepare lab setup | 2. Conduct preliminary experiments | 3. Collect baseline experimental data
RDM_B61DA5,PRJ_683B6D,3,Computational Modeling,1. Develop simulation or ML model | 2. Calibrate model with experimental data | 3. Perform virtual parameter sweeps
RDM_87BFA0,PRJ_683B6D,4,Integrated Analysis,1. Cross-validate experimental and computational results | 2. Identify discrepancies and perform root-cause analysis | 3. Optimize design based on integrated findings
RDM_4A6055,PRJ_683B6D,5,Validation,1. Conduct confirmatory experiments | 2. Benchmark against existing literature | 3. Document uncertainty and error bounds
RDM_09AC59,PRJ_683B6D,6,Reporting,1. Prepare final report combining both methodologies | 2. Submit to conference or journal | 3. Archive all artifacts
RDM_8ED7B4,PRJ_E52137,1,Literature Review,1. Perform systematic literature review | 2. Identify experimental and computational components | 3. Define hybrid methodology rationale
RDM_FC1987,PRJ_E52137,2,Experimental Setup,1. Procure equipment and prepare lab setup | 2. Conduct preliminary experiments | 3. Collect baseline experimental data
RDM_6CE1D1,PRJ_E52137,3,Computational Modeling,1. Develop simulation or ML model | 2. Calibrate model with experimental data | 3. Perform virtual parameter sweeps
RDM_45CB17,PRJ_E52137,4,Integrated Analysis,1. Cross-validate experimental and computational results | 2. Identify discrepancies and perform root-cause analysis | 3. Optimize design based on integrated findings
RDM_93980A,PRJ_E52137,5,Validation,1. Conduct confirmatory experiments | 2. Benchmark against existing literature | 3. Document uncertainty and error bounds
RDM_021957,PRJ_E52137,6,Reporting,1. Prepare final report combining both methodologies | 2. Submit to conference or journal | 3. Archive all artifacts
RDM_7C75BD,PRJ_99D36F,1,Literature Review,1. Perform systematic literature review | 2. Identify experimental and computational components | 3. Define hybrid methodology rationale
RDM_AF1F23,PRJ_99D36F,2,Experimental Setup,1. Procure equipment and prepare lab setup | 2. Conduct preliminary experiments | 3. Collect baseline experimental data
RDM_5F0201,PRJ_99D36F,3,Computational Modeling,1. Develop simulation or ML model | 2. Calibrate model with experimental data | 3. Perform virtual parameter sweeps
RDM_D5EFF0,PRJ_99D36F,4,Integrated Analysis,1. Cross-validate experimental and computational results | 2. Identify discrepancies and perform root-cause analysis | 3. Optimize design based on integrated findings
RDM_DE6FBD,PRJ_99D36F,5,Validation,1. Conduct confirmatory experiments | 2. Benchmark against existing literature | 3. Document uncertainty and error bounds
RDM_C2AA80,PRJ_99D36F,6,Reporting,1. Prepare final report combining both methodologies | 2. Submit to conference or journal | 3. Archive all artifacts
RDM_54AF12,PRJ_DCAC66,1,Literature Review & Problem Formulation,1. Conduct systematic literature review on topic | 2. Identify research gaps and define problem statement | 3. Prepare literature review document (min 30 papers) | 4. Define hypothesis and success criteria
RDM_3EC3CF,PRJ_DCAC66,2,Design & Procurement,1. Finalize system architecture and block diagram | 2. Prepare Bill of Materials (BoM) | 3. Procure equipment and consumables | 4. Set up experimental workspace and safety protocols
RDM_1DC5D4,PRJ_DCAC66,3,Prototype Development,1. Assemble hardware components | 2. Develop initial firmware/software | 3. Perform bench-level unit tests | 4. Document assembly and calibration procedure
RDM_D622B7,PRJ_DCAC66,4,Data Collection,1. Design data collection protocol | 2. Run controlled experiments with replication | 3. Log raw data with timestamps | 4. Perform initial quality check on collected data
RDM_520BF0,PRJ_DCAC66,5,Analysis & Modeling,1. Clean and preprocess collected data | 2. Apply statistical/ML models | 3. Visualize results and generate insights | 4. Conduct sensitivity analysis
RDM_A3B05C,PRJ_DCAC66,6,Validation & Testing,"1. Compare results against baseline or benchmarks | 2. Conduct blind validation experiments | 3. Document accuracy, precision, recall metrics | 4. Identify failure modes and limitations"
RDM_CA5401,PRJ_DCAC66,7,Reporting & Dissemination,"1. Write final project report | 2. Prepare journal/conference manuscript | 3. Create poster or demo presentation | 4. Archive code, data, and documentation on GitHub/Zenodo"
RDM_137141,PRJ_40E804,1,Literature Review & Problem Formulation,1. Conduct systematic literature review on topic | 2. Identify research gaps and define problem statement | 3. Prepare literature review document (min 30 papers) | 4. Define hypothesis and success criteria
RDM_EF97FF,PRJ_40E804,2,Design & Procurement,1. Finalize system architecture and block diagram | 2. Prepare Bill of Materials (BoM) | 3. Procure equipment and consumables | 4. Set up experimental workspace and safety protocols
RDM_572190,PRJ_40E804,3,Prototype Development,1. Assemble hardware components | 2. Develop initial firmware/software | 3. Perform bench-level unit tests | 4. Document assembly and calibration procedure
RDM_7CC29C,PRJ_40E804,4,Data Collection,1. Design data collection protocol | 2. Run controlled experiments with replication | 3. Log raw data with timestamps | 4. Perform initial quality check on collected data
RDM_A55D71,PRJ_40E804,5,Analysis & Modeling,1. Clean and preprocess collected data | 2. Apply statistical/ML models | 3. Visualize results and generate insights | 4. Conduct sensitivity analysis
RDM_EC2E6C,PRJ_40E804,6,Validation & Testing,"1. Compare results against baseline or benchmarks | 2. Conduct blind validation experiments | 3. Document accuracy, precision, recall metrics | 4. Identify failure modes and limitations"
RDM_A8565C,PRJ_40E804,7,Reporting & Dissemination,"1. Write final project report | 2. Prepare journal/conference manuscript | 3. Create poster or demo presentation | 4. Archive code, data, and documentation on GitHub/Zenodo"
RDM_8A852A,PRJ_D88EFE,1,Literature Review & Problem Formulation,1. Conduct systematic literature review on topic | 2. Identify research gaps and define problem statement | 3. Prepare literature review document (min 30 papers) | 4. Define hypothesis and success criteria
RDM_DCBD39,PRJ_D88EFE,2,Design & Procurement,1. Finalize system architecture and block diagram | 2. Prepare Bill of Materials (BoM) | 3. Procure equipment and consumables | 4. Set up experimental workspace and safety protocols
RDM_A5348A,PRJ_D88EFE,3,Prototype Development,1. Assemble hardware components | 2. Develop initial firmware/software | 3. Perform bench-level unit tests | 4. Document assembly and calibration procedure
RDM_86FCD0,PRJ_D88EFE,4,Data Collection,1. Design data collection protocol | 2. Run controlled experiments with replication | 3. Log raw data with timestamps | 4. Perform initial quality check on collected data
RDM_FEED3D,PRJ_D88EFE,5,Analysis & Modeling,1. Clean and preprocess collected data | 2. Apply statistical/ML models | 3. Visualize results and generate insights | 4. Conduct sensitivity analysis
RDM_763138,PRJ_D88EFE,6,Validation & Testing,"1. Compare results against baseline or benchmarks | 2. Conduct blind validation experiments | 3. Document accuracy, precision, recall metrics | 4. Identify failure modes and limitations"
RDM_A63E59,PRJ_D88EFE,7,Reporting & Dissemination,"1. Write final project report | 2. Prepare journal/conference manuscript | 3. Create poster or demo presentation | 4. Archive code, data, and documentation on GitHub/Zenodo"
RDM_5A7423,PRJ_3CD105,1,Literature Review,1. Perform systematic literature review | 2. Identify experimental and computational components | 3. Define hybrid methodology rationale
RDM_8BFC1C,PRJ_3CD105,2,Experimental Setup,1. Procure equipment and prepare lab setup | 2. Conduct preliminary experiments | 3. Collect baseline experimental data
RDM_8221EB,PRJ_3CD105,3,Computational Modeling,1. Develop simulation or ML model | 2. Calibrate model with experimental data | 3. Perform virtual parameter sweeps
RDM_1C6AFA,PRJ_3CD105,4,Integrated Analysis,1. Cross-validate experimental and computational results | 2. Identify discrepancies and perform root-cause analysis | 3. Optimize design based on integrated findings
RDM_493D4F,PRJ_3CD105,5,Validation,1. Conduct confirmatory experiments | 2. Benchmark against existing literature | 3. Document uncertainty and error bounds
RDM_6D4F80,PRJ_3CD105,6,Reporting,1. Prepare final report combining both methodologies | 2. Submit to conference or journal | 3. Archive all artifacts
RDM_CEF7E3,PRJ_719E07,1,Literature Review & Problem Formulation,1. Conduct systematic literature review on topic | 2. Identify research gaps and define problem statement | 3. Prepare literature review document (min 30 papers) | 4. Define hypothesis and success criteria
RDM_C12FE5,PRJ_719E07,2,Design & Procurement,1. Finalize system architecture and block diagram | 2. Prepare Bill of Materials (BoM) | 3. Procure equipment and consumables | 4. Set up experimental workspace and safety protocols
RDM_39C00B,PRJ_719E07,3,Prototype Development,1. Assemble hardware components | 2. Develop initial firmware/software | 3. Perform bench-level unit tests | 4. Document assembly and calibration procedure
RDM_FAB4CC,PRJ_719E07,4,Data Collection,1. Design data collection protocol | 2. Run controlled experiments with replication | 3. Log raw data with timestamps | 4. Perform initial quality check on collected data
RDM_C7EB75,PRJ_719E07,5,Analysis & Modeling,1. Clean and preprocess collected data | 2. Apply statistical/ML models | 3. Visualize results and generate insights | 4. Conduct sensitivity analysis
RDM_39E7E3,PRJ_719E07,6,Validation & Testing,"1. Compare results against baseline or benchmarks | 2. Conduct blind validation experiments | 3. Document accuracy, precision, recall metrics | 4. Identify failure modes and limitations"
RDM_F018C9,PRJ_719E07,7,Reporting & Dissemination,"1. Write final project report | 2. Prepare journal/conference manuscript | 3. Create poster or demo presentation | 4. Archive code, data, and documentation on GitHub/Zenodo"
RDM_D9EAB6,PRJ_D5395E,1,Literature Review & Problem Formulation,1. Conduct systematic literature review on topic | 2. Identify research gaps and define problem statement | 3. Prepare literature review document (min 30 papers) | 4. Define hypothesis and success criteria
RDM_FDDAF8,PRJ_D5395E,2,Design & Procurement,1. Finalize system architecture and block diagram | 2. Prepare Bill of Materials (BoM) | 3. Procure equipment and consumables | 4. Set up experimental workspace and safety protocols
RDM_32F5DA,PRJ_D5395E,3,Prototype Development,1. Assemble hardware components | 2. Develop initial firmware/software | 3. Perform bench-level unit tests | 4. Document assembly and calibration procedure
RDM_3B5B07,PRJ_D5395E,4,Data Collection,1. Design data collection protocol | 2. Run controlled experiments with replication | 3. Log raw data with timestamps | 4. Perform initial quality check on collected data
RDM_1BA49A,PRJ_D5395E,5,Analysis & Modeling,1. Clean and preprocess collected data | 2. Apply statistical/ML models | 3. Visualize results and generate insights | 4. Conduct sensitivity analysis
RDM_9E3CEE,PRJ_D5395E,6,Validation & Testing,"1. Compare results against baseline or benchmarks | 2. Conduct blind validation experiments | 3. Document accuracy, precision, recall metrics | 4. Identify failure modes and limitations"
RDM_AE4AF4,PRJ_D5395E,7,Reporting & Dissemination,"1. Write final project report | 2. Prepare journal/conference manuscript | 3. Create poster or demo presentation | 4. Archive code, data, and documentation on GitHub/Zenodo"
RDM_D7DDA4,PRJ_849D5F,1,Literature Review & Problem Formulation,1. Conduct systematic literature review on topic | 2. Identify research gaps and define problem statement | 3. Prepare literature review document (min 30 papers) | 4. Define hypothesis and success criteria
RDM_33B0FC,PRJ_849D5F,2,Design & Procurement,1. Finalize system architecture and block diagram | 2. Prepare Bill of Materials (BoM) | 3. Procure equipment and consumables | 4. Set up experimental workspace and safety protocols
RDM_3AFDD5,PRJ_849D5F,3,Prototype Development,1. Assemble hardware components | 2. Develop initial firmware/software | 3. Perform bench-level unit tests | 4. Document assembly and calibration procedure
RDM_AE506D,PRJ_849D5F,4,Data Collection,1. Design data collection protocol | 2. Run controlled experiments with replication | 3. Log raw data with timestamps | 4. Perform initial quality check on collected data
RDM_552F53,PRJ_849D5F,5,Analysis & Modeling,1. Clean and preprocess collected data | 2. Apply statistical/ML models | 3. Visualize results and generate insights | 4. Conduct sensitivity analysis
RDM_90C0EF,PRJ_849D5F,6,Validation & Testing,"1. Compare results against baseline or benchmarks | 2. Conduct blind validation experiments | 3. Document accuracy, precision, recall metrics | 4. Identify failure modes and limitations"
RDM_B99933,PRJ_849D5F,7,Reporting & Dissemination,"1. Write final project report | 2. Prepare journal/conference manuscript | 3. Create poster or demo presentation | 4. Archive code, data, and documentation on GitHub/Zenodo"
RDM_29BE2D,PRJ_E686C6,1,Literature Review & Problem Formulation,1. Conduct systematic literature review on topic | 2. Identify research gaps and define problem statement | 3. Prepare literature review document (min 30 papers) | 4. Define hypothesis and success criteria
RDM_52F82B,PRJ_E686C6,2,Design & Procurement,1. Finalize system architecture and block diagram | 2. Prepare Bill of Materials (BoM) | 3. Procure equipment and consumables | 4. Set up experimental workspace and safety protocols
RDM_9B3B24,PRJ_E686C6,3,Prototype Development,1. Assemble hardware components | 2. Develop initial firmware/software | 3. Perform bench-level unit tests | 4. Document assembly and calibration procedure
RDM_89BF95,PRJ_E686C6,4,Data Collection,1. Design data collection protocol | 2. Run controlled experiments with replication | 3. Log raw data with timestamps | 4. Perform initial quality check on collected data
RDM_048E32,PRJ_E686C6,5,Analysis & Modeling,1. Clean and preprocess collected data | 2. Apply statistical/ML models | 3. Visualize results and generate insights | 4. Conduct sensitivity analysis
RDM_8D8FF3,PRJ_E686C6,6,Validation & Testing,"1. Compare results against baseline or benchmarks | 2. Conduct blind validation experiments | 3. Document accuracy, precision, recall metrics | 4. Identify failure modes and limitations"
RDM_76D536,PRJ_E686C6,7,Reporting & Dissemination,"1. Write final project report | 2. Prepare journal/conference manuscript | 3. Create poster or demo presentation | 4. Archive code, data, and documentation on GitHub/Zenodo"
RDM_915492,PRJ_E470B7,1,Literature Review,1. Perform systematic literature review | 2. Identify experimental and computational components | 3. Define hybrid methodology rationale
RDM_4D99CD,PRJ_E470B7,2,Experimental Setup,1. Procure equipment and prepare lab setup | 2. Conduct preliminary experiments | 3. Collect baseline experimental data
RDM_365F23,PRJ_E470B7,3,Computational Modeling,1. Develop simulation or ML model | 2. Calibrate model with experimental data | 3. Perform virtual parameter sweeps
RDM_65C12A,PRJ_E470B7,4,Integrated Analysis,1. Cross-validate experimental and computational results | 2. Identify discrepancies and perform root-cause analysis | 3. Optimize design based on integrated findings
RDM_A4D75F,PRJ_E470B7,5,Validation,1. Conduct confirmatory experiments | 2. Benchmark against existing literature | 3. Document uncertainty and error bounds
RDM_ED91AB,PRJ_E470B7,6,Reporting,1. Prepare final report combining both methodologies | 2. Submit to conference or journal | 3. Archive all artifacts
RDM_239CB8,PRJ_1F8D82,1,Literature Review,1. Perform systematic literature review | 2. Identify experimental and computational components | 3. Define hybrid methodology rationale
RDM_39D7A3,PRJ_1F8D82,2,Experimental Setup,1. Procure equipment and prepare lab setup | 2. Conduct preliminary experiments | 3. Collect baseline experimental data
RDM_149D38,PRJ_1F8D82,3,Computational Modeling,1. Develop simulation or ML model | 2. Calibrate model with experimental data | 3. Perform virtual parameter sweeps
RDM_7F1141,PRJ_1F8D82,4,Integrated Analysis,1. Cross-validate experimental and computational results | 2. Identify discrepancies and perform root-cause analysis | 3. Optimize design based on integrated findings
RDM_2476F3,PRJ_1F8D82,5,Validation,1. Conduct confirmatory experiments | 2. Benchmark against existing literature | 3. Document uncertainty and error bounds
RDM_C4EC39,PRJ_1F8D82,6,Reporting,1. Prepare final report combining both methodologies | 2. Submit to conference or journal | 3. Archive all artifacts
RDM_AA3FB9,PRJ_CD32E6,1,Literature Review,1. Perform systematic literature review | 2. Identify experimental and computational components | 3. Define hybrid methodology rationale
RDM_534C0E,PRJ_CD32E6,2,Experimental Setup,1. Procure equipment and prepare lab setup | 2. Conduct preliminary experiments | 3. Collect baseline experimental data
RDM_7092A9,PRJ_CD32E6,3,Computational Modeling,1. Develop simulation or ML model | 2. Calibrate model with experimental data | 3. Perform virtual parameter sweeps
RDM_6EE8C7,PRJ_CD32E6,4,Integrated Analysis,1. Cross-validate experimental and computational results | 2. Identify discrepancies and perform root-cause analysis | 3. Optimize design based on integrated findings
RDM_50EC74,PRJ_CD32E6,5,Validation,1. Conduct confirmatory experiments | 2. Benchmark against existing literature | 3. Document uncertainty and error bounds
RDM_06183C,PRJ_CD32E6,6,Reporting,1. Prepare final report combining both methodologies | 2. Submit to conference or journal | 3. Archive all artifacts
RDM_A37162,PRJ_325C75,1,Literature Review,1. Perform systematic literature review | 2. Identify experimental and computational components | 3. Define hybrid methodology rationale
RDM_B24CD1,PRJ_325C75,2,Experimental Setup,1. Procure equipment and prepare lab setup | 2. Conduct preliminary experiments | 3. Collect baseline experimental data
RDM_1AD46B,PRJ_325C75,3,Computational Modeling,1. Develop simulation or ML model | 2. Calibrate model with experimental data | 3. Perform virtual parameter sweeps
RDM_00438C,PRJ_325C75,4,Integrated Analysis,1. Cross-validate experimental and computational results | 2. Identify discrepancies and perform root-cause analysis | 3. Optimize design based on integrated findings
RDM_D105B2,PRJ_325C75,5,Validation,1. Conduct confirmatory experiments | 2. Benchmark against existing literature | 3. Document uncertainty and error bounds
RDM_D3266C,PRJ_325C75,6,Reporting,1. Prepare final report combining both methodologies | 2. Submit to conference or journal | 3. Archive all artifacts
RDM_1EA3AF,PRJ_C45F43,1,Literature Review,1. Perform systematic literature review | 2. Identify experimental and computational components | 3. Define hybrid methodology rationale
RDM_009EC9,PRJ_C45F43,2,Experimental Setup,1. Procure equipment and prepare lab setup | 2. Conduct preliminary experiments | 3. Collect baseline experimental data
RDM_30A190,PRJ_C45F43,3,Computational Modeling,1. Develop simulation or ML model | 2. Calibrate model with experimental data | 3. Perform virtual parameter sweeps
RDM_B4E7AB,PRJ_C45F43,4,Integrated Analysis,1. Cross-validate experimental and computational results | 2. Identify discrepancies and perform root-cause analysis | 3. Optimize design based on integrated findings
RDM_C735F6,PRJ_C45F43,5,Validation,1. Conduct confirmatory experiments | 2. Benchmark against existing literature | 3. Document uncertainty and error bounds
RDM_A1F92C,PRJ_C45F43,6,Reporting,1. Prepare final report combining both methodologies | 2. Submit to conference or journal | 3. Archive all artifacts
RDM_9276C6,PRJ_8EA481,1,Literature Review,1. Perform systematic literature review | 2. Identify experimental and computational components | 3. Define hybrid methodology rationale
RDM_A2A37B,PRJ_8EA481,2,Experimental Setup,1. Procure equipment and prepare lab setup | 2. Conduct preliminary experiments | 3. Collect baseline experimental data
RDM_EBBB1B,PRJ_8EA481,3,Computational Modeling,1. Develop simulation or ML model | 2. Calibrate model with experimental data | 3. Perform virtual parameter sweeps
RDM_FF6A2C,PRJ_8EA481,4,Integrated Analysis,1. Cross-validate experimental and computational results | 2. Identify discrepancies and perform root-cause analysis | 3. Optimize design based on integrated findings
RDM_4B57BB,PRJ_8EA481,5,Validation,1. Conduct confirmatory experiments | 2. Benchmark against existing literature | 3. Document uncertainty and error bounds
RDM_5F2EE2,PRJ_8EA481,6,Reporting,1. Prepare final report combining both methodologies | 2. Submit to conference or journal | 3. Archive all artifacts
RDM_3EDAC5,PRJ_FA74F7,1,Literature Review & Problem Formulation,1. Conduct systematic literature review on topic | 2. Identify research gaps and define problem statement | 3. Prepare literature review document (min 30 papers) | 4. Define hypothesis and success criteria
RDM_6ACABE,PRJ_FA74F7,2,Design & Procurement,1. Finalize system architecture and block diagram | 2. Prepare Bill of Materials (BoM) | 3. Procure equipment and consumables | 4. Set up experimental workspace and safety protocols
RDM_AD498A,PRJ_FA74F7,3,Prototype Development,1. Assemble hardware components | 2. Develop initial firmware/software | 3. Perform bench-level unit tests | 4. Document assembly and calibration procedure
RDM_35607D,PRJ_FA74F7,4,Data Collection,1. Design data collection protocol | 2. Run controlled experiments with replication | 3. Log raw data with timestamps | 4. Perform initial quality check on collected data
RDM_56ABEC,PRJ_FA74F7,5,Analysis & Modeling,1. Clean and preprocess collected data | 2. Apply statistical/ML models | 3. Visualize results and generate insights | 4. Conduct sensitivity analysis
RDM_98FE0E,PRJ_FA74F7,6,Validation & Testing,"1. Compare results against baseline or benchmarks | 2. Conduct blind validation experiments | 3. Document accuracy, precision, recall metrics | 4. Identify failure modes and limitations"
RDM_5652BD,PRJ_FA74F7,7,Reporting & Dissemination,"1. Write final project report | 2. Prepare journal/conference manuscript | 3. Create poster or demo presentation | 4. Archive code, data, and documentation on GitHub/Zenodo"
RDM_C73E72,PRJ_3B3F48,1,Literature Review,1. Perform systematic literature review | 2. Identify experimental and computational components | 3. Define hybrid methodology rationale
RDM_088B06,PRJ_3B3F48,2,Experimental Setup,1. Procure equipment and prepare lab setup | 2. Conduct preliminary experiments | 3. Collect baseline experimental data
RDM_382E70,PRJ_3B3F48,3,Computational Modeling,1. Develop simulation or ML model | 2. Calibrate model with experimental data | 3. Perform virtual parameter sweeps
RDM_8AD16E,PRJ_3B3F48,4,Integrated Analysis,1. Cross-validate experimental and computational results | 2. Identify discrepancies and perform root-cause analysis | 3. Optimize design based on integrated findings
RDM_8777C3,PRJ_3B3F48,5,Validation,1. Conduct confirmatory experiments | 2. Benchmark against existing literature | 3. Document uncertainty and error bounds
RDM_7E2178,PRJ_3B3F48,6,Reporting,1. Prepare final report combining both methodologies | 2. Submit to conference or journal | 3. Archive all artifacts
RDM_C63D99,PRJ_DD24C4,1,Literature Review,1. Perform systematic literature review | 2. Identify experimental and computational components | 3. Define hybrid methodology rationale
RDM_1A58F9,PRJ_DD24C4,2,Experimental Setup,1. Procure equipment and prepare lab setup | 2. Conduct preliminary experiments | 3. Collect baseline experimental data
RDM_D0ABB6,PRJ_DD24C4,3,Computational Modeling,1. Develop simulation or ML model | 2. Calibrate model with experimental data | 3. Perform virtual parameter sweeps
RDM_86A340,PRJ_DD24C4,4,Integrated Analysis,1. Cross-validate experimental and computational results | 2. Identify discrepancies and perform root-cause analysis | 3. Optimize design based on integrated findings
RDM_0A93B5,PRJ_DD24C4,5,Validation,1. Conduct confirmatory experiments | 2. Benchmark against existing literature | 3. Document uncertainty and error bounds
RDM_159FD8,PRJ_DD24C4,6,Reporting,1. Prepare final report combining both methodologies | 2. Submit to conference or journal | 3. Archive all artifacts
RDM_D25528,PRJ_154394,1,Literature Review & Problem Formulation,1. Conduct systematic literature review on topic | 2. Identify research gaps and define problem statement | 3. Prepare literature review document (min 30 papers) | 4. Define hypothesis and success criteria
RDM_CCB418,PRJ_154394,2,Design & Procurement,1. Finalize system architecture and block diagram | 2. Prepare Bill of Materials (BoM) | 3. Procure equipment and consumables | 4. Set up experimental workspace and safety protocols
RDM_9B739F,PRJ_154394,3,Prototype Development,1. Assemble hardware components | 2. Develop initial firmware/software | 3. Perform bench-level unit tests | 4. Document assembly and calibration procedure
RDM_60D604,PRJ_154394,4,Data Collection,1. Design data collection protocol | 2. Run controlled experiments with replication | 3. Log raw data with timestamps | 4. Perform initial quality check on collected data
RDM_40A627,PRJ_154394,5,Analysis & Modeling,1. Clean and preprocess collected data | 2. Apply statistical/ML models | 3. Visualize results and generate insights | 4. Conduct sensitivity analysis
RDM_7EF872,PRJ_154394,6,Validation & Testing,"1. Compare results against baseline or benchmarks | 2. Conduct blind validation experiments | 3. Document accuracy, precision, recall metrics | 4. Identify failure modes and limitations"
RDM_564601,PRJ_154394,7,Reporting & Dissemination,"1. Write final project report | 2. Prepare journal/conference manuscript | 3. Create poster or demo presentation | 4. Archive code, data, and documentation on GitHub/Zenodo"
RDM_1F2129,PRJ_9EC67E,1,Literature Review & Problem Formulation,1. Conduct systematic literature review on topic | 2. Identify research gaps and define problem statement | 3. Prepare literature review document (min 30 papers) | 4. Define hypothesis and success criteria
RDM_A366DB,PRJ_9EC67E,2,Design & Procurement,1. Finalize system architecture and block diagram | 2. Prepare Bill of Materials (BoM) | 3. Procure equipment and consumables | 4. Set up experimental workspace and safety protocols
RDM_ED34B9,PRJ_9EC67E,3,Prototype Development,1. Assemble hardware components | 2. Develop initial firmware/software | 3. Perform bench-level unit tests | 4. Document assembly and calibration procedure
RDM_958EA3,PRJ_9EC67E,4,Data Collection,1. Design data collection protocol | 2. Run controlled experiments with replication | 3. Log raw data with timestamps | 4. Perform initial quality check on collected data
RDM_E0EA00,PRJ_9EC67E,5,Analysis & Modeling,1. Clean and preprocess collected data | 2. Apply statistical/ML models | 3. Visualize results and generate insights | 4. Conduct sensitivity analysis
RDM_03EFD7,PRJ_9EC67E,6,Validation & Testing,"1. Compare results against baseline or benchmarks | 2. Conduct blind validation experiments | 3. Document accuracy, precision, recall metrics | 4. Identify failure modes and limitations"
RDM_ED8604,PRJ_9EC67E,7,Reporting & Dissemination,"1. Write final project report | 2. Prepare journal/conference manuscript | 3. Create poster or demo presentation | 4. Archive code, data, and documentation on GitHub/Zenodo"
RDM_966EDA,PRJ_AF86D1,1,Literature Review,1. Perform systematic literature review | 2. Identify experimental and computational components | 3. Define hybrid methodology rationale
RDM_98F477,PRJ_AF86D1,2,Experimental Setup,1. Procure equipment and prepare lab setup | 2. Conduct preliminary experiments | 3. Collect baseline experimental data
RDM_2E5429,PRJ_AF86D1,3,Computational Modeling,1. Develop simulation or ML model | 2. Calibrate model with experimental data | 3. Perform virtual parameter sweeps
RDM_D6E225,PRJ_AF86D1,4,Integrated Analysis,1. Cross-validate experimental and computational results | 2. Identify discrepancies and perform root-cause analysis | 3. Optimize design based on integrated findings
RDM_1B2136,PRJ_AF86D1,5,Validation,1. Conduct confirmatory experiments | 2. Benchmark against existing literature | 3. Document uncertainty and error bounds
RDM_2C6F6C,PRJ_AF86D1,6,Reporting,1. Prepare final report combining both methodologies | 2. Submit to conference or journal | 3. Archive all artifacts
RDM_632AED,PRJ_C29251,1,Literature Review,1. Perform systematic literature review | 2. Identify experimental and computational components | 3. Define hybrid methodology rationale
RDM_16A7CA,PRJ_C29251,2,Experimental Setup,1. Procure equipment and prepare lab setup | 2. Conduct preliminary experiments | 3. Collect baseline experimental data
RDM_13172E,PRJ_C29251,3,Computational Modeling,1. Develop simulation or ML model | 2. Calibrate model with experimental data | 3. Perform virtual parameter sweeps
RDM_AE7926,PRJ_C29251,4,Integrated Analysis,1. Cross-validate experimental and computational results | 2. Identify discrepancies and perform root-cause analysis | 3. Optimize design based on integrated findings
RDM_C0FC74,PRJ_C29251,5,Validation,1. Conduct confirmatory experiments | 2. Benchmark against existing literature | 3. Document uncertainty and error bounds
RDM_FE5571,PRJ_C29251,6,Reporting,1. Prepare final report combining both methodologies | 2. Submit to conference or journal | 3. Archive all artifacts
RDM_941F26,PRJ_B37229,1,Literature Review & Problem Formulation,1. Conduct systematic literature review on topic | 2. Identify research gaps and define problem statement | 3. Prepare literature review document (min 30 papers) | 4. Define hypothesis and success criteria
RDM_058F2D,PRJ_B37229,2,Design & Procurement,1. Finalize system architecture and block diagram | 2. Prepare Bill of Materials (BoM) | 3. Procure equipment and consumables | 4. Set up experimental workspace and safety protocols
RDM_F9D7C9,PRJ_B37229,3,Prototype Development,1. Assemble hardware components | 2. Develop initial firmware/software | 3. Perform bench-level unit tests | 4. Document assembly and calibration procedure
RDM_96CEB4,PRJ_B37229,4,Data Collection,1. Design data collection protocol | 2. Run controlled experiments with replication | 3. Log raw data with timestamps | 4. Perform initial quality check on collected data
RDM_E41B6E,PRJ_B37229,5,Analysis & Modeling,1. Clean and preprocess collected data | 2. Apply statistical/ML models | 3. Visualize results and generate insights | 4. Conduct sensitivity analysis
RDM_0A2B81,PRJ_B37229,6,Validation & Testing,"1. Compare results against baseline or benchmarks | 2. Conduct blind validation experiments | 3. Document accuracy, precision, recall metrics | 4. Identify failure modes and limitations"
RDM_FEC49A,PRJ_B37229,7,Reporting & Dissemination,"1. Write final project report | 2. Prepare journal/conference manuscript | 3. Create poster or demo presentation | 4. Archive code, data, and documentation on GitHub/Zenodo"
RDM_3598DB,PRJ_F4EFFC,1,Literature Review & Problem Formulation,1. Conduct systematic literature review on topic | 2. Identify research gaps and define problem statement | 3. Prepare literature review document (min 30 papers) | 4. Define hypothesis and success criteria
RDM_F4DC5B,PRJ_F4EFFC,2,Design & Procurement,1. Finalize system architecture and block diagram | 2. Prepare Bill of Materials (BoM) | 3. Procure equipment and consumables | 4. Set up experimental workspace and safety protocols
RDM_4D5930,PRJ_F4EFFC,3,Prototype Development,1. Assemble hardware components | 2. Develop initial firmware/software | 3. Perform bench-level unit tests | 4. Document assembly and calibration procedure
RDM_D88C40,PRJ_F4EFFC,4,Data Collection,1. Design data collection protocol | 2. Run controlled experiments with replication | 3. Log raw data with timestamps | 4. Perform initial quality check on collected data
RDM_E017F7,PRJ_F4EFFC,5,Analysis & Modeling,1. Clean and preprocess collected data | 2. Apply statistical/ML models | 3. Visualize results and generate insights | 4. Conduct sensitivity analysis
RDM_3AE06F,PRJ_F4EFFC,6,Validation & Testing,"1. Compare results against baseline or benchmarks | 2. Conduct blind validation experiments | 3. Document accuracy, precision, recall metrics | 4. Identify failure modes and limitations"
RDM_94DDED,PRJ_F4EFFC,7,Reporting & Dissemination,"1. Write final project report | 2. Prepare journal/conference manuscript | 3. Create poster or demo presentation | 4. Archive code, data, and documentation on GitHub/Zenodo"
RDM_3DCBA3,PRJ_53B661,1,Literature Review & Problem Formulation,1. Conduct systematic literature review on topic | 2. Identify research gaps and define problem statement | 3. Prepare literature review document (min 30 papers) | 4. Define hypothesis and success criteria
RDM_C61C3A,PRJ_53B661,2,Design & Procurement,1. Finalize system architecture and block diagram | 2. Prepare Bill of Materials (BoM) | 3. Procure equipment and consumables | 4. Set up experimental workspace and safety protocols
RDM_6E52D4,PRJ_53B661,3,Prototype Development,1. Assemble hardware components | 2. Develop initial firmware/software | 3. Perform bench-level unit tests | 4. Document assembly and calibration procedure
RDM_0AB95B,PRJ_53B661,4,Data Collection,1. Design data collection protocol | 2. Run controlled experiments with replication | 3. Log raw data with timestamps | 4. Perform initial quality check on collected data
RDM_9BA8DB,PRJ_53B661,5,Analysis & Modeling,1. Clean and preprocess collected data | 2. Apply statistical/ML models | 3. Visualize results and generate insights | 4. Conduct sensitivity analysis
RDM_F177DC,PRJ_53B661,6,Validation & Testing,"1. Compare results against baseline or benchmarks | 2. Conduct blind validation experiments | 3. Document accuracy, precision, recall metrics | 4. Identify failure modes and limitations"
RDM_FA53A5,PRJ_53B661,7,Reporting & Dissemination,"1. Write final project report | 2. Prepare journal/conference manuscript | 3. Create poster or demo presentation | 4. Archive code, data, and documentation on GitHub/Zenodo"
RDM_78F78D,PRJ_B7BFFD,1,Literature Review,1. Perform systematic literature review | 2. Identify experimental and computational components | 3. Define hybrid methodology rationale
RDM_89FAB9,PRJ_B7BFFD,2,Experimental Setup,1. Procure equipment and prepare lab setup | 2. Conduct preliminary experiments | 3. Collect baseline experimental data
RDM_6F725A,PRJ_B7BFFD,3,Computational Modeling,1. Develop simulation or ML model | 2. Calibrate model with experimental data | 3. Perform virtual parameter sweeps
RDM_7997CB,PRJ_B7BFFD,4,Integrated Analysis,1. Cross-validate experimental and computational results | 2. Identify discrepancies and perform root-cause analysis | 3. Optimize design based on integrated findings
RDM_DEB0A2,PRJ_B7BFFD,5,Validation,1. Conduct confirmatory experiments | 2. Benchmark against existing literature | 3. Document uncertainty and error bounds
RDM_46C984,PRJ_B7BFFD,6,Reporting,1. Prepare final report combining both methodologies | 2. Submit to conference or journal | 3. Archive all artifacts
RDM_0F27C0,PRJ_AD66A9,1,Literature Review & Problem Formulation,1. Conduct systematic literature review on topic | 2. Identify research gaps and define problem statement | 3. Prepare literature review document (min 30 papers) | 4. Define hypothesis and success criteria
RDM_E54CA8,PRJ_AD66A9,2,Design & Procurement,1. Finalize system architecture and block diagram | 2. Prepare Bill of Materials (BoM) | 3. Procure equipment and consumables | 4. Set up experimental workspace and safety protocols
RDM_C3F057,PRJ_AD66A9,3,Prototype Development,1. Assemble hardware components | 2. Develop initial firmware/software | 3. Perform bench-level unit tests | 4. Document assembly and calibration procedure
RDM_AFAFFE,PRJ_AD66A9,4,Data Collection,1. Design data collection protocol | 2. Run controlled experiments with replication | 3. Log raw data with timestamps | 4. Perform initial quality check on collected data
RDM_B2C39D,PRJ_AD66A9,5,Analysis & Modeling,1. Clean and preprocess collected data | 2. Apply statistical/ML models | 3. Visualize results and generate insights | 4. Conduct sensitivity analysis
RDM_C7AD5D,PRJ_AD66A9,6,Validation & Testing,"1. Compare results against baseline or benchmarks | 2. Conduct blind validation experiments | 3. Document accuracy, precision, recall metrics | 4. Identify failure modes and limitations"
RDM_B906A8,PRJ_AD66A9,7,Reporting & Dissemination,"1. Write final project report | 2. Prepare journal/conference manuscript | 3. Create poster or demo presentation | 4. Archive code, data, and documentation on GitHub/Zenodo"
RDM_7C6833,PRJ_3028C4,1,Literature Review & Problem Formulation,1. Conduct systematic literature review on topic | 2. Identify research gaps and define problem statement | 3. Prepare literature review document (min 30 papers) | 4. Define hypothesis and success criteria
RDM_AD8F29,PRJ_3028C4,2,Design & Procurement,1. Finalize system architecture and block diagram | 2. Prepare Bill of Materials (BoM) | 3. Procure equipment and consumables | 4. Set up experimental workspace and safety protocols
RDM_272018,PRJ_3028C4,3,Prototype Development,1. Assemble hardware components | 2. Develop initial firmware/software | 3. Perform bench-level unit tests | 4. Document assembly and calibration procedure
RDM_A8AD3F,PRJ_3028C4,4,Data Collection,1. Design data collection protocol | 2. Run controlled experiments with replication | 3. Log raw data with timestamps | 4. Perform initial quality check on collected data
RDM_221DB6,PRJ_3028C4,5,Analysis & Modeling,1. Clean and preprocess collected data | 2. Apply statistical/ML models | 3. Visualize results and generate insights | 4. Conduct sensitivity analysis
RDM_D29144,PRJ_3028C4,6,Validation & Testing,"1. Compare results against baseline or benchmarks | 2. Conduct blind validation experiments | 3. Document accuracy, precision, recall metrics | 4. Identify failure modes and limitations"
RDM_AF4705,PRJ_3028C4,7,Reporting & Dissemination,"1. Write final project report | 2. Prepare journal/conference manuscript | 3. Create poster or demo presentation | 4. Archive code, data, and documentation on GitHub/Zenodo"
RDM_80D604,PRJ_3AC8EC,1,Literature Review,1. Perform systematic literature review | 2. Identify experimental and computational components | 3. Define hybrid methodology rationale
RDM_0AA023,PRJ_3AC8EC,2,Experimental Setup,1. Procure equipment and prepare lab setup | 2. Conduct preliminary experiments | 3. Collect baseline experimental data
RDM_266F40,PRJ_3AC8EC,3,Computational Modeling,1. Develop simulation or ML model | 2. Calibrate model with experimental data | 3. Perform virtual parameter sweeps
RDM_AFE2BF,PRJ_3AC8EC,4,Integrated Analysis,1. Cross-validate experimental and computational results | 2. Identify discrepancies and perform root-cause analysis | 3. Optimize design based on integrated findings
RDM_0482D2,PRJ_3AC8EC,5,Validation,1. Conduct confirmatory experiments | 2. Benchmark against existing literature | 3. Document uncertainty and error bounds
RDM_525676,PRJ_3AC8EC,6,Reporting,1. Prepare final report combining both methodologies | 2. Submit to conference or journal | 3. Archive all artifacts
RDM_272173,PRJ_E2C55D,1,Literature Review & Problem Formulation,1. Conduct systematic literature review on topic | 2. Identify research gaps and define problem statement | 3. Prepare literature review document (min 30 papers) | 4. Define hypothesis and success criteria
RDM_204EFC,PRJ_E2C55D,2,Design & Procurement,1. Finalize system architecture and block diagram | 2. Prepare Bill of Materials (BoM) | 3. Procure equipment and consumables | 4. Set up experimental workspace and safety protocols
RDM_A245A1,PRJ_E2C55D,3,Prototype Development,1. Assemble hardware components | 2. Develop initial firmware/software | 3. Perform bench-level unit tests | 4. Document assembly and calibration procedure
RDM_CD6825,PRJ_E2C55D,4,Data Collection,1. Design data collection protocol | 2. Run controlled experiments with replication | 3. Log raw data with timestamps | 4. Perform initial quality check on collected data
RDM_42865A,PRJ_E2C55D,5,Analysis & Modeling,1. Clean and preprocess collected data | 2. Apply statistical/ML models | 3. Visualize results and generate insights | 4. Conduct sensitivity analysis
RDM_BCD574,PRJ_E2C55D,6,Validation & Testing,"1. Compare results against baseline or benchmarks | 2. Conduct blind validation experiments | 3. Document accuracy, precision, recall metrics | 4. Identify failure modes and limitations"
RDM_E4B49F,PRJ_E2C55D,7,Reporting & Dissemination,"1. Write final project report | 2. Prepare journal/conference manuscript | 3. Create poster or demo presentation | 4. Archive code, data, and documentation on GitHub/Zenodo"
RDM_9952F5,PRJ_7DC58F,1,Literature Review,1. Perform systematic literature review | 2. Identify experimental and computational components | 3. Define hybrid methodology rationale
RDM_5C934B,PRJ_7DC58F,2,Experimental Setup,1. Procure equipment and prepare lab setup | 2. Conduct preliminary experiments | 3. Collect baseline experimental data
RDM_040660,PRJ_7DC58F,3,Computational Modeling,1. Develop simulation or ML model | 2. Calibrate model with experimental data | 3. Perform virtual parameter sweeps
RDM_C8A63A,PRJ_7DC58F,4,Integrated Analysis,1. Cross-validate experimental and computational results | 2. Identify discrepancies and perform root-cause analysis | 3. Optimize design based on integrated findings
RDM_9FFA61,PRJ_7DC58F,5,Validation,1. Conduct confirmatory experiments | 2. Benchmark against existing literature | 3. Document uncertainty and error bounds
RDM_C04BE5,PRJ_7DC58F,6,Reporting,1. Prepare final report combining both methodologies | 2. Submit to conference or journal | 3. Archive all artifacts
RDM_F792E6,PRJ_E5DD7B,1,Literature Review & Problem Formulation,1. Conduct systematic literature review on topic | 2. Identify research gaps and define problem statement | 3. Prepare literature review document (min 30 papers) | 4. Define hypothesis and success criteria
RDM_AE050C,PRJ_E5DD7B,2,Design & Procurement,1. Finalize system architecture and block diagram | 2. Prepare Bill of Materials (BoM) | 3. Procure equipment and consumables | 4. Set up experimental workspace and safety protocols
RDM_89945C,PRJ_E5DD7B,3,Prototype Development,1. Assemble hardware components | 2. Develop initial firmware/software | 3. Perform bench-level unit tests | 4. Document assembly and calibration procedure
RDM_1C3A22,PRJ_E5DD7B,4,Data Collection,1. Design data collection protocol | 2. Run controlled experiments with replication | 3. Log raw data with timestamps | 4. Perform initial quality check on collected data
RDM_CE02CC,PRJ_E5DD7B,5,Analysis & Modeling,1. Clean and preprocess collected data | 2. Apply statistical/ML models | 3. Visualize results and generate insights | 4. Conduct sensitivity analysis
RDM_6C0E4D,PRJ_E5DD7B,6,Validation & Testing,"1. Compare results against baseline or benchmarks | 2. Conduct blind validation experiments | 3. Document accuracy, precision, recall metrics | 4. Identify failure modes and limitations"
RDM_C5DDE1,PRJ_E5DD7B,7,Reporting & Dissemination,"1. Write final project report | 2. Prepare journal/conference manuscript | 3. Create poster or demo presentation | 4. Archive code, data, and documentation on GitHub/Zenodo"
RDM_0A2BE9,PRJ_E029AC,1,Literature Review & Problem Formulation,1. Conduct systematic literature review on topic | 2. Identify research gaps and define problem statement | 3. Prepare literature review document (min 30 papers) | 4. Define hypothesis and success criteria
RDM_645793,PRJ_E029AC,2,Design & Procurement,1. Finalize system architecture and block diagram | 2. Prepare Bill of Materials (BoM) | 3. Procure equipment and consumables | 4. Set up experimental workspace and safety protocols
RDM_2AD355,PRJ_E029AC,3,Prototype Development,1. Assemble hardware components | 2. Develop initial firmware/software | 3. Perform bench-level unit tests | 4. Document assembly and calibration procedure
RDM_AD9AB3,PRJ_E029AC,4,Data Collection,1. Design data collection protocol | 2. Run controlled experiments with replication | 3. Log raw data with timestamps | 4. Perform initial quality check on collected data
RDM_D64413,PRJ_E029AC,5,Analysis & Modeling,1. Clean and preprocess collected data | 2. Apply statistical/ML models | 3. Visualize results and generate insights | 4. Conduct sensitivity analysis
RDM_770171,PRJ_E029AC,6,Validation & Testing,"1. Compare results against baseline or benchmarks | 2. Conduct blind validation experiments | 3. Document accuracy, precision, recall metrics | 4. Identify failure modes and limitations"
RDM_4A4916,PRJ_E029AC,7,Reporting & Dissemination,"1. Write final project report | 2. Prepare journal/conference manuscript | 3. Create poster or demo presentation | 4. Archive code, data, and documentation on GitHub/Zenodo"
RDM_666D9A,PRJ_5527C0,1,Literature Review,1. Perform systematic literature review | 2. Identify experimental and computational components | 3. Define hybrid methodology rationale
RDM_C87969,PRJ_5527C0,2,Experimental Setup,1. Procure equipment and prepare lab setup | 2. Conduct preliminary experiments | 3. Collect baseline experimental data
RDM_FF41E6,PRJ_5527C0,3,Computational Modeling,1. Develop simulation or ML model | 2. Calibrate model with experimental data | 3. Perform virtual parameter sweeps
RDM_D7FE7D,PRJ_5527C0,4,Integrated Analysis,1. Cross-validate experimental and computational results | 2. Identify discrepancies and perform root-cause analysis | 3. Optimize design based on integrated findings
RDM_587B20,PRJ_5527C0,5,Validation,1. Conduct confirmatory experiments | 2. Benchmark against existing literature | 3. Document uncertainty and error bounds
RDM_2F94A0,PRJ_5527C0,6,Reporting,1. Prepare final report combining both methodologies | 2. Submit to conference or journal | 3. Archive all artifacts
RDM_63BB7E,PRJ_A96D98,1,Literature Review & Problem Formulation,1. Conduct systematic literature review on topic | 2. Identify research gaps and define problem statement | 3. Prepare literature review document (min 30 papers) | 4. Define hypothesis and success criteria
RDM_6F31ED,PRJ_A96D98,2,Design & Procurement,1. Finalize system architecture and block diagram | 2. Prepare Bill of Materials (BoM) | 3. Procure equipment and consumables | 4. Set up experimental workspace and safety protocols
RDM_8CD03E,PRJ_A96D98,3,Prototype Development,1. Assemble hardware components | 2. Develop initial firmware/software | 3. Perform bench-level unit tests | 4. Document assembly and calibration procedure
RDM_562093,PRJ_A96D98,4,Data Collection,1. Design data collection protocol | 2. Run controlled experiments with replication | 3. Log raw data with timestamps | 4. Perform initial quality check on collected data
RDM_809133,PRJ_A96D98,5,Analysis & Modeling,1. Clean and preprocess collected data | 2. Apply statistical/ML models | 3. Visualize results and generate insights | 4. Conduct sensitivity analysis
RDM_A6BDEE,PRJ_A96D98,6,Validation & Testing,"1. Compare results against baseline or benchmarks | 2. Conduct blind validation experiments | 3. Document accuracy, precision, recall metrics | 4. Identify failure modes and limitations"
RDM_98C815,PRJ_A96D98,7,Reporting & Dissemination,"1. Write final project report | 2. Prepare journal/conference manuscript | 3. Create poster or demo presentation | 4. Archive code, data, and documentation on GitHub/Zenodo"
RDM_803DBB,PRJ_3033DA,1,Literature Review & Problem Formulation,1. Conduct systematic literature review on topic | 2. Identify research gaps and define problem statement | 3. Prepare literature review document (min 30 papers) | 4. Define hypothesis and success criteria
RDM_53567B,PRJ_3033DA,2,Design & Procurement,1. Finalize system architecture and block diagram | 2. Prepare Bill of Materials (BoM) | 3. Procure equipment and consumables | 4. Set up experimental workspace and safety protocols
RDM_FF8F8E,PRJ_3033DA,3,Prototype Development,1. Assemble hardware components | 2. Develop initial firmware/software | 3. Perform bench-level unit tests | 4. Document assembly and calibration procedure
RDM_9635CF,PRJ_3033DA,4,Data Collection,1. Design data collection protocol | 2. Run controlled experiments with replication | 3. Log raw data with timestamps | 4. Perform initial quality check on collected data
RDM_786773,PRJ_3033DA,5,Analysis & Modeling,1. Clean and preprocess collected data | 2. Apply statistical/ML models | 3. Visualize results and generate insights | 4. Conduct sensitivity analysis
RDM_73332B,PRJ_3033DA,6,Validation & Testing,"1. Compare results against baseline or benchmarks | 2. Conduct blind validation experiments | 3. Document accuracy, precision, recall metrics | 4. Identify failure modes and limitations"
RDM_2F8CF1,PRJ_3033DA,7,Reporting & Dissemination,"1. Write final project report | 2. Prepare journal/conference manuscript | 3. Create poster or demo presentation | 4. Archive code, data, and documentation on GitHub/Zenodo"
RDM_B67E70,PRJ_123DE2,1,Literature Review,1. Perform systematic literature review | 2. Identify experimental and computational components | 3. Define hybrid methodology rationale
RDM_DF74DD,PRJ_123DE2,2,Experimental Setup,1. Procure equipment and prepare lab setup | 2. Conduct preliminary experiments | 3. Collect baseline experimental data
RDM_8185AE,PRJ_123DE2,3,Computational Modeling,1. Develop simulation or ML model | 2. Calibrate model with experimental data | 3. Perform virtual parameter sweeps
RDM_3F1280,PRJ_123DE2,4,Integrated Analysis,1. Cross-validate experimental and computational results | 2. Identify discrepancies and perform root-cause analysis | 3. Optimize design based on integrated findings
RDM_C0DD54,PRJ_123DE2,5,Validation,1. Conduct confirmatory experiments | 2. Benchmark against existing literature | 3. Document uncertainty and error bounds
RDM_8FB88B,PRJ_123DE2,6,Reporting,1. Prepare final report combining both methodologies | 2. Submit to conference or journal | 3. Archive all artifacts
RDM_2DB54D,PRJ_1C6921,1,Literature Review & Problem Formulation,1. Conduct systematic literature review on topic | 2. Identify research gaps and define problem statement | 3. Prepare literature review document (min 30 papers) | 4. Define hypothesis and success criteria
RDM_1DC775,PRJ_1C6921,2,Design & Procurement,1. Finalize system architecture and block diagram | 2. Prepare Bill of Materials (BoM) | 3. Procure equipment and consumables | 4. Set up experimental workspace and safety protocols
RDM_9BC1A6,PRJ_1C6921,3,Prototype Development,1. Assemble hardware components | 2. Develop initial firmware/software | 3. Perform bench-level unit tests | 4. Document assembly and calibration procedure
RDM_264CAA,PRJ_1C6921,4,Data Collection,1. Design data collection protocol | 2. Run controlled experiments with replication | 3. Log raw data with timestamps | 4. Perform initial quality check on collected data
RDM_278216,PRJ_1C6921,5,Analysis & Modeling,1. Clean and preprocess collected data | 2. Apply statistical/ML models | 3. Visualize results and generate insights | 4. Conduct sensitivity analysis
RDM_C13395,PRJ_1C6921,6,Validation & Testing,"1. Compare results against baseline or benchmarks | 2. Conduct blind validation experiments | 3. Document accuracy, precision, recall metrics | 4. Identify failure modes and limitations"
RDM_11AEEF,PRJ_1C6921,7,Reporting & Dissemination,"1. Write final project report | 2. Prepare journal/conference manuscript | 3. Create poster or demo presentation | 4. Archive code, data, and documentation on GitHub/Zenodo"
RDM_80DAC9,PRJ_A53EB0,1,Literature Review & Problem Formulation,1. Conduct systematic literature review on topic | 2. Identify research gaps and define problem statement | 3. Prepare literature review document (min 30 papers) | 4. Define hypothesis and success criteria
RDM_D958AC,PRJ_A53EB0,2,Design & Procurement,1. Finalize system architecture and block diagram | 2. Prepare Bill of Materials (BoM) | 3. Procure equipment and consumables | 4. Set up experimental workspace and safety protocols
RDM_10C291,PRJ_A53EB0,3,Prototype Development,1. Assemble hardware components | 2. Develop initial firmware/software | 3. Perform bench-level unit tests | 4. Document assembly and calibration procedure
RDM_4E1DBA,PRJ_A53EB0,4,Data Collection,1. Design data collection protocol | 2. Run controlled experiments with replication | 3. Log raw data with timestamps | 4. Perform initial quality check on collected data
RDM_1302BE,PRJ_A53EB0,5,Analysis & Modeling,1. Clean and preprocess collected data | 2. Apply statistical/ML models | 3. Visualize results and generate insights | 4. Conduct sensitivity analysis
RDM_2D43F3,PRJ_A53EB0,6,Validation & Testing,"1. Compare results against baseline or benchmarks | 2. Conduct blind validation experiments | 3. Document accuracy, precision, recall metrics | 4. Identify failure modes and limitations"
RDM_1AE25D,PRJ_A53EB0,7,Reporting & Dissemination,"1. Write final project report | 2. Prepare journal/conference manuscript | 3. Create poster or demo presentation | 4. Archive code, data, and documentation on GitHub/Zenodo"
RDM_97503B,PRJ_C1A501,1,Literature Review & Problem Formulation,1. Conduct systematic literature review on topic | 2. Identify research gaps and define problem statement | 3. Prepare literature review document (min 30 papers) | 4. Define hypothesis and success criteria
RDM_F12CD0,PRJ_C1A501,2,Design & Procurement,1. Finalize system architecture and block diagram | 2. Prepare Bill of Materials (BoM) | 3. Procure equipment and consumables | 4. Set up experimental workspace and safety protocols
RDM_4BEAC1,PRJ_C1A501,3,Prototype Development,1. Assemble hardware components | 2. Develop initial firmware/software | 3. Perform bench-level unit tests | 4. Document assembly and calibration procedure
RDM_6DF615,PRJ_C1A501,4,Data Collection,1. Design data collection protocol | 2. Run controlled experiments with replication | 3. Log raw data with timestamps | 4. Perform initial quality check on collected data
RDM_EAA86A,PRJ_C1A501,5,Analysis & Modeling,1. Clean and preprocess collected data | 2. Apply statistical/ML models | 3. Visualize results and generate insights | 4. Conduct sensitivity analysis
RDM_ED2A29,PRJ_C1A501,6,Validation & Testing,"1. Compare results against baseline or benchmarks | 2. Conduct blind validation experiments | 3. Document accuracy, precision, recall metrics | 4. Identify failure modes and limitations"
RDM_3F902C,PRJ_C1A501,7,Reporting & Dissemination,"1. Write final project report | 2. Prepare journal/conference manuscript | 3. Create poster or demo presentation | 4. Archive code, data, and documentation on GitHub/Zenodo"
RDM_05CC5B,PRJ_B24C4A,1,Literature Review & Problem Formulation,1. Conduct systematic literature review on topic | 2. Identify research gaps and define problem statement | 3. Prepare literature review document (min 30 papers) | 4. Define hypothesis and success criteria
RDM_F94728,PRJ_B24C4A,2,Design & Procurement,1. Finalize system architecture and block diagram | 2. Prepare Bill of Materials (BoM) | 3. Procure equipment and consumables | 4. Set up experimental workspace and safety protocols
RDM_A68467,PRJ_B24C4A,3,Prototype Development,1. Assemble hardware components | 2. Develop initial firmware/software | 3. Perform bench-level unit tests | 4. Document assembly and calibration procedure
RDM_DB1686,PRJ_B24C4A,4,Data Collection,1. Design data collection protocol | 2. Run controlled experiments with replication | 3. Log raw data with timestamps | 4. Perform initial quality check on collected data
RDM_EC4AAD,PRJ_B24C4A,5,Analysis & Modeling,1. Clean and preprocess collected data | 2. Apply statistical/ML models | 3. Visualize results and generate insights | 4. Conduct sensitivity analysis
RDM_F00244,PRJ_B24C4A,6,Validation & Testing,"1. Compare results against baseline or benchmarks | 2. Conduct blind validation experiments | 3. Document accuracy, precision, recall metrics | 4. Identify failure modes and limitations"
RDM_ACEEE1,PRJ_B24C4A,7,Reporting & Dissemination,"1. Write final project report | 2. Prepare journal/conference manuscript | 3. Create poster or demo presentation | 4. Archive code, data, and documentation on GitHub/Zenodo"
RDM_992463,PRJ_1AD452,1,Literature Review,1. Perform systematic literature review | 2. Identify experimental and computational components | 3. Define hybrid methodology rationale
RDM_80BC29,PRJ_1AD452,2,Experimental Setup,1. Procure equipment and prepare lab setup | 2. Conduct preliminary experiments | 3. Collect baseline experimental data
RDM_CC59F5,PRJ_1AD452,3,Computational Modeling,1. Develop simulation or ML model | 2. Calibrate model with experimental data | 3. Perform virtual parameter sweeps
RDM_76795B,PRJ_1AD452,4,Integrated Analysis,1. Cross-validate experimental and computational results | 2. Identify discrepancies and perform root-cause analysis | 3. Optimize design based on integrated findings
RDM_44FC0D,PRJ_1AD452,5,Validation,1. Conduct confirmatory experiments | 2. Benchmark against existing literature | 3. Document uncertainty and error bounds
RDM_7DA8E1,PRJ_1AD452,6,Reporting,1. Prepare final report combining both methodologies | 2. Submit to conference or journal | 3. Archive all artifacts
RDM_315C9A,PRJ_F8C59A,1,Literature Review,1. Perform systematic literature review | 2. Identify experimental and computational components | 3. Define hybrid methodology rationale
RDM_F824C3,PRJ_F8C59A,2,Experimental Setup,1. Procure equipment and prepare lab setup | 2. Conduct preliminary experiments | 3. Collect baseline experimental data
RDM_375084,PRJ_F8C59A,3,Computational Modeling,1. Develop simulation or ML model | 2. Calibrate model with experimental data | 3. Perform virtual parameter sweeps
RDM_7AE53D,PRJ_F8C59A,4,Integrated Analysis,1. Cross-validate experimental and computational results | 2. Identify discrepancies and perform root-cause analysis | 3. Optimize design based on integrated findings
RDM_AEACFE,PRJ_F8C59A,5,Validation,1. Conduct confirmatory experiments | 2. Benchmark against existing literature | 3. Document uncertainty and error bounds
RDM_DA4032,PRJ_F8C59A,6,Reporting,1. Prepare final report combining both methodologies | 2. Submit to conference or journal | 3. Archive all artifacts
RDM_4FAEEF,PRJ_D37B8D,1,Literature Review & Problem Formulation,1. Conduct systematic literature review on topic | 2. Identify research gaps and define problem statement | 3. Prepare literature review document (min 30 papers) | 4. Define hypothesis and success criteria
RDM_BBEA8B,PRJ_D37B8D,2,Design & Procurement,1. Finalize system architecture and block diagram | 2. Prepare Bill of Materials (BoM) | 3. Procure equipment and consumables | 4. Set up experimental workspace and safety protocols
RDM_8D9524,PRJ_D37B8D,3,Prototype Development,1. Assemble hardware components | 2. Develop initial firmware/software | 3. Perform bench-level unit tests | 4. Document assembly and calibration procedure
RDM_A373C8,PRJ_D37B8D,4,Data Collection,1. Design data collection protocol | 2. Run controlled experiments with replication | 3. Log raw data with timestamps | 4. Perform initial quality check on collected data
RDM_871DA4,PRJ_D37B8D,5,Analysis & Modeling,1. Clean and preprocess collected data | 2. Apply statistical/ML models | 3. Visualize results and generate insights | 4. Conduct sensitivity analysis
RDM_8B29D2,PRJ_D37B8D,6,Validation & Testing,"1. Compare results against baseline or benchmarks | 2. Conduct blind validation experiments | 3. Document accuracy, precision, recall metrics | 4. Identify failure modes and limitations"
RDM_017078,PRJ_D37B8D,7,Reporting & Dissemination,"1. Write final project report | 2. Prepare journal/conference manuscript | 3. Create poster or demo presentation | 4. Archive code, data, and documentation on GitHub/Zenodo"
RDM_4589A6,PRJ_E5439A,1,Literature Review,1. Perform systematic literature review | 2. Identify experimental and computational components | 3. Define hybrid methodology rationale
RDM_66568D,PRJ_E5439A,2,Experimental Setup,1. Procure equipment and prepare lab setup | 2. Conduct preliminary experiments | 3. Collect baseline experimental data
RDM_DF3C95,PRJ_E5439A,3,Computational Modeling,1. Develop simulation or ML model | 2. Calibrate model with experimental data | 3. Perform virtual parameter sweeps
RDM_51679A,PRJ_E5439A,4,Integrated Analysis,1. Cross-validate experimental and computational results | 2. Identify discrepancies and perform root-cause analysis | 3. Optimize design based on integrated findings
RDM_83F8BA,PRJ_E5439A,5,Validation,1. Conduct confirmatory experiments | 2. Benchmark against existing literature | 3. Document uncertainty and error bounds
RDM_219B6E,PRJ_E5439A,6,Reporting,1. Prepare final report combining both methodologies | 2. Submit to conference or journal | 3. Archive all artifacts
RDM_D8F806,PRJ_B00527,1,Literature Review & Problem Formulation,1. Conduct systematic literature review on topic | 2. Identify research gaps and define problem statement | 3. Prepare literature review document (min 30 papers) | 4. Define hypothesis and success criteria
RDM_8ECCEC,PRJ_B00527,2,Design & Procurement,1. Finalize system architecture and block diagram | 2. Prepare Bill of Materials (BoM) | 3. Procure equipment and consumables | 4. Set up experimental workspace and safety protocols
RDM_1D08A1,PRJ_B00527,3,Prototype Development,1. Assemble hardware components | 2. Develop initial firmware/software | 3. Perform bench-level unit tests | 4. Document assembly and calibration procedure
RDM_600018,PRJ_B00527,4,Data Collection,1. Design data collection protocol | 2. Run controlled experiments with replication | 3. Log raw data with timestamps | 4. Perform initial quality check on collected data
RDM_3CDB96,PRJ_B00527,5,Analysis & Modeling,1. Clean and preprocess collected data | 2. Apply statistical/ML models | 3. Visualize results and generate insights | 4. Conduct sensitivity analysis
RDM_9E4C9D,PRJ_B00527,6,Validation & Testing,"1. Compare results against baseline or benchmarks | 2. Conduct blind validation experiments | 3. Document accuracy, precision, recall metrics | 4. Identify failure modes and limitations"
RDM_369625,PRJ_B00527,7,Reporting & Dissemination,"1. Write final project report | 2. Prepare journal/conference manuscript | 3. Create poster or demo presentation | 4. Archive code, data, and documentation on GitHub/Zenodo"
RDM_9FAC31,PRJ_E893DA,1,Literature Review & Problem Formulation,1. Conduct systematic literature review on topic | 2. Identify research gaps and define problem statement | 3. Prepare literature review document (min 30 papers) | 4. Define hypothesis and success criteria
RDM_437CD1,PRJ_E893DA,2,Design & Procurement,1. Finalize system architecture and block diagram | 2. Prepare Bill of Materials (BoM) | 3. Procure equipment and consumables | 4. Set up experimental workspace and safety protocols
RDM_682C09,PRJ_E893DA,3,Prototype Development,1. Assemble hardware components | 2. Develop initial firmware/software | 3. Perform bench-level unit tests | 4. Document assembly and calibration procedure
RDM_3690CA,PRJ_E893DA,4,Data Collection,1. Design data collection protocol | 2. Run controlled experiments with replication | 3. Log raw data with timestamps | 4. Perform initial quality check on collected data
RDM_7827D9,PRJ_E893DA,5,Analysis & Modeling,1. Clean and preprocess collected data | 2. Apply statistical/ML models | 3. Visualize results and generate insights | 4. Conduct sensitivity analysis
RDM_70EE7D,PRJ_E893DA,6,Validation & Testing,"1. Compare results against baseline or benchmarks | 2. Conduct blind validation experiments | 3. Document accuracy, precision, recall metrics | 4. Identify failure modes and limitations"
RDM_B9F720,PRJ_E893DA,7,Reporting & Dissemination,"1. Write final project report | 2. Prepare journal/conference manuscript | 3. Create poster or demo presentation | 4. Archive code, data, and documentation on GitHub/Zenodo"
RDM_77BEB1,PRJ_AADF42,1,Literature Review & Problem Formulation,1. Conduct systematic literature review on topic | 2. Identify research gaps and define problem statement | 3. Prepare literature review document (min 30 papers) | 4. Define hypothesis and success criteria
RDM_620ADB,PRJ_AADF42,2,Design & Procurement,1. Finalize system architecture and block diagram | 2. Prepare Bill of Materials (BoM) | 3. Procure equipment and consumables | 4. Set up experimental workspace and safety protocols
RDM_63D6B4,PRJ_AADF42,3,Prototype Development,1. Assemble hardware components | 2. Develop initial firmware/software | 3. Perform bench-level unit tests | 4. Document assembly and calibration procedure
RDM_1160AC,PRJ_AADF42,4,Data Collection,1. Design data collection protocol | 2. Run controlled experiments with replication | 3. Log raw data with timestamps | 4. Perform initial quality check on collected data
RDM_EE18E6,PRJ_AADF42,5,Analysis & Modeling,1. Clean and preprocess collected data | 2. Apply statistical/ML models | 3. Visualize results and generate insights | 4. Conduct sensitivity analysis
RDM_4DFC1D,PRJ_AADF42,6,Validation & Testing,"1. Compare results against baseline or benchmarks | 2. Conduct blind validation experiments | 3. Document accuracy, precision, recall metrics | 4. Identify failure modes and limitations"
RDM_D3D2C8,PRJ_AADF42,7,Reporting & Dissemination,"1. Write final project report | 2. Prepare journal/conference manuscript | 3. Create poster or demo presentation | 4. Archive code, data, and documentation on GitHub/Zenodo"
RDM_EC90C5,PRJ_DE625D,1,Literature Review,1. Perform systematic literature review | 2. Identify experimental and computational components | 3. Define hybrid methodology rationale
RDM_2CD36F,PRJ_DE625D,2,Experimental Setup,1. Procure equipment and prepare lab setup | 2. Conduct preliminary experiments | 3. Collect baseline experimental data
RDM_D92DC3,PRJ_DE625D,3,Computational Modeling,1. Develop simulation or ML model | 2. Calibrate model with experimental data | 3. Perform virtual parameter sweeps
RDM_E2E727,PRJ_DE625D,4,Integrated Analysis,1. Cross-validate experimental and computational results | 2. Identify discrepancies and perform root-cause analysis | 3. Optimize design based on integrated findings
RDM_9A8370,PRJ_DE625D,5,Validation,1. Conduct confirmatory experiments | 2. Benchmark against existing literature | 3. Document uncertainty and error bounds
RDM_586447,PRJ_DE625D,6,Reporting,1. Prepare final report combining both methodologies | 2. Submit to conference or journal | 3. Archive all artifacts
RDM_9D9FA4,PRJ_312CCD,1,Literature Review,1. Perform systematic literature review | 2. Identify experimental and computational components | 3. Define hybrid methodology rationale
RDM_859883,PRJ_312CCD,2,Experimental Setup,1. Procure equipment and prepare lab setup | 2. Conduct preliminary experiments | 3. Collect baseline experimental data
RDM_3DC8DB,PRJ_312CCD,3,Computational Modeling,1. Develop simulation or ML model | 2. Calibrate model with experimental data | 3. Perform virtual parameter sweeps
RDM_82CAB1,PRJ_312CCD,4,Integrated Analysis,1. Cross-validate experimental and computational results | 2. Identify discrepancies and perform root-cause analysis | 3. Optimize design based on integrated findings
RDM_71EB4C,PRJ_312CCD,5,Validation,1. Conduct confirmatory experiments | 2. Benchmark against existing literature | 3. Document uncertainty and error bounds
RDM_CFCAFB,PRJ_312CCD,6,Reporting,1. Prepare final report combining both methodologies | 2. Submit to conference or journal | 3. Archive all artifacts
RDM_361E51,PRJ_682410,1,Literature Review & Problem Formulation,1. Conduct systematic literature review on topic | 2. Identify research gaps and define problem statement | 3. Prepare literature review document (min 30 papers) | 4. Define hypothesis and success criteria
RDM_42BD12,PRJ_682410,2,Design & Procurement,1. Finalize system architecture and block diagram | 2. Prepare Bill of Materials (BoM) | 3. Procure equipment and consumables | 4. Set up experimental workspace and safety protocols
RDM_8F7865,PRJ_682410,3,Prototype Development,1. Assemble hardware components | 2. Develop initial firmware/software | 3. Perform bench-level unit tests | 4. Document assembly and calibration procedure
RDM_AC32F5,PRJ_682410,4,Data Collection,1. Design data collection protocol | 2. Run controlled experiments with replication | 3. Log raw data with timestamps | 4. Perform initial quality check on collected data
RDM_DF43DB,PRJ_682410,5,Analysis & Modeling,1. Clean and preprocess collected data | 2. Apply statistical/ML models | 3. Visualize results and generate insights | 4. Conduct sensitivity analysis
RDM_ED6FE9,PRJ_682410,6,Validation & Testing,"1. Compare results against baseline or benchmarks | 2. Conduct blind validation experiments | 3. Document accuracy, precision, recall metrics | 4. Identify failure modes and limitations"
RDM_4A0087,PRJ_682410,7,Reporting & Dissemination,"1. Write final project report | 2. Prepare journal/conference manuscript | 3. Create poster or demo presentation | 4. Archive code, data, and documentation on GitHub/Zenodo"
RDM_A5F8D8,PRJ_59A70F,1,Literature Review,1. Perform systematic literature review | 2. Identify experimental and computational components | 3. Define hybrid methodology rationale
RDM_BE0AFF,PRJ_59A70F,2,Experimental Setup,1. Procure equipment and prepare lab setup | 2. Conduct preliminary experiments | 3. Collect baseline experimental data
RDM_57A99D,PRJ_59A70F,3,Computational Modeling,1. Develop simulation or ML model | 2. Calibrate model with experimental data | 3. Perform virtual parameter sweeps
RDM_825F3F,PRJ_59A70F,4,Integrated Analysis,1. Cross-validate experimental and computational results | 2. Identify discrepancies and perform root-cause analysis | 3. Optimize design based on integrated findings
RDM_D25923,PRJ_59A70F,5,Validation,1. Conduct confirmatory experiments | 2. Benchmark against existing literature | 3. Document uncertainty and error bounds
RDM_AC8B31,PRJ_59A70F,6,Reporting,1. Prepare final report combining both methodologies | 2. Submit to conference or journal | 3. Archive all artifacts
RDM_829B47,PRJ_86DC3F,1,Literature Review & Problem Formulation,1. Conduct systematic literature review on topic | 2. Identify research gaps and define problem statement | 3. Prepare literature review document (min 30 papers) | 4. Define hypothesis and success criteria
RDM_E9559E,PRJ_86DC3F,2,Design & Procurement,1. Finalize system architecture and block diagram | 2. Prepare Bill of Materials (BoM) | 3. Procure equipment and consumables | 4. Set up experimental workspace and safety protocols
RDM_54EBB8,PRJ_86DC3F,3,Prototype Development,1. Assemble hardware components | 2. Develop initial firmware/software | 3. Perform bench-level unit tests | 4. Document assembly and calibration procedure
RDM_538CF7,PRJ_86DC3F,4,Data Collection,1. Design data collection protocol | 2. Run controlled experiments with replication | 3. Log raw data with timestamps | 4. Perform initial quality check on collected data
RDM_05B30D,PRJ_86DC3F,5,Analysis & Modeling,1. Clean and preprocess collected data | 2. Apply statistical/ML models | 3. Visualize results and generate insights | 4. Conduct sensitivity analysis
RDM_6BE0EC,PRJ_86DC3F,6,Validation & Testing,"1. Compare results against baseline or benchmarks | 2. Conduct blind validation experiments | 3. Document accuracy, precision, recall metrics | 4. Identify failure modes and limitations"
RDM_F094BF,PRJ_86DC3F,7,Reporting & Dissemination,"1. Write final project report | 2. Prepare journal/conference manuscript | 3. Create poster or demo presentation | 4. Archive code, data, and documentation on GitHub/Zenodo"
RDM_6B1326,PRJ_4CEE1D,1,Literature Review & Problem Formulation,1. Conduct systematic literature review on topic | 2. Identify research gaps and define problem statement | 3. Prepare literature review document (min 30 papers) | 4. Define hypothesis and success criteria
RDM_6CBC3E,PRJ_4CEE1D,2,Design & Procurement,1. Finalize system architecture and block diagram | 2. Prepare Bill of Materials (BoM) | 3. Procure equipment and consumables | 4. Set up experimental workspace and safety protocols
RDM_516B40,PRJ_4CEE1D,3,Prototype Development,1. Assemble hardware components | 2. Develop initial firmware/software | 3. Perform bench-level unit tests | 4. Document assembly and calibration procedure
RDM_1C3D39,PRJ_4CEE1D,4,Data Collection,1. Design data collection protocol | 2. Run controlled experiments with replication | 3. Log raw data with timestamps | 4. Perform initial quality check on collected data
RDM_283C87,PRJ_4CEE1D,5,Analysis & Modeling,1. Clean and preprocess collected data | 2. Apply statistical/ML models | 3. Visualize results and generate insights | 4. Conduct sensitivity analysis
RDM_2EDDD5,PRJ_4CEE1D,6,Validation & Testing,"1. Compare results against baseline or benchmarks | 2. Conduct blind validation experiments | 3. Document accuracy, precision, recall metrics | 4. Identify failure modes and limitations"
RDM_0E3E6A,PRJ_4CEE1D,7,Reporting & Dissemination,"1. Write final project report | 2. Prepare journal/conference manuscript | 3. Create poster or demo presentation | 4. Archive code, data, and documentation on GitHub/Zenodo"
RDM_8D44AC,PRJ_D83FEE,1,Literature Review & Problem Formulation,1. Conduct systematic literature review on topic | 2. Identify research gaps and define problem statement | 3. Prepare literature review document (min 30 papers) | 4. Define hypothesis and success criteria
RDM_D2B53A,PRJ_D83FEE,2,Design & Procurement,1. Finalize system architecture and block diagram | 2. Prepare Bill of Materials (BoM) | 3. Procure equipment and consumables | 4. Set up experimental workspace and safety protocols
RDM_C9A89A,PRJ_D83FEE,3,Prototype Development,1. Assemble hardware components | 2. Develop initial firmware/software | 3. Perform bench-level unit tests | 4. Document assembly and calibration procedure
RDM_66E83A,PRJ_D83FEE,4,Data Collection,1. Design data collection protocol | 2. Run controlled experiments with replication | 3. Log raw data with timestamps | 4. Perform initial quality check on collected data
RDM_A8A1E0,PRJ_D83FEE,5,Analysis & Modeling,1. Clean and preprocess collected data | 2. Apply statistical/ML models | 3. Visualize results and generate insights | 4. Conduct sensitivity analysis
RDM_B4BCC1,PRJ_D83FEE,6,Validation & Testing,"1. Compare results against baseline or benchmarks | 2. Conduct blind validation experiments | 3. Document accuracy, precision, recall metrics | 4. Identify failure modes and limitations"
RDM_E500DD,PRJ_D83FEE,7,Reporting & Dissemination,"1. Write final project report | 2. Prepare journal/conference manuscript | 3. Create poster or demo presentation | 4. Archive code, data, and documentation on GitHub/Zenodo"
RDM_D55381,PRJ_E67B02,1,Literature Review,1. Perform systematic literature review | 2. Identify experimental and computational components | 3. Define hybrid methodology rationale
RDM_9547F1,PRJ_E67B02,2,Experimental Setup,1. Procure equipment and prepare lab setup | 2. Conduct preliminary experiments | 3. Collect baseline experimental data
RDM_E81B64,PRJ_E67B02,3,Computational Modeling,1. Develop simulation or ML model | 2. Calibrate model with experimental data | 3. Perform virtual parameter sweeps
RDM_121D6E,PRJ_E67B02,4,Integrated Analysis,1. Cross-validate experimental and computational results | 2. Identify discrepancies and perform root-cause analysis | 3. Optimize design based on integrated findings
RDM_CD121F,PRJ_E67B02,5,Validation,1. Conduct confirmatory experiments | 2. Benchmark against existing literature | 3. Document uncertainty and error bounds
RDM_0870F5,PRJ_E67B02,6,Reporting,1. Prepare final report combining both methodologies | 2. Submit to conference or journal | 3. Archive all artifacts
RDM_224DB2,PRJ_284194,1,Literature Review,1. Perform systematic literature review | 2. Identify experimental and computational components | 3. Define hybrid methodology rationale
RDM_434176,PRJ_284194,2,Experimental Setup,1. Procure equipment and prepare lab setup | 2. Conduct preliminary experiments | 3. Collect baseline experimental data
RDM_3E155B,PRJ_284194,3,Computational Modeling,1. Develop simulation or ML model | 2. Calibrate model with experimental data | 3. Perform virtual parameter sweeps
RDM_0F7391,PRJ_284194,4,Integrated Analysis,1. Cross-validate experimental and computational results | 2. Identify discrepancies and perform root-cause analysis | 3. Optimize design based on integrated findings
RDM_731AAE,PRJ_284194,5,Validation,1. Conduct confirmatory experiments | 2. Benchmark against existing literature | 3. Document uncertainty and error bounds
RDM_EBF279,PRJ_284194,6,Reporting,1. Prepare final report combining both methodologies | 2. Submit to conference or journal | 3. Archive all artifacts
RDM_0A0DD9,PRJ_7D2491,1,Literature Review,1. Perform systematic literature review | 2. Identify experimental and computational components | 3. Define hybrid methodology rationale
RDM_580789,PRJ_7D2491,2,Experimental Setup,1. Procure equipment and prepare lab setup | 2. Conduct preliminary experiments | 3. Collect baseline experimental data
RDM_761D4E,PRJ_7D2491,3,Computational Modeling,1. Develop simulation or ML model | 2. Calibrate model with experimental data | 3. Perform virtual parameter sweeps
RDM_9E869B,PRJ_7D2491,4,Integrated Analysis,1. Cross-validate experimental and computational results | 2. Identify discrepancies and perform root-cause analysis | 3. Optimize design based on integrated findings
RDM_345A42,PRJ_7D2491,5,Validation,1. Conduct confirmatory experiments | 2. Benchmark against existing literature | 3. Document uncertainty and error bounds
RDM_DE7456,PRJ_7D2491,6,Reporting,1. Prepare final report combining both methodologies | 2. Submit to conference or journal | 3. Archive all artifacts
RDM_DC2E2B,PRJ_A7D8C6,1,Literature Review & Problem Formulation,1. Conduct systematic literature review on topic | 2. Identify research gaps and define problem statement | 3. Prepare literature review document (min 30 papers) | 4. Define hypothesis and success criteria
RDM_F2A37A,PRJ_A7D8C6,2,Design & Procurement,1. Finalize system architecture and block diagram | 2. Prepare Bill of Materials (BoM) | 3. Procure equipment and consumables | 4. Set up experimental workspace and safety protocols
RDM_4D4B6E,PRJ_A7D8C6,3,Prototype Development,1. Assemble hardware components | 2. Develop initial firmware/software | 3. Perform bench-level unit tests | 4. Document assembly and calibration procedure
RDM_FC850C,PRJ_A7D8C6,4,Data Collection,1. Design data collection protocol | 2. Run controlled experiments with replication | 3. Log raw data with timestamps | 4. Perform initial quality check on collected data
RDM_4534B9,PRJ_A7D8C6,5,Analysis & Modeling,1. Clean and preprocess collected data | 2. Apply statistical/ML models | 3. Visualize results and generate insights | 4. Conduct sensitivity analysis
RDM_9D0821,PRJ_A7D8C6,6,Validation & Testing,"1. Compare results against baseline or benchmarks | 2. Conduct blind validation experiments | 3. Document accuracy, precision, recall metrics | 4. Identify failure modes and limitations"
RDM_4A23CC,PRJ_A7D8C6,7,Reporting & Dissemination,"1. Write final project report | 2. Prepare journal/conference manuscript | 3. Create poster or demo presentation | 4. Archive code, data, and documentation on GitHub/Zenodo"
RDM_80AED0,PRJ_CE4D52,1,Literature Review,1. Perform systematic literature review | 2. Identify experimental and computational components | 3. Define hybrid methodology rationale
RDM_45D3F5,PRJ_CE4D52,2,Experimental Setup,1. Procure equipment and prepare lab setup | 2. Conduct preliminary experiments | 3. Collect baseline experimental data
RDM_09243B,PRJ_CE4D52,3,Computational Modeling,1. Develop simulation or ML model | 2. Calibrate model with experimental data | 3. Perform virtual parameter sweeps
RDM_6EEF3B,PRJ_CE4D52,4,Integrated Analysis,1. Cross-validate experimental and computational results | 2. Identify discrepancies and perform root-cause analysis | 3. Optimize design based on integrated findings
RDM_5E5EE0,PRJ_CE4D52,5,Validation,1. Conduct confirmatory experiments | 2. Benchmark against existing literature | 3. Document uncertainty and error bounds
RDM_A1DA90,PRJ_CE4D52,6,Reporting,1. Prepare final report combining both methodologies | 2. Submit to conference or journal | 3. Archive all artifacts
RDM_9A846C,PRJ_C14DC5,1,Literature Review,1. Perform systematic literature review | 2. Identify experimental and computational components | 3. Define hybrid methodology rationale
RDM_F91C4A,PRJ_C14DC5,2,Experimental Setup,1. Procure equipment and prepare lab setup | 2. Conduct preliminary experiments | 3. Collect baseline experimental data
RDM_0B9541,PRJ_C14DC5,3,Computational Modeling,1. Develop simulation or ML model | 2. Calibrate model with experimental data | 3. Perform virtual parameter sweeps
RDM_A788C2,PRJ_C14DC5,4,Integrated Analysis,1. Cross-validate experimental and computational results | 2. Identify discrepancies and perform root-cause analysis | 3. Optimize design based on integrated findings
RDM_D42564,PRJ_C14DC5,5,Validation,1. Conduct confirmatory experiments | 2. Benchmark against existing literature | 3. Document uncertainty and error bounds
RDM_B3AE2B,PRJ_C14DC5,6,Reporting,1. Prepare final report combining both methodologies | 2. Submit to conference or journal | 3. Archive all artifacts
RDM_469DC7,PRJ_CD4D6A,1,Literature Review & Problem Formulation,1. Conduct systematic literature review on topic | 2. Identify research gaps and define problem statement | 3. Prepare literature review document (min 30 papers) | 4. Define hypothesis and success criteria
RDM_E1051C,PRJ_CD4D6A,2,Design & Procurement,1. Finalize system architecture and block diagram | 2. Prepare Bill of Materials (BoM) | 3. Procure equipment and consumables | 4. Set up experimental workspace and safety protocols
RDM_340E4B,PRJ_CD4D6A,3,Prototype Development,1. Assemble hardware components | 2. Develop initial firmware/software | 3. Perform bench-level unit tests | 4. Document assembly and calibration procedure
RDM_CC3788,PRJ_CD4D6A,4,Data Collection,1. Design data collection protocol | 2. Run controlled experiments with replication | 3. Log raw data with timestamps | 4. Perform initial quality check on collected data
RDM_5D1950,PRJ_CD4D6A,5,Analysis & Modeling,1. Clean and preprocess collected data | 2. Apply statistical/ML models | 3. Visualize results and generate insights | 4. Conduct sensitivity analysis
RDM_D4149B,PRJ_CD4D6A,6,Validation & Testing,"1. Compare results against baseline or benchmarks | 2. Conduct blind validation experiments | 3. Document accuracy, precision, recall metrics | 4. Identify failure modes and limitations"
RDM_F3377E,PRJ_CD4D6A,7,Reporting & Dissemination,"1. Write final project report | 2. Prepare journal/conference manuscript | 3. Create poster or demo presentation | 4. Archive code, data, and documentation on GitHub/Zenodo"
RDM_E4287C,PRJ_E18A51,1,Literature Review,1. Perform systematic literature review | 2. Identify experimental and computational components | 3. Define hybrid methodology rationale
RDM_6A6131,PRJ_E18A51,2,Experimental Setup,1. Procure equipment and prepare lab setup | 2. Conduct preliminary experiments | 3. Collect baseline experimental data
RDM_873EFE,PRJ_E18A51,3,Computational Modeling,1. Develop simulation or ML model | 2. Calibrate model with experimental data | 3. Perform virtual parameter sweeps
RDM_1E98F6,PRJ_E18A51,4,Integrated Analysis,1. Cross-validate experimental and computational results | 2. Identify discrepancies and perform root-cause analysis | 3. Optimize design based on integrated findings
RDM_0FAC94,PRJ_E18A51,5,Validation,1. Conduct confirmatory experiments | 2. Benchmark against existing literature | 3. Document uncertainty and error bounds
RDM_BBE902,PRJ_E18A51,6,Reporting,1. Prepare final report combining both methodologies | 2. Submit to conference or journal | 3. Archive all artifacts
RDM_DA674E,PRJ_307A31,1,Literature Review & Problem Formulation,1. Conduct systematic literature review on topic | 2. Identify research gaps and define problem statement | 3. Prepare literature review document (min 30 papers) | 4. Define hypothesis and success criteria
RDM_E140C8,PRJ_307A31,2,Design & Procurement,1. Finalize system architecture and block diagram | 2. Prepare Bill of Materials (BoM) | 3. Procure equipment and consumables | 4. Set up experimental workspace and safety protocols
RDM_F5B97F,PRJ_307A31,3,Prototype Development,1. Assemble hardware components | 2. Develop initial firmware/software | 3. Perform bench-level unit tests | 4. Document assembly and calibration procedure
RDM_479DB2,PRJ_307A31,4,Data Collection,1. Design data collection protocol | 2. Run controlled experiments with replication | 3. Log raw data with timestamps | 4. Perform initial quality check on collected data
RDM_D396CB,PRJ_307A31,5,Analysis & Modeling,1. Clean and preprocess collected data | 2. Apply statistical/ML models | 3. Visualize results and generate insights | 4. Conduct sensitivity analysis
RDM_27C681,PRJ_307A31,6,Validation & Testing,"1. Compare results against baseline or benchmarks | 2. Conduct blind validation experiments | 3. Document accuracy, precision, recall metrics | 4. Identify failure modes and limitations"
RDM_767333,PRJ_307A31,7,Reporting & Dissemination,"1. Write final project report | 2. Prepare journal/conference manuscript | 3. Create poster or demo presentation | 4. Archive code, data, and documentation on GitHub/Zenodo"
RDM_2753B8,PRJ_C92A7F,1,Literature Review,1. Perform systematic literature review | 2. Identify experimental and computational components | 3. Define hybrid methodology rationale
RDM_4877FD,PRJ_C92A7F,2,Experimental Setup,1. Procure equipment and prepare lab setup | 2. Conduct preliminary experiments | 3. Collect baseline experimental data
RDM_43FB74,PRJ_C92A7F,3,Computational Modeling,1. Develop simulation or ML model | 2. Calibrate model with experimental data | 3. Perform virtual parameter sweeps
RDM_FCD6EC,PRJ_C92A7F,4,Integrated Analysis,1. Cross-validate experimental and computational results | 2. Identify discrepancies and perform root-cause analysis | 3. Optimize design based on integrated findings
RDM_501B59,PRJ_C92A7F,5,Validation,1. Conduct confirmatory experiments | 2. Benchmark against existing literature | 3. Document uncertainty and error bounds
RDM_CCC25C,PRJ_C92A7F,6,Reporting,1. Prepare final report combining both methodologies | 2. Submit to conference or journal | 3. Archive all artifacts
RDM_D332ED,PRJ_D51A2C,1,Literature Review & Problem Formulation,1. Conduct systematic literature review on topic | 2. Identify research gaps and define problem statement | 3. Prepare literature review document (min 30 papers) | 4. Define hypothesis and success criteria
RDM_487731,PRJ_D51A2C,2,Design & Procurement,1. Finalize system architecture and block diagram | 2. Prepare Bill of Materials (BoM) | 3. Procure equipment and consumables | 4. Set up experimental workspace and safety protocols
RDM_E7A18B,PRJ_D51A2C,3,Prototype Development,1. Assemble hardware components | 2. Develop initial firmware/software | 3. Perform bench-level unit tests | 4. Document assembly and calibration procedure
RDM_09DCAF,PRJ_D51A2C,4,Data Collection,1. Design data collection protocol | 2. Run controlled experiments with replication | 3. Log raw data with timestamps | 4. Perform initial quality check on collected data
RDM_5383E3,PRJ_D51A2C,5,Analysis & Modeling,1. Clean and preprocess collected data | 2. Apply statistical/ML models | 3. Visualize results and generate insights | 4. Conduct sensitivity analysis
RDM_695EA6,PRJ_D51A2C,6,Validation & Testing,"1. Compare results against baseline or benchmarks | 2. Conduct blind validation experiments | 3. Document accuracy, precision, recall metrics | 4. Identify failure modes and limitations"
RDM_338E83,PRJ_D51A2C,7,Reporting & Dissemination,"1. Write final project report | 2. Prepare journal/conference manuscript | 3. Create poster or demo presentation | 4. Archive code, data, and documentation on GitHub/Zenodo"
RDM_330CBA,PRJ_CBD6CF,1,Literature Review,1. Perform systematic literature review | 2. Identify experimental and computational components | 3. Define hybrid methodology rationale
RDM_19A0A6,PRJ_CBD6CF,2,Experimental Setup,1. Procure equipment and prepare lab setup | 2. Conduct preliminary experiments | 3. Collect baseline experimental data
RDM_C86DF3,PRJ_CBD6CF,3,Computational Modeling,1. Develop simulation or ML model | 2. Calibrate model with experimental data | 3. Perform virtual parameter sweeps
RDM_6E8E4F,PRJ_CBD6CF,4,Integrated Analysis,1. Cross-validate experimental and computational results | 2. Identify discrepancies and perform root-cause analysis | 3. Optimize design based on integrated findings
RDM_FB4F8A,PRJ_CBD6CF,5,Validation,1. Conduct confirmatory experiments | 2. Benchmark against existing literature | 3. Document uncertainty and error bounds
RDM_CB8A09,PRJ_CBD6CF,6,Reporting,1. Prepare final report combining both methodologies | 2. Submit to conference or journal | 3. Archive all artifacts
RDM_5363A4,PRJ_982EFC,1,Literature Review & Problem Formulation,1. Conduct systematic literature review on topic | 2. Identify research gaps and define problem statement | 3. Prepare literature review document (min 30 papers) | 4. Define hypothesis and success criteria
RDM_1A81CC,PRJ_982EFC,2,Design & Procurement,1. Finalize system architecture and block diagram | 2. Prepare Bill of Materials (BoM) | 3. Procure equipment and consumables | 4. Set up experimental workspace and safety protocols
RDM_7CBF8A,PRJ_982EFC,3,Prototype Development,1. Assemble hardware components | 2. Develop initial firmware/software | 3. Perform bench-level unit tests | 4. Document assembly and calibration procedure
RDM_1F33D6,PRJ_982EFC,4,Data Collection,1. Design data collection protocol | 2. Run controlled experiments with replication | 3. Log raw data with timestamps | 4. Perform initial quality check on collected data
RDM_1F2C96,PRJ_982EFC,5,Analysis & Modeling,1. Clean and preprocess collected data | 2. Apply statistical/ML models | 3. Visualize results and generate insights | 4. Conduct sensitivity analysis
RDM_4CC216,PRJ_982EFC,6,Validation & Testing,"1. Compare results against baseline or benchmarks | 2. Conduct blind validation experiments | 3. Document accuracy, precision, recall metrics | 4. Identify failure modes and limitations"
RDM_33DF2F,PRJ_982EFC,7,Reporting & Dissemination,"1. Write final project report | 2. Prepare journal/conference manuscript | 3. Create poster or demo presentation | 4. Archive code, data, and documentation on GitHub/Zenodo"
RDM_FE1A80,PRJ_F2E4F9,1,Literature Review & Problem Formulation,1. Conduct systematic literature review on topic | 2. Identify research gaps and define problem statement | 3. Prepare literature review document (min 30 papers) | 4. Define hypothesis and success criteria
RDM_A10790,PRJ_F2E4F9,2,Design & Procurement,1. Finalize system architecture and block diagram | 2. Prepare Bill of Materials (BoM) | 3. Procure equipment and consumables | 4. Set up experimental workspace and safety protocols
RDM_22EEDE,PRJ_F2E4F9,3,Prototype Development,1. Assemble hardware components | 2. Develop initial firmware/software | 3. Perform bench-level unit tests | 4. Document assembly and calibration procedure
RDM_7F3BB6,PRJ_F2E4F9,4,Data Collection,1. Design data collection protocol | 2. Run controlled experiments with replication | 3. Log raw data with timestamps | 4. Perform initial quality check on collected data
RDM_C2893D,PRJ_F2E4F9,5,Analysis & Modeling,1. Clean and preprocess collected data | 2. Apply statistical/ML models | 3. Visualize results and generate insights | 4. Conduct sensitivity analysis
RDM_FE95BF,PRJ_F2E4F9,6,Validation & Testing,"1. Compare results against baseline or benchmarks | 2. Conduct blind validation experiments | 3. Document accuracy, precision, recall metrics | 4. Identify failure modes and limitations"
RDM_D68358,PRJ_F2E4F9,7,Reporting & Dissemination,"1. Write final project report | 2. Prepare journal/conference manuscript | 3. Create poster or demo presentation | 4. Archive code, data, and documentation on GitHub/Zenodo"
RDM_BB19CC,PRJ_91B752,1,Literature Review,1. Perform systematic literature review | 2. Identify experimental and computational components | 3. Define hybrid methodology rationale
RDM_1784FC,PRJ_91B752,2,Experimental Setup,1. Procure equipment and prepare lab setup | 2. Conduct preliminary experiments | 3. Collect baseline experimental data
RDM_1FC795,PRJ_91B752,3,Computational Modeling,1. Develop simulation or ML model | 2. Calibrate model with experimental data | 3. Perform virtual parameter sweeps
RDM_0FEF31,PRJ_91B752,4,Integrated Analysis,1. Cross-validate experimental and computational results | 2. Identify discrepancies and perform root-cause analysis | 3. Optimize design based on integrated findings
RDM_B708E2,PRJ_91B752,5,Validation,1. Conduct confirmatory experiments | 2. Benchmark against existing literature | 3. Document uncertainty and error bounds
RDM_13937D,PRJ_91B752,6,Reporting,1. Prepare final report combining both methodologies | 2. Submit to conference or journal | 3. Archive all artifacts
RDM_0C56D9,PRJ_73FDE8,1,Literature Review & Problem Formulation,1. Conduct systematic literature review on topic | 2. Identify research gaps and define problem statement | 3. Prepare literature review document (min 30 papers) | 4. Define hypothesis and success criteria
RDM_8D2C10,PRJ_73FDE8,2,Design & Procurement,1. Finalize system architecture and block diagram | 2. Prepare Bill of Materials (BoM) | 3. Procure equipment and consumables | 4. Set up experimental workspace and safety protocols
RDM_DDD13B,PRJ_73FDE8,3,Prototype Development,1. Assemble hardware components | 2. Develop initial firmware/software | 3. Perform bench-level unit tests | 4. Document assembly and calibration procedure
RDM_07A66F,PRJ_73FDE8,4,Data Collection,1. Design data collection protocol | 2. Run controlled experiments with replication | 3. Log raw data with timestamps | 4. Perform initial quality check on collected data
RDM_24A093,PRJ_73FDE8,5,Analysis & Modeling,1. Clean and preprocess collected data | 2. Apply statistical/ML models | 3. Visualize results and generate insights | 4. Conduct sensitivity analysis
RDM_BA37B3,PRJ_73FDE8,6,Validation & Testing,"1. Compare results against baseline or benchmarks | 2. Conduct blind validation experiments | 3. Document accuracy, precision, recall metrics | 4. Identify failure modes and limitations"
RDM_223A11,PRJ_73FDE8,7,Reporting & Dissemination,"1. Write final project report | 2. Prepare journal/conference manuscript | 3. Create poster or demo presentation | 4. Archive code, data, and documentation on GitHub/Zenodo"
RDM_D5D27F,PRJ_D185CA,1,Literature Review,1. Perform systematic literature review | 2. Identify experimental and computational components | 3. Define hybrid methodology rationale
RDM_D3BDD2,PRJ_D185CA,2,Experimental Setup,1. Procure equipment and prepare lab setup | 2. Conduct preliminary experiments | 3. Collect baseline experimental data
RDM_C0656E,PRJ_D185CA,3,Computational Modeling,1. Develop simulation or ML model | 2. Calibrate model with experimental data | 3. Perform virtual parameter sweeps
RDM_151EC9,PRJ_D185CA,4,Integrated Analysis,1. Cross-validate experimental and computational results | 2. Identify discrepancies and perform root-cause analysis | 3. Optimize design based on integrated findings
RDM_FDB501,PRJ_D185CA,5,Validation,1. Conduct confirmatory experiments | 2. Benchmark against existing literature | 3. Document uncertainty and error bounds
RDM_556DD1,PRJ_D185CA,6,Reporting,1. Prepare final report combining both methodologies | 2. Submit to conference or journal | 3. Archive all artifacts
RDM_60D550,PRJ_AFBFDE,1,Literature Review & Problem Formulation,1. Conduct systematic literature review on topic | 2. Identify research gaps and define problem statement | 3. Prepare literature review document (min 30 papers) | 4. Define hypothesis and success criteria
RDM_38B89C,PRJ_AFBFDE,2,Design & Procurement,1. Finalize system architecture and block diagram | 2. Prepare Bill of Materials (BoM) | 3. Procure equipment and consumables | 4. Set up experimental workspace and safety protocols
RDM_03B767,PRJ_AFBFDE,3,Prototype Development,1. Assemble hardware components | 2. Develop initial firmware/software | 3. Perform bench-level unit tests | 4. Document assembly and calibration procedure
RDM_2288FF,PRJ_AFBFDE,4,Data Collection,1. Design data collection protocol | 2. Run controlled experiments with replication | 3. Log raw data with timestamps | 4. Perform initial quality check on collected data
RDM_6B4C0D,PRJ_AFBFDE,5,Analysis & Modeling,1. Clean and preprocess collected data | 2. Apply statistical/ML models | 3. Visualize results and generate insights | 4. Conduct sensitivity analysis
RDM_55555C,PRJ_AFBFDE,6,Validation & Testing,"1. Compare results against baseline or benchmarks | 2. Conduct blind validation experiments | 3. Document accuracy, precision, recall metrics | 4. Identify failure modes and limitations"
RDM_A2C116,PRJ_AFBFDE,7,Reporting & Dissemination,"1. Write final project report | 2. Prepare journal/conference manuscript | 3. Create poster or demo presentation | 4. Archive code, data, and documentation on GitHub/Zenodo"
RDM_4CB15C,PRJ_150C1A,1,Literature Review,1. Perform systematic literature review | 2. Identify experimental and computational components | 3. Define hybrid methodology rationale
RDM_1EDC39,PRJ_150C1A,2,Experimental Setup,1. Procure equipment and prepare lab setup | 2. Conduct preliminary experiments | 3. Collect baseline experimental data
RDM_4AD031,PRJ_150C1A,3,Computational Modeling,1. Develop simulation or ML model | 2. Calibrate model with experimental data | 3. Perform virtual parameter sweeps
RDM_E91AA0,PRJ_150C1A,4,Integrated Analysis,1. Cross-validate experimental and computational results | 2. Identify discrepancies and perform root-cause analysis | 3. Optimize design based on integrated findings
RDM_235E46,PRJ_150C1A,5,Validation,1. Conduct confirmatory experiments | 2. Benchmark against existing literature | 3. Document uncertainty and error bounds
RDM_4D12FF,PRJ_150C1A,6,Reporting,1. Prepare final report combining both methodologies | 2. Submit to conference or journal | 3. Archive all artifacts
RDM_43FF12,PRJ_7C4D6B,1,Literature Review,1. Perform systematic literature review | 2. Identify experimental and computational components | 3. Define hybrid methodology rationale
RDM_08254A,PRJ_7C4D6B,2,Experimental Setup,1. Procure equipment and prepare lab setup | 2. Conduct preliminary experiments | 3. Collect baseline experimental data
RDM_F92A3F,PRJ_7C4D6B,3,Computational Modeling,1. Develop simulation or ML model | 2. Calibrate model with experimental data | 3. Perform virtual parameter sweeps
RDM_C4F65A,PRJ_7C4D6B,4,Integrated Analysis,1. Cross-validate experimental and computational results | 2. Identify discrepancies and perform root-cause analysis | 3. Optimize design based on integrated findings
RDM_6D97CF,PRJ_7C4D6B,5,Validation,1. Conduct confirmatory experiments | 2. Benchmark against existing literature | 3. Document uncertainty and error bounds
RDM_33A7C3,PRJ_7C4D6B,6,Reporting,1. Prepare final report combining both methodologies | 2. Submit to conference or journal | 3. Archive all artifacts
RDM_18CC62,PRJ_5E0A36,1,Literature Review,1. Perform systematic literature review | 2. Identify experimental and computational components | 3. Define hybrid methodology rationale
RDM_102FA4,PRJ_5E0A36,2,Experimental Setup,1. Procure equipment and prepare lab setup | 2. Conduct preliminary experiments | 3. Collect baseline experimental data
RDM_2F289F,PRJ_5E0A36,3,Computational Modeling,1. Develop simulation or ML model | 2. Calibrate model with experimental data | 3. Perform virtual parameter sweeps
RDM_384923,PRJ_5E0A36,4,Integrated Analysis,1. Cross-validate experimental and computational results | 2. Identify discrepancies and perform root-cause analysis | 3. Optimize design based on integrated findings
RDM_A548E7,PRJ_5E0A36,5,Validation,1. Conduct confirmatory experiments | 2. Benchmark against existing literature | 3. Document uncertainty and error bounds
RDM_0679F9,PRJ_5E0A36,6,Reporting,1. Prepare final report combining both methodologies | 2. Submit to conference or journal | 3. Archive all artifacts
RDM_F10C93,PRJ_DC7C62,1,Literature Review,1. Perform systematic literature review | 2. Identify experimental and computational components | 3. Define hybrid methodology rationale
RDM_D49E45,PRJ_DC7C62,2,Experimental Setup,1. Procure equipment and prepare lab setup | 2. Conduct preliminary experiments | 3. Collect baseline experimental data
RDM_3CDA9A,PRJ_DC7C62,3,Computational Modeling,1. Develop simulation or ML model | 2. Calibrate model with experimental data | 3. Perform virtual parameter sweeps
RDM_731296,PRJ_DC7C62,4,Integrated Analysis,1. Cross-validate experimental and computational results | 2. Identify discrepancies and perform root-cause analysis | 3. Optimize design based on integrated findings
RDM_5AB996,PRJ_DC7C62,5,Validation,1. Conduct confirmatory experiments | 2. Benchmark against existing literature | 3. Document uncertainty and error bounds
RDM_4DB1DB,PRJ_DC7C62,6,Reporting,1. Prepare final report combining both methodologies | 2. Submit to conference or journal | 3. Archive all artifacts
RDM_B83328,PRJ_BC9871,1,Literature Review,1. Perform systematic literature review | 2. Identify experimental and computational components | 3. Define hybrid methodology rationale
RDM_80F419,PRJ_BC9871,2,Experimental Setup,1. Procure equipment and prepare lab setup | 2. Conduct preliminary experiments | 3. Collect baseline experimental data
RDM_57D0BE,PRJ_BC9871,3,Computational Modeling,1. Develop simulation or ML model | 2. Calibrate model with experimental data | 3. Perform virtual parameter sweeps
RDM_B22F47,PRJ_BC9871,4,Integrated Analysis,1. Cross-validate experimental and computational results | 2. Identify discrepancies and perform root-cause analysis | 3. Optimize design based on integrated findings
RDM_7982B2,PRJ_BC9871,5,Validation,1. Conduct confirmatory experiments | 2. Benchmark against existing literature | 3. Document uncertainty and error bounds
RDM_B89635,PRJ_BC9871,6,Reporting,1. Prepare final report combining both methodologies | 2. Submit to conference or journal | 3. Archive all artifacts
RDM_A9A422,PRJ_CF8B05,1,Literature Review,1. Perform systematic literature review | 2. Identify experimental and computational components | 3. Define hybrid methodology rationale
RDM_F2E88D,PRJ_CF8B05,2,Experimental Setup,1. Procure equipment and prepare lab setup | 2. Conduct preliminary experiments | 3. Collect baseline experimental data
RDM_9F6376,PRJ_CF8B05,3,Computational Modeling,1. Develop simulation or ML model | 2. Calibrate model with experimental data | 3. Perform virtual parameter sweeps
RDM_ABE15A,PRJ_CF8B05,4,Integrated Analysis,1. Cross-validate experimental and computational results | 2. Identify discrepancies and perform root-cause analysis | 3. Optimize design based on integrated findings
RDM_2BA438,PRJ_CF8B05,5,Validation,1. Conduct confirmatory experiments | 2. Benchmark against existing literature | 3. Document uncertainty and error bounds
RDM_75D01A,PRJ_CF8B05,6,Reporting,1. Prepare final report combining both methodologies | 2. Submit to conference or journal | 3. Archive all artifacts
RDM_0BF757,PRJ_53806E,1,Literature Review,1. Perform systematic literature review | 2. Identify experimental and computational components | 3. Define hybrid methodology rationale
RDM_374DD3,PRJ_53806E,2,Experimental Setup,1. Procure equipment and prepare lab setup | 2. Conduct preliminary experiments | 3. Collect baseline experimental data
RDM_85E020,PRJ_53806E,3,Computational Modeling,1. Develop simulation or ML model | 2. Calibrate model with experimental data | 3. Perform virtual parameter sweeps
RDM_050074,PRJ_53806E,4,Integrated Analysis,1. Cross-validate experimental and computational results | 2. Identify discrepancies and perform root-cause analysis | 3. Optimize design based on integrated findings
RDM_726A5E,PRJ_53806E,5,Validation,1. Conduct confirmatory experiments | 2. Benchmark against existing literature | 3. Document uncertainty and error bounds
RDM_A9BE3A,PRJ_53806E,6,Reporting,1. Prepare final report combining both methodologies | 2. Submit to conference or journal | 3. Archive all artifacts
RDM_D5DF16,PRJ_69D068,1,Problem Scoping & Literature Review,"1. Define problem formally with inputs, outputs, and objectives | 2. Review state-of-the-art models and benchmarks | 3. Identify datasets and evaluation metrics | 4. Prepare related work summary"
RDM_F40DBB,PRJ_69D068,2,Dataset Preparation,"1. Identify and download relevant public datasets | 2. Perform exploratory data analysis (EDA) | 3. Handle missing values, outliers, and class imbalance | 4. Split data into train/validation/test sets"
RDM_B0EC72,PRJ_69D068,3,Model Architecture Design,1. Propose candidate model architectures | 2. Implement baseline model | 3. Define loss functions and evaluation metrics | 4. Set up experiment tracking (MLflow/W&B)
RDM_90EC57,PRJ_69D068,4,Training & Optimization,1. Train baseline model and log results | 2. Perform hyperparameter tuning (grid/random/Bayesian search) | 3. Apply regularization and augmentation strategies | 4. Analyze learning curves and convergence
RDM_F42E98,PRJ_69D068,5,Evaluation & Ablation,1. Evaluate on held-out test set | 2. Conduct ablation studies for each component | 3. Compare with state-of-the-art benchmarks | 4. Perform error analysis on failure cases
RDM_C3F769,PRJ_69D068,6,Deployment & Reporting,1. Package model as REST API (FastAPI/Flask) | 2. Containerize with Docker | 3. Write final report and create demo | 4. Publish code and model weights on GitHub
RDM_CE3E63,PRJ_21E5E0,1,Literature Review,1. Perform systematic literature review | 2. Identify experimental and computational components | 3. Define hybrid methodology rationale
RDM_40073B,PRJ_21E5E0,2,Experimental Setup,1. Procure equipment and prepare lab setup | 2. Conduct preliminary experiments | 3. Collect baseline experimental data
RDM_93EB86,PRJ_21E5E0,3,Computational Modeling,1. Develop simulation or ML model | 2. Calibrate model with experimental data | 3. Perform virtual parameter sweeps
RDM_01A9D8,PRJ_21E5E0,4,Integrated Analysis,1. Cross-validate experimental and computational results | 2. Identify discrepancies and perform root-cause analysis | 3. Optimize design based on integrated findings
RDM_4BC2A8,PRJ_21E5E0,5,Validation,1. Conduct confirmatory experiments | 2. Benchmark against existing literature | 3. Document uncertainty and error bounds
RDM_9903D0,PRJ_21E5E0,6,Reporting,1. Prepare final report combining both methodologies | 2. Submit to conference or journal | 3. Archive all artifacts
RDM_4D3187,PRJ_068A0B,1,Literature Review,1. Perform systematic literature review | 2. Identify experimental and computational components | 3. Define hybrid methodology rationale
RDM_7684C0,PRJ_068A0B,2,Experimental Setup,1. Procure equipment and prepare lab setup | 2. Conduct preliminary experiments | 3. Collect baseline experimental data
RDM_CE5E06,PRJ_068A0B,3,Computational Modeling,1. Develop simulation or ML model | 2. Calibrate model with experimental data | 3. Perform virtual parameter sweeps
RDM_B6C68B,PRJ_068A0B,4,Integrated Analysis,1. Cross-validate experimental and computational results | 2. Identify discrepancies and perform root-cause analysis | 3. Optimize design based on integrated findings
RDM_8CC580,PRJ_068A0B,5,Validation,1. Conduct confirmatory experiments | 2. Benchmark against existing literature | 3. Document uncertainty and error bounds
RDM_9098FE,PRJ_068A0B,6,Reporting,1. Prepare final report combining both methodologies | 2. Submit to conference or journal | 3. Archive all artifacts
RDM_78D95C,PRJ_9AE312,1,Literature Review,1. Perform systematic literature review | 2. Identify experimental and computational components | 3. Define hybrid methodology rationale
RDM_154B72,PRJ_9AE312,2,Experimental Setup,1. Procure equipment and prepare lab setup | 2. Conduct preliminary experiments | 3. Collect baseline experimental data
RDM_82DB21,PRJ_9AE312,3,Computational Modeling,1. Develop simulation or ML model | 2. Calibrate model with experimental data | 3. Perform virtual parameter sweeps
RDM_6FC391,PRJ_9AE312,4,Integrated Analysis,1. Cross-validate experimental and computational results | 2. Identify discrepancies and perform root-cause analysis | 3. Optimize design based on integrated findings
RDM_B54A9D,PRJ_9AE312,5,Validation,1. Conduct confirmatory experiments | 2. Benchmark against existing literature | 3. Document uncertainty and error bounds
RDM_2E7B06,PRJ_9AE312,6,Reporting,1. Prepare final report combining both methodologies | 2. Submit to conference or journal | 3. Archive all artifacts
RDM_600700,PRJ_643369,1,Literature Review & Problem Formulation,1. Conduct systematic literature review on topic | 2. Identify research gaps and define problem statement | 3. Prepare literature review document (min 30 papers) | 4. Define hypothesis and success criteria
RDM_4572D5,PRJ_643369,2,Design & Procurement,1. Finalize system architecture and block diagram | 2. Prepare Bill of Materials (BoM) | 3. Procure equipment and consumables | 4. Set up experimental workspace and safety protocols
RDM_CF86CE,PRJ_643369,3,Prototype Development,1. Assemble hardware components | 2. Develop initial firmware/software | 3. Perform bench-level unit tests | 4. Document assembly and calibration procedure
RDM_1718E2,PRJ_643369,4,Data Collection,1. Design data collection protocol | 2. Run controlled experiments with replication | 3. Log raw data with timestamps | 4. Perform initial quality check on collected data
RDM_74E076,PRJ_643369,5,Analysis & Modeling,1. Clean and preprocess collected data | 2. Apply statistical/ML models | 3. Visualize results and generate insights | 4. Conduct sensitivity analysis
RDM_AC25DC,PRJ_643369,6,Validation & Testing,"1. Compare results against baseline or benchmarks | 2. Conduct blind validation experiments | 3. Document accuracy, precision, recall metrics | 4. Identify failure modes and limitations"
RDM_890AA6,PRJ_643369,7,Reporting & Dissemination,"1. Write final project report | 2. Prepare journal/conference manuscript | 3. Create poster or demo presentation | 4. Archive code, data, and documentation on GitHub/Zenodo"
RDM_427F48,PRJ_79878C,1,Literature Review,1. Perform systematic literature review | 2. Identify experimental and computational components | 3. Define hybrid methodology rationale
RDM_88D169,PRJ_79878C,2,Experimental Setup,1. Procure equipment and prepare lab setup | 2. Conduct preliminary experiments | 3. Collect baseline experimental data
RDM_03317A,PRJ_79878C,3,Computational Modeling,1. Develop simulation or ML model | 2. Calibrate model with experimental data | 3. Perform virtual parameter sweeps
RDM_CAA3CA,PRJ_79878C,4,Integrated Analysis,1. Cross-validate experimental and computational results | 2. Identify discrepancies and perform root-cause analysis | 3. Optimize design based on integrated findings
RDM_FD740C,PRJ_79878C,5,Validation,1. Conduct confirmatory experiments | 2. Benchmark against existing literature | 3. Document uncertainty and error bounds
RDM_8C5412,PRJ_79878C,6,Reporting,1. Prepare final report combining both methodologies | 2. Submit to conference or journal | 3. Archive all artifacts
RDM_B23C13,PRJ_620EB2,1,Problem Scoping & Literature Review,"1. Define problem formally with inputs, outputs, and objectives | 2. Review state-of-the-art models and benchmarks | 3. Identify datasets and evaluation metrics | 4. Prepare related work summary"
RDM_CD9277,PRJ_620EB2,2,Dataset Preparation,"1. Identify and download relevant public datasets | 2. Perform exploratory data analysis (EDA) | 3. Handle missing values, outliers, and class imbalance | 4. Split data into train/validation/test sets"
RDM_7CE7FA,PRJ_620EB2,3,Model Architecture Design,1. Propose candidate model architectures | 2. Implement baseline model | 3. Define loss functions and evaluation metrics | 4. Set up experiment tracking (MLflow/W&B)
RDM_515811,PRJ_620EB2,4,Training & Optimization,1. Train baseline model and log results | 2. Perform hyperparameter tuning (grid/random/Bayesian search) | 3. Apply regularization and augmentation strategies | 4. Analyze learning curves and convergence
RDM_923012,PRJ_620EB2,5,Evaluation & Ablation,1. Evaluate on held-out test set | 2. Conduct ablation studies for each component | 3. Compare with state-of-the-art benchmarks | 4. Perform error analysis on failure cases
RDM_77E323,PRJ_620EB2,6,Deployment & Reporting,1. Package model as REST API (FastAPI/Flask) | 2. Containerize with Docker | 3. Write final report and create demo | 4. Publish code and model weights on GitHub
RDM_9834E7,PRJ_CCA7AF,1,Literature Review & Problem Formulation,1. Conduct systematic literature review on topic | 2. Identify research gaps and define problem statement | 3. Prepare literature review document (min 30 papers) | 4. Define hypothesis and success criteria
RDM_270506,PRJ_CCA7AF,2,Design & Procurement,1. Finalize system architecture and block diagram | 2. Prepare Bill of Materials (BoM) | 3. Procure equipment and consumables | 4. Set up experimental workspace and safety protocols
RDM_5422B7,PRJ_CCA7AF,3,Prototype Development,1. Assemble hardware components | 2. Develop initial firmware/software | 3. Perform bench-level unit tests | 4. Document assembly and calibration procedure
RDM_833929,PRJ_CCA7AF,4,Data Collection,1. Design data collection protocol | 2. Run controlled experiments with replication | 3. Log raw data with timestamps | 4. Perform initial quality check on collected data
RDM_02BB93,PRJ_CCA7AF,5,Analysis & Modeling,1. Clean and preprocess collected data | 2. Apply statistical/ML models | 3. Visualize results and generate insights | 4. Conduct sensitivity analysis
RDM_AA9C8E,PRJ_CCA7AF,6,Validation & Testing,"1. Compare results against baseline or benchmarks | 2. Conduct blind validation experiments | 3. Document accuracy, precision, recall metrics | 4. Identify failure modes and limitations"
RDM_98E851,PRJ_CCA7AF,7,Reporting & Dissemination,"1. Write final project report | 2. Prepare journal/conference manuscript | 3. Create poster or demo presentation | 4. Archive code, data, and documentation on GitHub/Zenodo"
RDM_FD4B1A,PRJ_ECA943,1,Literature Review,1. Perform systematic literature review | 2. Identify experimental and computational components | 3. Define hybrid methodology rationale
RDM_166FD8,PRJ_ECA943,2,Experimental Setup,1. Procure equipment and prepare lab setup | 2. Conduct preliminary experiments | 3. Collect baseline experimental data
RDM_072643,PRJ_ECA943,3,Computational Modeling,1. Develop simulation or ML model | 2. Calibrate model with experimental data | 3. Perform virtual parameter sweeps
RDM_A986E3,PRJ_ECA943,4,Integrated Analysis,1. Cross-validate experimental and computational results | 2. Identify discrepancies and perform root-cause analysis | 3. Optimize design based on integrated findings
RDM_3EA3EC,PRJ_ECA943,5,Validation,1. Conduct confirmatory experiments | 2. Benchmark against existing literature | 3. Document uncertainty and error bounds
RDM_A952B1,PRJ_ECA943,6,Reporting,1. Prepare final report combining both methodologies | 2. Submit to conference or journal | 3. Archive all artifacts
RDM_26E89B,PRJ_801EB6,1,Problem Scoping & Literature Review,"1. Define problem formally with inputs, outputs, and objectives | 2. Review state-of-the-art models and benchmarks | 3. Identify datasets and evaluation metrics | 4. Prepare related work summary"
RDM_151D56,PRJ_801EB6,2,Dataset Preparation,"1. Identify and download relevant public datasets | 2. Perform exploratory data analysis (EDA) | 3. Handle missing values, outliers, and class imbalance | 4. Split data into train/validation/test sets"
RDM_74D226,PRJ_801EB6,3,Model Architecture Design,1. Propose candidate model architectures | 2. Implement baseline model | 3. Define loss functions and evaluation metrics | 4. Set up experiment tracking (MLflow/W&B)
RDM_8BF6A3,PRJ_801EB6,4,Training & Optimization,1. Train baseline model and log results | 2. Perform hyperparameter tuning (grid/random/Bayesian search) | 3. Apply regularization and augmentation strategies | 4. Analyze learning curves and convergence
RDM_D4480B,PRJ_801EB6,5,Evaluation & Ablation,1. Evaluate on held-out test set | 2. Conduct ablation studies for each component | 3. Compare with state-of-the-art benchmarks | 4. Perform error analysis on failure cases
RDM_84E1ED,PRJ_801EB6,6,Deployment & Reporting,1. Package model as REST API (FastAPI/Flask) | 2. Containerize with Docker | 3. Write final report and create demo | 4. Publish code and model weights on GitHub
RDM_A50467,PRJ_18D49B,1,Literature Review,1. Perform systematic literature review | 2. Identify experimental and computational components | 3. Define hybrid methodology rationale
RDM_0C4595,PRJ_18D49B,2,Experimental Setup,1. Procure equipment and prepare lab setup | 2. Conduct preliminary experiments | 3. Collect baseline experimental data
RDM_95CC82,PRJ_18D49B,3,Computational Modeling,1. Develop simulation or ML model | 2. Calibrate model with experimental data | 3. Perform virtual parameter sweeps
RDM_281F33,PRJ_18D49B,4,Integrated Analysis,1. Cross-validate experimental and computational results | 2. Identify discrepancies and perform root-cause analysis | 3. Optimize design based on integrated findings
RDM_F1FF94,PRJ_18D49B,5,Validation,1. Conduct confirmatory experiments | 2. Benchmark against existing literature | 3. Document uncertainty and error bounds
RDM_415870,PRJ_18D49B,6,Reporting,1. Prepare final report combining both methodologies | 2. Submit to conference or journal | 3. Archive all artifacts
RDM_75439A,PRJ_6A51E1,1,Problem Scoping & Literature Review,"1. Define problem formally with inputs, outputs, and objectives | 2. Review state-of-the-art models and benchmarks | 3. Identify datasets and evaluation metrics | 4. Prepare related work summary"
RDM_B60B2A,PRJ_6A51E1,2,Dataset Preparation,"1. Identify and download relevant public datasets | 2. Perform exploratory data analysis (EDA) | 3. Handle missing values, outliers, and class imbalance | 4. Split data into train/validation/test sets"
RDM_3C36E5,PRJ_6A51E1,3,Model Architecture Design,1. Propose candidate model architectures | 2. Implement baseline model | 3. Define loss functions and evaluation metrics | 4. Set up experiment tracking (MLflow/W&B)
RDM_2137A3,PRJ_6A51E1,4,Training & Optimization,1. Train baseline model and log results | 2. Perform hyperparameter tuning (grid/random/Bayesian search) | 3. Apply regularization and augmentation strategies | 4. Analyze learning curves and convergence
RDM_937F11,PRJ_6A51E1,5,Evaluation & Ablation,1. Evaluate on held-out test set | 2. Conduct ablation studies for each component | 3. Compare with state-of-the-art benchmarks | 4. Perform error analysis on failure cases
RDM_CCF344,PRJ_6A51E1,6,Deployment & Reporting,1. Package model as REST API (FastAPI/Flask) | 2. Containerize with Docker | 3. Write final report and create demo | 4. Publish code and model weights on GitHub
RDM_59AE09,PRJ_CC868B,1,Literature Review & Problem Formulation,1. Conduct systematic literature review on topic | 2. Identify research gaps and define problem statement | 3. Prepare literature review document (min 30 papers) | 4. Define hypothesis and success criteria
RDM_CB74E3,PRJ_CC868B,2,Design & Procurement,1. Finalize system architecture and block diagram | 2. Prepare Bill of Materials (BoM) | 3. Procure equipment and consumables | 4. Set up experimental workspace and safety protocols
RDM_62D420,PRJ_CC868B,3,Prototype Development,1. Assemble hardware components | 2. Develop initial firmware/software | 3. Perform bench-level unit tests | 4. Document assembly and calibration procedure
RDM_FECE3B,PRJ_CC868B,4,Data Collection,1. Design data collection protocol | 2. Run controlled experiments with replication | 3. Log raw data with timestamps | 4. Perform initial quality check on collected data
RDM_C15B4C,PRJ_CC868B,5,Analysis & Modeling,1. Clean and preprocess collected data | 2. Apply statistical/ML models | 3. Visualize results and generate insights | 4. Conduct sensitivity analysis
RDM_FEDF95,PRJ_CC868B,6,Validation & Testing,"1. Compare results against baseline or benchmarks | 2. Conduct blind validation experiments | 3. Document accuracy, precision, recall metrics | 4. Identify failure modes and limitations"
RDM_271355,PRJ_CC868B,7,Reporting & Dissemination,"1. Write final project report | 2. Prepare journal/conference manuscript | 3. Create poster or demo presentation | 4. Archive code, data, and documentation on GitHub/Zenodo"
RDM_A38B5E,PRJ_C17CA6,1,Problem Scoping & Literature Review,"1. Define problem formally with inputs, outputs, and objectives | 2. Review state-of-the-art models and benchmarks | 3. Identify datasets and evaluation metrics | 4. Prepare related work summary"
RDM_C75198,PRJ_C17CA6,2,Dataset Preparation,"1. Identify and download relevant public datasets | 2. Perform exploratory data analysis (EDA) | 3. Handle missing values, outliers, and class imbalance | 4. Split data into train/validation/test sets"
RDM_ADA7EA,PRJ_C17CA6,3,Model Architecture Design,1. Propose candidate model architectures | 2. Implement baseline model | 3. Define loss functions and evaluation metrics | 4. Set up experiment tracking (MLflow/W&B)
RDM_6EA605,PRJ_C17CA6,4,Training & Optimization,1. Train baseline model and log results | 2. Perform hyperparameter tuning (grid/random/Bayesian search) | 3. Apply regularization and augmentation strategies | 4. Analyze learning curves and convergence
RDM_16FB0A,PRJ_C17CA6,5,Evaluation & Ablation,1. Evaluate on held-out test set | 2. Conduct ablation studies for each component | 3. Compare with state-of-the-art benchmarks | 4. Perform error analysis on failure cases
RDM_567DAF,PRJ_C17CA6,6,Deployment & Reporting,1. Package model as REST API (FastAPI/Flask) | 2. Containerize with Docker | 3. Write final report and create demo | 4. Publish code and model weights on GitHub
RDM_D6B70E,PRJ_B4303E,1,Literature Review,1. Perform systematic literature review | 2. Identify experimental and computational components | 3. Define hybrid methodology rationale
RDM_005022,PRJ_B4303E,2,Experimental Setup,1. Procure equipment and prepare lab setup | 2. Conduct preliminary experiments | 3. Collect baseline experimental data
RDM_F3691C,PRJ_B4303E,3,Computational Modeling,1. Develop simulation or ML model | 2. Calibrate model with experimental data | 3. Perform virtual parameter sweeps
RDM_8C60E5,PRJ_B4303E,4,Integrated Analysis,1. Cross-validate experimental and computational results | 2. Identify discrepancies and perform root-cause analysis | 3. Optimize design based on integrated findings
RDM_5477C5,PRJ_B4303E,5,Validation,1. Conduct confirmatory experiments | 2. Benchmark against existing literature | 3. Document uncertainty and error bounds
RDM_2FEB71,PRJ_B4303E,6,Reporting,1. Prepare final report combining both methodologies | 2. Submit to conference or journal | 3. Archive all artifacts
RDM_0D1398,PRJ_D90B39,1,Problem Scoping & Literature Review,"1. Define problem formally with inputs, outputs, and objectives | 2. Review state-of-the-art models and benchmarks | 3. Identify datasets and evaluation metrics | 4. Prepare related work summary"
RDM_E962EA,PRJ_D90B39,2,Dataset Preparation,"1. Identify and download relevant public datasets | 2. Perform exploratory data analysis (EDA) | 3. Handle missing values, outliers, and class imbalance | 4. Split data into train/validation/test sets"
RDM_AC14BE,PRJ_D90B39,3,Model Architecture Design,1. Propose candidate model architectures | 2. Implement baseline model | 3. Define loss functions and evaluation metrics | 4. Set up experiment tracking (MLflow/W&B)
RDM_F2EB20,PRJ_D90B39,4,Training & Optimization,1. Train baseline model and log results | 2. Perform hyperparameter tuning (grid/random/Bayesian search) | 3. Apply regularization and augmentation strategies | 4. Analyze learning curves and convergence
RDM_ACCFE4,PRJ_D90B39,5,Evaluation & Ablation,1. Evaluate on held-out test set | 2. Conduct ablation studies for each component | 3. Compare with state-of-the-art benchmarks | 4. Perform error analysis on failure cases
RDM_ABF83E,PRJ_D90B39,6,Deployment & Reporting,1. Package model as REST API (FastAPI/Flask) | 2. Containerize with Docker | 3. Write final report and create demo | 4. Publish code and model weights on GitHub
RDM_C8A657,PRJ_724007,1,Problem Scoping & Literature Review,"1. Define problem formally with inputs, outputs, and objectives | 2. Review state-of-the-art models and benchmarks | 3. Identify datasets and evaluation metrics | 4. Prepare related work summary"
RDM_14BC48,PRJ_724007,2,Dataset Preparation,"1. Identify and download relevant public datasets | 2. Perform exploratory data analysis (EDA) | 3. Handle missing values, outliers, and class imbalance | 4. Split data into train/validation/test sets"
RDM_0272B6,PRJ_724007,3,Model Architecture Design,1. Propose candidate model architectures | 2. Implement baseline model | 3. Define loss functions and evaluation metrics | 4. Set up experiment tracking (MLflow/W&B)
RDM_FE7CF0,PRJ_724007,4,Training & Optimization,1. Train baseline model and log results | 2. Perform hyperparameter tuning (grid/random/Bayesian search) | 3. Apply regularization and augmentation strategies | 4. Analyze learning curves and convergence
RDM_2EE1C3,PRJ_724007,5,Evaluation & Ablation,1. Evaluate on held-out test set | 2. Conduct ablation studies for each component | 3. Compare with state-of-the-art benchmarks | 4. Perform error analysis on failure cases
RDM_5D4047,PRJ_724007,6,Deployment & Reporting,1. Package model as REST API (FastAPI/Flask) | 2. Containerize with Docker | 3. Write final report and create demo | 4. Publish code and model weights on GitHub
RDM_13D18F,PRJ_565510,1,Literature Review & Problem Formulation,1. Conduct systematic literature review on topic | 2. Identify research gaps and define problem statement | 3. Prepare literature review document (min 30 papers) | 4. Define hypothesis and success criteria
RDM_DFD0F5,PRJ_565510,2,Design & Procurement,1. Finalize system architecture and block diagram | 2. Prepare Bill of Materials (BoM) | 3. Procure equipment and consumables | 4. Set up experimental workspace and safety protocols
RDM_EA6115,PRJ_565510,3,Prototype Development,1. Assemble hardware components | 2. Develop initial firmware/software | 3. Perform bench-level unit tests | 4. Document assembly and calibration procedure
RDM_3A692C,PRJ_565510,4,Data Collection,1. Design data collection protocol | 2. Run controlled experiments with replication | 3. Log raw data with timestamps | 4. Perform initial quality check on collected data
RDM_865B3C,PRJ_565510,5,Analysis & Modeling,1. Clean and preprocess collected data | 2. Apply statistical/ML models | 3. Visualize results and generate insights | 4. Conduct sensitivity analysis
RDM_E22144,PRJ_565510,6,Validation & Testing,"1. Compare results against baseline or benchmarks | 2. Conduct blind validation experiments | 3. Document accuracy, precision, recall metrics | 4. Identify failure modes and limitations"
RDM_004793,PRJ_565510,7,Reporting & Dissemination,"1. Write final project report | 2. Prepare journal/conference manuscript | 3. Create poster or demo presentation | 4. Archive code, data, and documentation on GitHub/Zenodo"
RDM_C3ACE3,PRJ_3037DA,1,Problem Scoping & Literature Review,"1. Define problem formally with inputs, outputs, and objectives | 2. Review state-of-the-art models and benchmarks | 3. Identify datasets and evaluation metrics | 4. Prepare related work summary"
RDM_9E6302,PRJ_3037DA,2,Dataset Preparation,"1. Identify and download relevant public datasets | 2. Perform exploratory data analysis (EDA) | 3. Handle missing values, outliers, and class imbalance | 4. Split data into train/validation/test sets"
RDM_8C8D0E,PRJ_3037DA,3,Model Architecture Design,1. Propose candidate model architectures | 2. Implement baseline model | 3. Define loss functions and evaluation metrics | 4. Set up experiment tracking (MLflow/W&B)
RDM_5AF485,PRJ_3037DA,4,Training & Optimization,1. Train baseline model and log results | 2. Perform hyperparameter tuning (grid/random/Bayesian search) | 3. Apply regularization and augmentation strategies | 4. Analyze learning curves and convergence
RDM_9A9186,PRJ_3037DA,5,Evaluation & Ablation,1. Evaluate on held-out test set | 2. Conduct ablation studies for each component | 3. Compare with state-of-the-art benchmarks | 4. Perform error analysis on failure cases
RDM_5E7B61,PRJ_3037DA,6,Deployment & Reporting,1. Package model as REST API (FastAPI/Flask) | 2. Containerize with Docker | 3. Write final report and create demo | 4. Publish code and model weights on GitHub
RDM_C1FE36,PRJ_A71B55,1,Problem Scoping & Literature Review,"1. Define problem formally with inputs, outputs, and objectives | 2. Review state-of-the-art models and benchmarks | 3. Identify datasets and evaluation metrics | 4. Prepare related work summary"
RDM_6503EA,PRJ_A71B55,2,Dataset Preparation,"1. Identify and download relevant public datasets | 2. Perform exploratory data analysis (EDA) | 3. Handle missing values, outliers, and class imbalance | 4. Split data into train/validation/test sets"
RDM_973B7B,PRJ_A71B55,3,Model Architecture Design,1. Propose candidate model architectures | 2. Implement baseline model | 3. Define loss functions and evaluation metrics | 4. Set up experiment tracking (MLflow/W&B)
RDM_8B62F0,PRJ_A71B55,4,Training & Optimization,1. Train baseline model and log results | 2. Perform hyperparameter tuning (grid/random/Bayesian search) | 3. Apply regularization and augmentation strategies | 4. Analyze learning curves and convergence
RDM_13E115,PRJ_A71B55,5,Evaluation & Ablation,1. Evaluate on held-out test set | 2. Conduct ablation studies for each component | 3. Compare with state-of-the-art benchmarks | 4. Perform error analysis on failure cases
RDM_42B80F,PRJ_A71B55,6,Deployment & Reporting,1. Package model as REST API (FastAPI/Flask) | 2. Containerize with Docker | 3. Write final report and create demo | 4. Publish code and model weights on GitHub
RDM_E73526,PRJ_416940,1,Literature Review & Problem Formulation,1. Conduct systematic literature review on topic | 2. Identify research gaps and define problem statement | 3. Prepare literature review document (min 30 papers) | 4. Define hypothesis and success criteria
RDM_2E53C7,PRJ_416940,2,Design & Procurement,1. Finalize system architecture and block diagram | 2. Prepare Bill of Materials (BoM) | 3. Procure equipment and consumables | 4. Set up experimental workspace and safety protocols
RDM_DBA07D,PRJ_416940,3,Prototype Development,1. Assemble hardware components | 2. Develop initial firmware/software | 3. Perform bench-level unit tests | 4. Document assembly and calibration procedure
RDM_900B2A,PRJ_416940,4,Data Collection,1. Design data collection protocol | 2. Run controlled experiments with replication | 3. Log raw data with timestamps | 4. Perform initial quality check on collected data
RDM_A8A0E1,PRJ_416940,5,Analysis & Modeling,1. Clean and preprocess collected data | 2. Apply statistical/ML models | 3. Visualize results and generate insights | 4. Conduct sensitivity analysis
RDM_793D2C,PRJ_416940,6,Validation & Testing,"1. Compare results against baseline or benchmarks | 2. Conduct blind validation experiments | 3. Document accuracy, precision, recall metrics | 4. Identify failure modes and limitations"
RDM_2641CB,PRJ_416940,7,Reporting & Dissemination,"1. Write final project report | 2. Prepare journal/conference manuscript | 3. Create poster or demo presentation | 4. Archive code, data, and documentation on GitHub/Zenodo"
RDM_450328,PRJ_DB3161,1,Literature Review & Problem Formulation,1. Conduct systematic literature review on topic | 2. Identify research gaps and define problem statement | 3. Prepare literature review document (min 30 papers) | 4. Define hypothesis and success criteria
RDM_0AF682,PRJ_DB3161,2,Design & Procurement,1. Finalize system architecture and block diagram | 2. Prepare Bill of Materials (BoM) | 3. Procure equipment and consumables | 4. Set up experimental workspace and safety protocols
RDM_D0F0F6,PRJ_DB3161,3,Prototype Development,1. Assemble hardware components | 2. Develop initial firmware/software | 3. Perform bench-level unit tests | 4. Document assembly and calibration procedure
RDM_D0950F,PRJ_DB3161,4,Data Collection,1. Design data collection protocol | 2. Run controlled experiments with replication | 3. Log raw data with timestamps | 4. Perform initial quality check on collected data
RDM_9CD27F,PRJ_DB3161,5,Analysis & Modeling,1. Clean and preprocess collected data | 2. Apply statistical/ML models | 3. Visualize results and generate insights | 4. Conduct sensitivity analysis
RDM_18C8AF,PRJ_DB3161,6,Validation & Testing,"1. Compare results against baseline or benchmarks | 2. Conduct blind validation experiments | 3. Document accuracy, precision, recall metrics | 4. Identify failure modes and limitations"
RDM_AD819E,PRJ_DB3161,7,Reporting & Dissemination,"1. Write final project report | 2. Prepare journal/conference manuscript | 3. Create poster or demo presentation | 4. Archive code, data, and documentation on GitHub/Zenodo"
RDM_84040D,PRJ_2095F3,1,Literature Review & Problem Formulation,1. Conduct systematic literature review on topic | 2. Identify research gaps and define problem statement | 3. Prepare literature review document (min 30 papers) | 4. Define hypothesis and success criteria
RDM_E1A059,PRJ_2095F3,2,Design & Procurement,1. Finalize system architecture and block diagram | 2. Prepare Bill of Materials (BoM) | 3. Procure equipment and consumables | 4. Set up experimental workspace and safety protocols
RDM_C16444,PRJ_2095F3,3,Prototype Development,1. Assemble hardware components | 2. Develop initial firmware/software | 3. Perform bench-level unit tests | 4. Document assembly and calibration procedure
RDM_D648E4,PRJ_2095F3,4,Data Collection,1. Design data collection protocol | 2. Run controlled experiments with replication | 3. Log raw data with timestamps | 4. Perform initial quality check on collected data
RDM_4E08A4,PRJ_2095F3,5,Analysis & Modeling,1. Clean and preprocess collected data | 2. Apply statistical/ML models | 3. Visualize results and generate insights | 4. Conduct sensitivity analysis
RDM_048C8C,PRJ_2095F3,6,Validation & Testing,"1. Compare results against baseline or benchmarks | 2. Conduct blind validation experiments | 3. Document accuracy, precision, recall metrics | 4. Identify failure modes and limitations"
RDM_69C0C2,PRJ_2095F3,7,Reporting & Dissemination,"1. Write final project report | 2. Prepare journal/conference manuscript | 3. Create poster or demo presentation | 4. Archive code, data, and documentation on GitHub/Zenodo"
RDM_95F3C5,PRJ_841A34,1,Literature Review & Problem Formulation,1. Conduct systematic literature review on topic | 2. Identify research gaps and define problem statement | 3. Prepare literature review document (min 30 papers) | 4. Define hypothesis and success criteria
RDM_811076,PRJ_841A34,2,Design & Procurement,1. Finalize system architecture and block diagram | 2. Prepare Bill of Materials (BoM) | 3. Procure equipment and consumables | 4. Set up experimental workspace and safety protocols
RDM_93B116,PRJ_841A34,3,Prototype Development,1. Assemble hardware components | 2. Develop initial firmware/software | 3. Perform bench-level unit tests | 4. Document assembly and calibration procedure
RDM_13BD91,PRJ_841A34,4,Data Collection,1. Design data collection protocol | 2. Run controlled experiments with replication | 3. Log raw data with timestamps | 4. Perform initial quality check on collected data
RDM_687267,PRJ_841A34,5,Analysis & Modeling,1. Clean and preprocess collected data | 2. Apply statistical/ML models | 3. Visualize results and generate insights | 4. Conduct sensitivity analysis
RDM_15AAD5,PRJ_841A34,6,Validation & Testing,"1. Compare results against baseline or benchmarks | 2. Conduct blind validation experiments | 3. Document accuracy, precision, recall metrics | 4. Identify failure modes and limitations"
RDM_55FA0E,PRJ_841A34,7,Reporting & Dissemination,"1. Write final project report | 2. Prepare journal/conference manuscript | 3. Create poster or demo presentation | 4. Archive code, data, and documentation on GitHub/Zenodo"
RDM_ADC2CE,PRJ_B6B8A7,1,Literature Review & Problem Formulation,1. Conduct systematic literature review on topic | 2. Identify research gaps and define problem statement | 3. Prepare literature review document (min 30 papers) | 4. Define hypothesis and success criteria
RDM_111E0E,PRJ_B6B8A7,2,Design & Procurement,1. Finalize system architecture and block diagram | 2. Prepare Bill of Materials (BoM) | 3. Procure equipment and consumables | 4. Set up experimental workspace and safety protocols
RDM_AB7E07,PRJ_B6B8A7,3,Prototype Development,1. Assemble hardware components | 2. Develop initial firmware/software | 3. Perform bench-level unit tests | 4. Document assembly and calibration procedure
RDM_7851AB,PRJ_B6B8A7,4,Data Collection,1. Design data collection protocol | 2. Run controlled experiments with replication | 3. Log raw data with timestamps | 4. Perform initial quality check on collected data
RDM_3D6F6E,PRJ_B6B8A7,5,Analysis & Modeling,1. Clean and preprocess collected data | 2. Apply statistical/ML models | 3. Visualize results and generate insights | 4. Conduct sensitivity analysis
RDM_D2E6B0,PRJ_B6B8A7,6,Validation & Testing,"1. Compare results against baseline or benchmarks | 2. Conduct blind validation experiments | 3. Document accuracy, precision, recall metrics | 4. Identify failure modes and limitations"
RDM_2CFC0D,PRJ_B6B8A7,7,Reporting & Dissemination,"1. Write final project report | 2. Prepare journal/conference manuscript | 3. Create poster or demo presentation | 4. Archive code, data, and documentation on GitHub/Zenodo"
RDM_71A3CD,PRJ_7AF591,1,Literature Review,1. Perform systematic literature review | 2. Identify experimental and computational components | 3. Define hybrid methodology rationale
RDM_C976B0,PRJ_7AF591,2,Experimental Setup,1. Procure equipment and prepare lab setup | 2. Conduct preliminary experiments | 3. Collect baseline experimental data
RDM_DA1129,PRJ_7AF591,3,Computational Modeling,1. Develop simulation or ML model | 2. Calibrate model with experimental data | 3. Perform virtual parameter sweeps
RDM_8F81AD,PRJ_7AF591,4,Integrated Analysis,1. Cross-validate experimental and computational results | 2. Identify discrepancies and perform root-cause analysis | 3. Optimize design based on integrated findings
RDM_062879,PRJ_7AF591,5,Validation,1. Conduct confirmatory experiments | 2. Benchmark against existing literature | 3. Document uncertainty and error bounds
RDM_BBA5B0,PRJ_7AF591,6,Reporting,1. Prepare final report combining both methodologies | 2. Submit to conference or journal | 3. Archive all artifacts
RDM_50C2DD,PRJ_547146,1,Literature Review & Problem Formulation,1. Conduct systematic literature review on topic | 2. Identify research gaps and define problem statement | 3. Prepare literature review document (min 30 papers) | 4. Define hypothesis and success criteria
RDM_A08A89,PRJ_547146,2,Design & Procurement,1. Finalize system architecture and block diagram | 2. Prepare Bill of Materials (BoM) | 3. Procure equipment and consumables | 4. Set up experimental workspace and safety protocols
RDM_3621A0,PRJ_547146,3,Prototype Development,1. Assemble hardware components | 2. Develop initial firmware/software | 3. Perform bench-level unit tests | 4. Document assembly and calibration procedure
RDM_3FF507,PRJ_547146,4,Data Collection,1. Design data collection protocol | 2. Run controlled experiments with replication | 3. Log raw data with timestamps | 4. Perform initial quality check on collected data
RDM_926843,PRJ_547146,5,Analysis & Modeling,1. Clean and preprocess collected data | 2. Apply statistical/ML models | 3. Visualize results and generate insights | 4. Conduct sensitivity analysis
RDM_EDE52D,PRJ_547146,6,Validation & Testing,"1. Compare results against baseline or benchmarks | 2. Conduct blind validation experiments | 3. Document accuracy, precision, recall metrics | 4. Identify failure modes and limitations"
RDM_4E472C,PRJ_547146,7,Reporting & Dissemination,"1. Write final project report | 2. Prepare journal/conference manuscript | 3. Create poster or demo presentation | 4. Archive code, data, and documentation on GitHub/Zenodo"
RDM_490F61,PRJ_D03D86,1,Literature Review,1. Perform systematic literature review | 2. Identify experimental and computational components | 3. Define hybrid methodology rationale
RDM_5AC693,PRJ_D03D86,2,Experimental Setup,1. Procure equipment and prepare lab setup | 2. Conduct preliminary experiments | 3. Collect baseline experimental data
RDM_160E08,PRJ_D03D86,3,Computational Modeling,1. Develop simulation or ML model | 2. Calibrate model with experimental data | 3. Perform virtual parameter sweeps
RDM_263950,PRJ_D03D86,4,Integrated Analysis,1. Cross-validate experimental and computational results | 2. Identify discrepancies and perform root-cause analysis | 3. Optimize design based on integrated findings
RDM_3827AC,PRJ_D03D86,5,Validation,1. Conduct confirmatory experiments | 2. Benchmark against existing literature | 3. Document uncertainty and error bounds
RDM_7EC562,PRJ_D03D86,6,Reporting,1. Prepare final report combining both methodologies | 2. Submit to conference or journal | 3. Archive all artifacts
RDM_FFB779,PRJ_5DD438,1,Literature Review,1. Perform systematic literature review | 2. Identify experimental and computational components | 3. Define hybrid methodology rationale
RDM_68F337,PRJ_5DD438,2,Experimental Setup,1. Procure equipment and prepare lab setup | 2. Conduct preliminary experiments | 3. Collect baseline experimental data
RDM_BAFDA3,PRJ_5DD438,3,Computational Modeling,1. Develop simulation or ML model | 2. Calibrate model with experimental data | 3. Perform virtual parameter sweeps
RDM_1B1BEF,PRJ_5DD438,4,Integrated Analysis,1. Cross-validate experimental and computational results | 2. Identify discrepancies and perform root-cause analysis | 3. Optimize design based on integrated findings
RDM_F192F3,PRJ_5DD438,5,Validation,1. Conduct confirmatory experiments | 2. Benchmark against existing literature | 3. Document uncertainty and error bounds
RDM_CEDB8D,PRJ_5DD438,6,Reporting,1. Prepare final report combining both methodologies | 2. Submit to conference or journal | 3. Archive all artifacts
RDM_B3EC1E,PRJ_13B6E8,1,Literature Review,1. Perform systematic literature review | 2. Identify experimental and computational components | 3. Define hybrid methodology rationale
RDM_9FD2DD,PRJ_13B6E8,2,Experimental Setup,1. Procure equipment and prepare lab setup | 2. Conduct preliminary experiments | 3. Collect baseline experimental data
RDM_67B78D,PRJ_13B6E8,3,Computational Modeling,1. Develop simulation or ML model | 2. Calibrate model with experimental data | 3. Perform virtual parameter sweeps
RDM_AE137E,PRJ_13B6E8,4,Integrated Analysis,1. Cross-validate experimental and computational results | 2. Identify discrepancies and perform root-cause analysis | 3. Optimize design based on integrated findings
RDM_75B98F,PRJ_13B6E8,5,Validation,1. Conduct confirmatory experiments | 2. Benchmark against existing literature | 3. Document uncertainty and error bounds
RDM_D3B1E1,PRJ_13B6E8,6,Reporting,1. Prepare final report combining both methodologies | 2. Submit to conference or journal | 3. Archive all artifacts
RDM_87EB51,PRJ_DC9865,1,Problem Scoping & Literature Review,"1. Define problem formally with inputs, outputs, and objectives | 2. Review state-of-the-art models and benchmarks | 3. Identify datasets and evaluation metrics | 4. Prepare related work summary"
RDM_8BF589,PRJ_DC9865,2,Dataset Preparation,"1. Identify and download relevant public datasets | 2. Perform exploratory data analysis (EDA) | 3. Handle missing values, outliers, and class imbalance | 4. Split data into train/validation/test sets"
RDM_E40333,PRJ_DC9865,3,Model Architecture Design,1. Propose candidate model architectures | 2. Implement baseline model | 3. Define loss functions and evaluation metrics | 4. Set up experiment tracking (MLflow/W&B)
RDM_E87958,PRJ_DC9865,4,Training & Optimization,1. Train baseline model and log results | 2. Perform hyperparameter tuning (grid/random/Bayesian search) | 3. Apply regularization and augmentation strategies | 4. Analyze learning curves and convergence
RDM_64320D,PRJ_DC9865,5,Evaluation & Ablation,1. Evaluate on held-out test set | 2. Conduct ablation studies for each component | 3. Compare with state-of-the-art benchmarks | 4. Perform error analysis on failure cases
RDM_3A8E54,PRJ_DC9865,6,Deployment & Reporting,1. Package model as REST API (FastAPI/Flask) | 2. Containerize with Docker | 3. Write final report and create demo | 4. Publish code and model weights on GitHub
RDM_B12B75,PRJ_A08311,1,Literature Review,1. Perform systematic literature review | 2. Identify experimental and computational components | 3. Define hybrid methodology rationale
RDM_92C5F1,PRJ_A08311,2,Experimental Setup,1. Procure equipment and prepare lab setup | 2. Conduct preliminary experiments | 3. Collect baseline experimental data
RDM_028B88,PRJ_A08311,3,Computational Modeling,1. Develop simulation or ML model | 2. Calibrate model with experimental data | 3. Perform virtual parameter sweeps
RDM_3C4498,PRJ_A08311,4,Integrated Analysis,1. Cross-validate experimental and computational results | 2. Identify discrepancies and perform root-cause analysis | 3. Optimize design based on integrated findings
RDM_263984,PRJ_A08311,5,Validation,1. Conduct confirmatory experiments | 2. Benchmark against existing literature | 3. Document uncertainty and error bounds
RDM_B1FE9F,PRJ_A08311,6,Reporting,1. Prepare final report combining both methodologies | 2. Submit to conference or journal | 3. Archive all artifacts
RDM_EF8F02,PRJ_8C4FA0,1,Problem Scoping & Literature Review,"1. Define problem formally with inputs, outputs, and objectives | 2. Review state-of-the-art models and benchmarks | 3. Identify datasets and evaluation metrics | 4. Prepare related work summary"
RDM_88F89D,PRJ_8C4FA0,2,Dataset Preparation,"1. Identify and download relevant public datasets | 2. Perform exploratory data analysis (EDA) | 3. Handle missing values, outliers, and class imbalance | 4. Split data into train/validation/test sets"
RDM_1CB86B,PRJ_8C4FA0,3,Model Architecture Design,1. Propose candidate model architectures | 2. Implement baseline model | 3. Define loss functions and evaluation metrics | 4. Set up experiment tracking (MLflow/W&B)
RDM_5408E4,PRJ_8C4FA0,4,Training & Optimization,1. Train baseline model and log results | 2. Perform hyperparameter tuning (grid/random/Bayesian search) | 3. Apply regularization and augmentation strategies | 4. Analyze learning curves and convergence
RDM_01EE6B,PRJ_8C4FA0,5,Evaluation & Ablation,1. Evaluate on held-out test set | 2. Conduct ablation studies for each component | 3. Compare with state-of-the-art benchmarks | 4. Perform error analysis on failure cases
RDM_68467A,PRJ_8C4FA0,6,Deployment & Reporting,1. Package model as REST API (FastAPI/Flask) | 2. Containerize with Docker | 3. Write final report and create demo | 4. Publish code and model weights on GitHub
RDM_304E19,PRJ_1B11FF,1,Problem Scoping & Literature Review,"1. Define problem formally with inputs, outputs, and objectives | 2. Review state-of-the-art models and benchmarks | 3. Identify datasets and evaluation metrics | 4. Prepare related work summary"
RDM_09B259,PRJ_1B11FF,2,Dataset Preparation,"1. Identify and download relevant public datasets | 2. Perform exploratory data analysis (EDA) | 3. Handle missing values, outliers, and class imbalance | 4. Split data into train/validation/test sets"
RDM_0ED29E,PRJ_1B11FF,3,Model Architecture Design,1. Propose candidate model architectures | 2. Implement baseline model | 3. Define loss functions and evaluation metrics | 4. Set up experiment tracking (MLflow/W&B)
RDM_BEFF16,PRJ_1B11FF,4,Training & Optimization,1. Train baseline model and log results | 2. Perform hyperparameter tuning (grid/random/Bayesian search) | 3. Apply regularization and augmentation strategies | 4. Analyze learning curves and convergence
RDM_D8D44E,PRJ_1B11FF,5,Evaluation & Ablation,1. Evaluate on held-out test set | 2. Conduct ablation studies for each component | 3. Compare with state-of-the-art benchmarks | 4. Perform error analysis on failure cases
RDM_939904,PRJ_1B11FF,6,Deployment & Reporting,1. Package model as REST API (FastAPI/Flask) | 2. Containerize with Docker | 3. Write final report and create demo | 4. Publish code and model weights on GitHub
RDM_F0370A,PRJ_D4DBF6,1,Problem Scoping & Literature Review,"1. Define problem formally with inputs, outputs, and objectives | 2. Review state-of-the-art models and benchmarks | 3. Identify datasets and evaluation metrics | 4. Prepare related work summary"
RDM_07839D,PRJ_D4DBF6,2,Dataset Preparation,"1. Identify and download relevant public datasets | 2. Perform exploratory data analysis (EDA) | 3. Handle missing values, outliers, and class imbalance | 4. Split data into train/validation/test sets"
RDM_EC8CD6,PRJ_D4DBF6,3,Model Architecture Design,1. Propose candidate model architectures | 2. Implement baseline model | 3. Define loss functions and evaluation metrics | 4. Set up experiment tracking (MLflow/W&B)
RDM_B9D46C,PRJ_D4DBF6,4,Training & Optimization,1. Train baseline model and log results | 2. Perform hyperparameter tuning (grid/random/Bayesian search) | 3. Apply regularization and augmentation strategies | 4. Analyze learning curves and convergence
RDM_64D706,PRJ_D4DBF6,5,Evaluation & Ablation,1. Evaluate on held-out test set | 2. Conduct ablation studies for each component | 3. Compare with state-of-the-art benchmarks | 4. Perform error analysis on failure cases
RDM_ADAC04,PRJ_D4DBF6,6,Deployment & Reporting,1. Package model as REST API (FastAPI/Flask) | 2. Containerize with Docker | 3. Write final report and create demo | 4. Publish code and model weights on GitHub
RDM_979D68,PRJ_FD13D9,1,Literature Review & Problem Formulation,1. Conduct systematic literature review on topic | 2. Identify research gaps and define problem statement | 3. Prepare literature review document (min 30 papers) | 4. Define hypothesis and success criteria
RDM_322B65,PRJ_FD13D9,2,Design & Procurement,1. Finalize system architecture and block diagram | 2. Prepare Bill of Materials (BoM) | 3. Procure equipment and consumables | 4. Set up experimental workspace and safety protocols
RDM_8F4DF1,PRJ_FD13D9,3,Prototype Development,1. Assemble hardware components | 2. Develop initial firmware/software | 3. Perform bench-level unit tests | 4. Document assembly and calibration procedure
RDM_838307,PRJ_FD13D9,4,Data Collection,1. Design data collection protocol | 2. Run controlled experiments with replication | 3. Log raw data with timestamps | 4. Perform initial quality check on collected data
RDM_8F557B,PRJ_FD13D9,5,Analysis & Modeling,1. Clean and preprocess collected data | 2. Apply statistical/ML models | 3. Visualize results and generate insights | 4. Conduct sensitivity analysis
RDM_89E835,PRJ_FD13D9,6,Validation & Testing,"1. Compare results against baseline or benchmarks | 2. Conduct blind validation experiments | 3. Document accuracy, precision, recall metrics | 4. Identify failure modes and limitations"
RDM_AE8EA9,PRJ_FD13D9,7,Reporting & Dissemination,"1. Write final project report | 2. Prepare journal/conference manuscript | 3. Create poster or demo presentation | 4. Archive code, data, and documentation on GitHub/Zenodo"
RDM_C28987,PRJ_A34553,1,Problem Scoping & Literature Review,"1. Define problem formally with inputs, outputs, and objectives | 2. Review state-of-the-art models and benchmarks | 3. Identify datasets and evaluation metrics | 4. Prepare related work summary"
RDM_151B6B,PRJ_A34553,2,Dataset Preparation,"1. Identify and download relevant public datasets | 2. Perform exploratory data analysis (EDA) | 3. Handle missing values, outliers, and class imbalance | 4. Split data into train/validation/test sets"
RDM_CA47DF,PRJ_A34553,3,Model Architecture Design,1. Propose candidate model architectures | 2. Implement baseline model | 3. Define loss functions and evaluation metrics | 4. Set up experiment tracking (MLflow/W&B)
RDM_3ED384,PRJ_A34553,4,Training & Optimization,1. Train baseline model and log results | 2. Perform hyperparameter tuning (grid/random/Bayesian search) | 3. Apply regularization and augmentation strategies | 4. Analyze learning curves and convergence
RDM_1C8C34,PRJ_A34553,5,Evaluation & Ablation,1. Evaluate on held-out test set | 2. Conduct ablation studies for each component | 3. Compare with state-of-the-art benchmarks | 4. Perform error analysis on failure cases
RDM_BC671B,PRJ_A34553,6,Deployment & Reporting,1. Package model as REST API (FastAPI/Flask) | 2. Containerize with Docker | 3. Write final report and create demo | 4. Publish code and model weights on GitHub
RDM_1C0B2A,PRJ_423014,1,Literature Review,1. Perform systematic literature review | 2. Identify experimental and computational components | 3. Define hybrid methodology rationale
RDM_A53332,PRJ_423014,2,Experimental Setup,1. Procure equipment and prepare lab setup | 2. Conduct preliminary experiments | 3. Collect baseline experimental data
RDM_D32A9F,PRJ_423014,3,Computational Modeling,1. Develop simulation or ML model | 2. Calibrate model with experimental data | 3. Perform virtual parameter sweeps
RDM_9D64D1,PRJ_423014,4,Integrated Analysis,1. Cross-validate experimental and computational results | 2. Identify discrepancies and perform root-cause analysis | 3. Optimize design based on integrated findings
RDM_EF6646,PRJ_423014,5,Validation,1. Conduct confirmatory experiments | 2. Benchmark against existing literature | 3. Document uncertainty and error bounds
RDM_D1A7A0,PRJ_423014,6,Reporting,1. Prepare final report combining both methodologies | 2. Submit to conference or journal | 3. Archive all artifacts
RDM_77FE43,PRJ_EEA765,1,Problem Scoping & Literature Review,"1. Define problem formally with inputs, outputs, and objectives | 2. Review state-of-the-art models and benchmarks | 3. Identify datasets and evaluation metrics | 4. Prepare related work summary"
RDM_24A505,PRJ_EEA765,2,Dataset Preparation,"1. Identify and download relevant public datasets | 2. Perform exploratory data analysis (EDA) | 3. Handle missing values, outliers, and class imbalance | 4. Split data into train/validation/test sets"
RDM_9D2FA8,PRJ_EEA765,3,Model Architecture Design,1. Propose candidate model architectures | 2. Implement baseline model | 3. Define loss functions and evaluation metrics | 4. Set up experiment tracking (MLflow/W&B)
RDM_B37099,PRJ_EEA765,4,Training & Optimization,1. Train baseline model and log results | 2. Perform hyperparameter tuning (grid/random/Bayesian search) | 3. Apply regularization and augmentation strategies | 4. Analyze learning curves and convergence
RDM_53E39F,PRJ_EEA765,5,Evaluation & Ablation,1. Evaluate on held-out test set | 2. Conduct ablation studies for each component | 3. Compare with state-of-the-art benchmarks | 4. Perform error analysis on failure cases
RDM_F89554,PRJ_EEA765,6,Deployment & Reporting,1. Package model as REST API (FastAPI/Flask) | 2. Containerize with Docker | 3. Write final report and create demo | 4. Publish code and model weights on GitHub
RDM_8F589B,PRJ_8D98F0,1,Literature Review & Problem Formulation,1. Conduct systematic literature review on topic | 2. Identify research gaps and define problem statement | 3. Prepare literature review document (min 30 papers) | 4. Define hypothesis and success criteria
RDM_93B48C,PRJ_8D98F0,2,Design & Procurement,1. Finalize system architecture and block diagram | 2. Prepare Bill of Materials (BoM) | 3. Procure equipment and consumables | 4. Set up experimental workspace and safety protocols
RDM_E40C25,PRJ_8D98F0,3,Prototype Development,1. Assemble hardware components | 2. Develop initial firmware/software | 3. Perform bench-level unit tests | 4. Document assembly and calibration procedure
RDM_D442AB,PRJ_8D98F0,4,Data Collection,1. Design data collection protocol | 2. Run controlled experiments with replication | 3. Log raw data with timestamps | 4. Perform initial quality check on collected data
RDM_535D20,PRJ_8D98F0,5,Analysis & Modeling,1. Clean and preprocess collected data | 2. Apply statistical/ML models | 3. Visualize results and generate insights | 4. Conduct sensitivity analysis
RDM_52251C,PRJ_8D98F0,6,Validation & Testing,"1. Compare results against baseline or benchmarks | 2. Conduct blind validation experiments | 3. Document accuracy, precision, recall metrics | 4. Identify failure modes and limitations"
RDM_7B45C3,PRJ_8D98F0,7,Reporting & Dissemination,"1. Write final project report | 2. Prepare journal/conference manuscript | 3. Create poster or demo presentation | 4. Archive code, data, and documentation on GitHub/Zenodo"
RDM_6E8EFD,PRJ_2B9982,1,Problem Scoping & Literature Review,"1. Define problem formally with inputs, outputs, and objectives | 2. Review state-of-the-art models and benchmarks | 3. Identify datasets and evaluation metrics | 4. Prepare related work summary"
RDM_0EA677,PRJ_2B9982,2,Dataset Preparation,"1. Identify and download relevant public datasets | 2. Perform exploratory data analysis (EDA) | 3. Handle missing values, outliers, and class imbalance | 4. Split data into train/validation/test sets"
RDM_7CCE48,PRJ_2B9982,3,Model Architecture Design,1. Propose candidate model architectures | 2. Implement baseline model | 3. Define loss functions and evaluation metrics | 4. Set up experiment tracking (MLflow/W&B)
RDM_50BCB2,PRJ_2B9982,4,Training & Optimization,1. Train baseline model and log results | 2. Perform hyperparameter tuning (grid/random/Bayesian search) | 3. Apply regularization and augmentation strategies | 4. Analyze learning curves and convergence
RDM_828E42,PRJ_2B9982,5,Evaluation & Ablation,1. Evaluate on held-out test set | 2. Conduct ablation studies for each component | 3. Compare with state-of-the-art benchmarks | 4. Perform error analysis on failure cases
RDM_DD0F86,PRJ_2B9982,6,Deployment & Reporting,1. Package model as REST API (FastAPI/Flask) | 2. Containerize with Docker | 3. Write final report and create demo | 4. Publish code and model weights on GitHub
RDM_DEFA17,PRJ_9F7CAB,1,Literature Review & Problem Formulation,1. Conduct systematic literature review on topic | 2. Identify research gaps and define problem statement | 3. Prepare literature review document (min 30 papers) | 4. Define hypothesis and success criteria
RDM_6B3FDF,PRJ_9F7CAB,2,Design & Procurement,1. Finalize system architecture and block diagram | 2. Prepare Bill of Materials (BoM) | 3. Procure equipment and consumables | 4. Set up experimental workspace and safety protocols
RDM_9834BA,PRJ_9F7CAB,3,Prototype Development,1. Assemble hardware components | 2. Develop initial firmware/software | 3. Perform bench-level unit tests | 4. Document assembly and calibration procedure
RDM_A171AB,PRJ_9F7CAB,4,Data Collection,1. Design data collection protocol | 2. Run controlled experiments with replication | 3. Log raw data with timestamps | 4. Perform initial quality check on collected data
RDM_CFCE6D,PRJ_9F7CAB,5,Analysis & Modeling,1. Clean and preprocess collected data | 2. Apply statistical/ML models | 3. Visualize results and generate insights | 4. Conduct sensitivity analysis
RDM_46CF33,PRJ_9F7CAB,6,Validation & Testing,"1. Compare results against baseline or benchmarks | 2. Conduct blind validation experiments | 3. Document accuracy, precision, recall metrics | 4. Identify failure modes and limitations"
RDM_F818FC,PRJ_9F7CAB,7,Reporting & Dissemination,"1. Write final project report | 2. Prepare journal/conference manuscript | 3. Create poster or demo presentation | 4. Archive code, data, and documentation on GitHub/Zenodo"
RDM_02697E,PRJ_ACEA4F,1,Literature Review,1. Perform systematic literature review | 2. Identify experimental and computational components | 3. Define hybrid methodology rationale
RDM_D5FD87,PRJ_ACEA4F,2,Experimental Setup,1. Procure equipment and prepare lab setup | 2. Conduct preliminary experiments | 3. Collect baseline experimental data
RDM_96DEFB,PRJ_ACEA4F,3,Computational Modeling,1. Develop simulation or ML model | 2. Calibrate model with experimental data | 3. Perform virtual parameter sweeps
RDM_9D08A8,PRJ_ACEA4F,4,Integrated Analysis,1. Cross-validate experimental and computational results | 2. Identify discrepancies and perform root-cause analysis | 3. Optimize design based on integrated findings
RDM_130B7D,PRJ_ACEA4F,5,Validation,1. Conduct confirmatory experiments | 2. Benchmark against existing literature | 3. Document uncertainty and error bounds
RDM_023D14,PRJ_ACEA4F,6,Reporting,1. Prepare final report combining both methodologies | 2. Submit to conference or journal | 3. Archive all artifacts
RDM_0646B8,PRJ_4BA7D3,1,Problem Scoping & Literature Review,"1. Define problem formally with inputs, outputs, and objectives | 2. Review state-of-the-art models and benchmarks | 3. Identify datasets and evaluation metrics | 4. Prepare related work summary"
RDM_7A2642,PRJ_4BA7D3,2,Dataset Preparation,"1. Identify and download relevant public datasets | 2. Perform exploratory data analysis (EDA) | 3. Handle missing values, outliers, and class imbalance | 4. Split data into train/validation/test sets"
RDM_4D2DCA,PRJ_4BA7D3,3,Model Architecture Design,1. Propose candidate model architectures | 2. Implement baseline model | 3. Define loss functions and evaluation metrics | 4. Set up experiment tracking (MLflow/W&B)
RDM_FEF934,PRJ_4BA7D3,4,Training & Optimization,1. Train baseline model and log results | 2. Perform hyperparameter tuning (grid/random/Bayesian search) | 3. Apply regularization and augmentation strategies | 4. Analyze learning curves and convergence
RDM_B54602,PRJ_4BA7D3,5,Evaluation & Ablation,1. Evaluate on held-out test set | 2. Conduct ablation studies for each component | 3. Compare with state-of-the-art benchmarks | 4. Perform error analysis on failure cases
RDM_DBBBB7,PRJ_4BA7D3,6,Deployment & Reporting,1. Package model as REST API (FastAPI/Flask) | 2. Containerize with Docker | 3. Write final report and create demo | 4. Publish code and model weights on GitHub
RDM_D2AC17,PRJ_561E7D,1,Literature Review & Problem Formulation,1. Conduct systematic literature review on topic | 2. Identify research gaps and define problem statement | 3. Prepare literature review document (min 30 papers) | 4. Define hypothesis and success criteria
RDM_E3838F,PRJ_561E7D,2,Design & Procurement,1. Finalize system architecture and block diagram | 2. Prepare Bill of Materials (BoM) | 3. Procure equipment and consumables | 4. Set up experimental workspace and safety protocols
RDM_358B77,PRJ_561E7D,3,Prototype Development,1. Assemble hardware components | 2. Develop initial firmware/software | 3. Perform bench-level unit tests | 4. Document assembly and calibration procedure
RDM_61B1D0,PRJ_561E7D,4,Data Collection,1. Design data collection protocol | 2. Run controlled experiments with replication | 3. Log raw data with timestamps | 4. Perform initial quality check on collected data
RDM_A2BB68,PRJ_561E7D,5,Analysis & Modeling,1. Clean and preprocess collected data | 2. Apply statistical/ML models | 3. Visualize results and generate insights | 4. Conduct sensitivity analysis
RDM_757605,PRJ_561E7D,6,Validation & Testing,"1. Compare results against baseline or benchmarks | 2. Conduct blind validation experiments | 3. Document accuracy, precision, recall metrics | 4. Identify failure modes and limitations"
RDM_EAEFBA,PRJ_561E7D,7,Reporting & Dissemination,"1. Write final project report | 2. Prepare journal/conference manuscript | 3. Create poster or demo presentation | 4. Archive code, data, and documentation on GitHub/Zenodo"
RDM_AFE4DE,PRJ_CA08E8,1,Problem Scoping & Literature Review,"1. Define problem formally with inputs, outputs, and objectives | 2. Review state-of-the-art models and benchmarks | 3. Identify datasets and evaluation metrics | 4. Prepare related work summary"
RDM_B75B35,PRJ_CA08E8,2,Dataset Preparation,"1. Identify and download relevant public datasets | 2. Perform exploratory data analysis (EDA) | 3. Handle missing values, outliers, and class imbalance | 4. Split data into train/validation/test sets"
RDM_B13C08,PRJ_CA08E8,3,Model Architecture Design,1. Propose candidate model architectures | 2. Implement baseline model | 3. Define loss functions and evaluation metrics | 4. Set up experiment tracking (MLflow/W&B)
RDM_31B99E,PRJ_CA08E8,4,Training & Optimization,1. Train baseline model and log results | 2. Perform hyperparameter tuning (grid/random/Bayesian search) | 3. Apply regularization and augmentation strategies | 4. Analyze learning curves and convergence
RDM_3B3E7B,PRJ_CA08E8,5,Evaluation & Ablation,1. Evaluate on held-out test set | 2. Conduct ablation studies for each component | 3. Compare with state-of-the-art benchmarks | 4. Perform error analysis on failure cases
RDM_2A27EB,PRJ_CA08E8,6,Deployment & Reporting,1. Package model as REST API (FastAPI/Flask) | 2. Containerize with Docker | 3. Write final report and create demo | 4. Publish code and model weights on GitHub
RDM_2A176A,PRJ_4CC8A7,1,Literature Review & Problem Formulation,1. Conduct systematic literature review on topic | 2. Identify research gaps and define problem statement | 3. Prepare literature review document (min 30 papers) | 4. Define hypothesis and success criteria
RDM_BBEDF4,PRJ_4CC8A7,2,Design & Procurement,1. Finalize system architecture and block diagram | 2. Prepare Bill of Materials (BoM) | 3. Procure equipment and consumables | 4. Set up experimental workspace and safety protocols
RDM_407500,PRJ_4CC8A7,3,Prototype Development,1. Assemble hardware components | 2. Develop initial firmware/software | 3. Perform bench-level unit tests | 4. Document assembly and calibration procedure
RDM_115A9E,PRJ_4CC8A7,4,Data Collection,1. Design data collection protocol | 2. Run controlled experiments with replication | 3. Log raw data with timestamps | 4. Perform initial quality check on collected data
RDM_387CC0,PRJ_4CC8A7,5,Analysis & Modeling,1. Clean and preprocess collected data | 2. Apply statistical/ML models | 3. Visualize results and generate insights | 4. Conduct sensitivity analysis
RDM_263564,PRJ_4CC8A7,6,Validation & Testing,"1. Compare results against baseline or benchmarks | 2. Conduct blind validation experiments | 3. Document accuracy, precision, recall metrics | 4. Identify failure modes and limitations"
RDM_EA321D,PRJ_4CC8A7,7,Reporting & Dissemination,"1. Write final project report | 2. Prepare journal/conference manuscript | 3. Create poster or demo presentation | 4. Archive code, data, and documentation on GitHub/Zenodo"
RDM_8FDCBF,PRJ_3D67C2,1,Literature Review,1. Perform systematic literature review | 2. Identify experimental and computational components | 3. Define hybrid methodology rationale
RDM_8EDFDC,PRJ_3D67C2,2,Experimental Setup,1. Procure equipment and prepare lab setup | 2. Conduct preliminary experiments | 3. Collect baseline experimental data
RDM_A43DFD,PRJ_3D67C2,3,Computational Modeling,1. Develop simulation or ML model | 2. Calibrate model with experimental data | 3. Perform virtual parameter sweeps
RDM_73DFAA,PRJ_3D67C2,4,Integrated Analysis,1. Cross-validate experimental and computational results | 2. Identify discrepancies and perform root-cause analysis | 3. Optimize design based on integrated findings
RDM_60AE8B,PRJ_3D67C2,5,Validation,1. Conduct confirmatory experiments | 2. Benchmark against existing literature | 3. Document uncertainty and error bounds
RDM_E00234,PRJ_3D67C2,6,Reporting,1. Prepare final report combining both methodologies | 2. Submit to conference or journal | 3. Archive all artifacts
RDM_7A4468,PRJ_E388BC,1,Literature Review,1. Perform systematic literature review | 2. Identify experimental and computational components | 3. Define hybrid methodology rationale
RDM_15A5FB,PRJ_E388BC,2,Experimental Setup,1. Procure equipment and prepare lab setup | 2. Conduct preliminary experiments | 3. Collect baseline experimental data
RDM_B36F4C,PRJ_E388BC,3,Computational Modeling,1. Develop simulation or ML model | 2. Calibrate model with experimental data | 3. Perform virtual parameter sweeps
RDM_8DF124,PRJ_E388BC,4,Integrated Analysis,1. Cross-validate experimental and computational results | 2. Identify discrepancies and perform root-cause analysis | 3. Optimize design based on integrated findings
RDM_9A96BE,PRJ_E388BC,5,Validation,1. Conduct confirmatory experiments | 2. Benchmark against existing literature | 3. Document uncertainty and error bounds
RDM_657F9F,PRJ_E388BC,6,Reporting,1. Prepare final report combining both methodologies | 2. Submit to conference or journal | 3. Archive all artifacts
RDM_1D56AD,PRJ_FE22A4,1,Problem Scoping & Literature Review,"1. Define problem formally with inputs, outputs, and objectives | 2. Review state-of-the-art models and benchmarks | 3. Identify datasets and evaluation metrics | 4. Prepare related work summary"
RDM_CD9CC4,PRJ_FE22A4,2,Dataset Preparation,"1. Identify and download relevant public datasets | 2. Perform exploratory data analysis (EDA) | 3. Handle missing values, outliers, and class imbalance | 4. Split data into train/validation/test sets"
RDM_DD4EC7,PRJ_FE22A4,3,Model Architecture Design,1. Propose candidate model architectures | 2. Implement baseline model | 3. Define loss functions and evaluation metrics | 4. Set up experiment tracking (MLflow/W&B)
RDM_6C23E7,PRJ_FE22A4,4,Training & Optimization,1. Train baseline model and log results | 2. Perform hyperparameter tuning (grid/random/Bayesian search) | 3. Apply regularization and augmentation strategies | 4. Analyze learning curves and convergence
RDM_357FEB,PRJ_FE22A4,5,Evaluation & Ablation,1. Evaluate on held-out test set | 2. Conduct ablation studies for each component | 3. Compare with state-of-the-art benchmarks | 4. Perform error analysis on failure cases
RDM_EE4F3E,PRJ_FE22A4,6,Deployment & Reporting,1. Package model as REST API (FastAPI/Flask) | 2. Containerize with Docker | 3. Write final report and create demo | 4. Publish code and model weights on GitHub
RDM_C6FE3F,PRJ_08D425,1,Problem Scoping & Literature Review,"1. Define problem formally with inputs, outputs, and objectives | 2. Review state-of-the-art models and benchmarks | 3. Identify datasets and evaluation metrics | 4. Prepare related work summary"
RDM_F43493,PRJ_08D425,2,Dataset Preparation,"1. Identify and download relevant public datasets | 2. Perform exploratory data analysis (EDA) | 3. Handle missing values, outliers, and class imbalance | 4. Split data into train/validation/test sets"
RDM_0A6A95,PRJ_08D425,3,Model Architecture Design,1. Propose candidate model architectures | 2. Implement baseline model | 3. Define loss functions and evaluation metrics | 4. Set up experiment tracking (MLflow/W&B)
RDM_3C0110,PRJ_08D425,4,Training & Optimization,1. Train baseline model and log results | 2. Perform hyperparameter tuning (grid/random/Bayesian search) | 3. Apply regularization and augmentation strategies | 4. Analyze learning curves and convergence
RDM_C6D274,PRJ_08D425,5,Evaluation & Ablation,1. Evaluate on held-out test set | 2. Conduct ablation studies for each component | 3. Compare with state-of-the-art benchmarks | 4. Perform error analysis on failure cases
RDM_E06088,PRJ_08D425,6,Deployment & Reporting,1. Package model as REST API (FastAPI/Flask) | 2. Containerize with Docker | 3. Write final report and create demo | 4. Publish code and model weights on GitHub
RDM_B66A9A,PRJ_347E78,1,Problem Scoping & Literature Review,"1. Define problem formally with inputs, outputs, and objectives | 2. Review state-of-the-art models and benchmarks | 3. Identify datasets and evaluation metrics | 4. Prepare related work summary"
RDM_249CCE,PRJ_347E78,2,Dataset Preparation,"1. Identify and download relevant public datasets | 2. Perform exploratory data analysis (EDA) | 3. Handle missing values, outliers, and class imbalance | 4. Split data into train/validation/test sets"
RDM_46820C,PRJ_347E78,3,Model Architecture Design,1. Propose candidate model architectures | 2. Implement baseline model | 3. Define loss functions and evaluation metrics | 4. Set up experiment tracking (MLflow/W&B)
RDM_1DD770,PRJ_347E78,4,Training & Optimization,1. Train baseline model and log results | 2. Perform hyperparameter tuning (grid/random/Bayesian search) | 3. Apply regularization and augmentation strategies | 4. Analyze learning curves and convergence
RDM_76B11A,PRJ_347E78,5,Evaluation & Ablation,1. Evaluate on held-out test set | 2. Conduct ablation studies for each component | 3. Compare with state-of-the-art benchmarks | 4. Perform error analysis on failure cases
RDM_4D38F5,PRJ_347E78,6,Deployment & Reporting,1. Package model as REST API (FastAPI/Flask) | 2. Containerize with Docker | 3. Write final report and create demo | 4. Publish code and model weights on GitHub
RDM_3B831C,PRJ_BADD84,1,Literature Review & Problem Formulation,1. Conduct systematic literature review on topic | 2. Identify research gaps and define problem statement | 3. Prepare literature review document (min 30 papers) | 4. Define hypothesis and success criteria
RDM_851677,PRJ_BADD84,2,Design & Procurement,1. Finalize system architecture and block diagram | 2. Prepare Bill of Materials (BoM) | 3. Procure equipment and consumables | 4. Set up experimental workspace and safety protocols
RDM_6EE91A,PRJ_BADD84,3,Prototype Development,1. Assemble hardware components | 2. Develop initial firmware/software | 3. Perform bench-level unit tests | 4. Document assembly and calibration procedure
RDM_864086,PRJ_BADD84,4,Data Collection,1. Design data collection protocol | 2. Run controlled experiments with replication | 3. Log raw data with timestamps | 4. Perform initial quality check on collected data
RDM_B45446,PRJ_BADD84,5,Analysis & Modeling,1. Clean and preprocess collected data | 2. Apply statistical/ML models | 3. Visualize results and generate insights | 4. Conduct sensitivity analysis
RDM_30EFA9,PRJ_BADD84,6,Validation & Testing,"1. Compare results against baseline or benchmarks | 2. Conduct blind validation experiments | 3. Document accuracy, precision, recall metrics | 4. Identify failure modes and limitations"
RDM_549F18,PRJ_BADD84,7,Reporting & Dissemination,"1. Write final project report | 2. Prepare journal/conference manuscript | 3. Create poster or demo presentation | 4. Archive code, data, and documentation on GitHub/Zenodo"
RDM_EB03F5,PRJ_8FE967,1,Literature Review,1. Perform systematic literature review | 2. Identify experimental and computational components | 3. Define hybrid methodology rationale
RDM_8FB5DB,PRJ_8FE967,2,Experimental Setup,1. Procure equipment and prepare lab setup | 2. Conduct preliminary experiments | 3. Collect baseline experimental data
RDM_00E303,PRJ_8FE967,3,Computational Modeling,1. Develop simulation or ML model | 2. Calibrate model with experimental data | 3. Perform virtual parameter sweeps
RDM_C02B33,PRJ_8FE967,4,Integrated Analysis,1. Cross-validate experimental and computational results | 2. Identify discrepancies and perform root-cause analysis | 3. Optimize design based on integrated findings
RDM_B6CEF0,PRJ_8FE967,5,Validation,1. Conduct confirmatory experiments | 2. Benchmark against existing literature | 3. Document uncertainty and error bounds
RDM_4D8D62,PRJ_8FE967,6,Reporting,1. Prepare final report combining both methodologies | 2. Submit to conference or journal | 3. Archive all artifacts
RDM_D01D3E,PRJ_7C587B,1,Literature Review & Problem Formulation,1. Conduct systematic literature review on topic | 2. Identify research gaps and define problem statement | 3. Prepare literature review document (min 30 papers) | 4. Define hypothesis and success criteria
RDM_A86077,PRJ_7C587B,2,Design & Procurement,1. Finalize system architecture and block diagram | 2. Prepare Bill of Materials (BoM) | 3. Procure equipment and consumables | 4. Set up experimental workspace and safety protocols
RDM_0C3AE2,PRJ_7C587B,3,Prototype Development,1. Assemble hardware components | 2. Develop initial firmware/software | 3. Perform bench-level unit tests | 4. Document assembly and calibration procedure
RDM_DAD70A,PRJ_7C587B,4,Data Collection,1. Design data collection protocol | 2. Run controlled experiments with replication | 3. Log raw data with timestamps | 4. Perform initial quality check on collected data
RDM_C4B31F,PRJ_7C587B,5,Analysis & Modeling,1. Clean and preprocess collected data | 2. Apply statistical/ML models | 3. Visualize results and generate insights | 4. Conduct sensitivity analysis
RDM_123BD3,PRJ_7C587B,6,Validation & Testing,"1. Compare results against baseline or benchmarks | 2. Conduct blind validation experiments | 3. Document accuracy, precision, recall metrics | 4. Identify failure modes and limitations"
RDM_4D94C7,PRJ_7C587B,7,Reporting & Dissemination,"1. Write final project report | 2. Prepare journal/conference manuscript | 3. Create poster or demo presentation | 4. Archive code, data, and documentation on GitHub/Zenodo"
RDM_012774,PRJ_4BBE59,1,Problem Scoping & Literature Review,"1. Define problem formally with inputs, outputs, and objectives | 2. Review state-of-the-art models and benchmarks | 3. Identify datasets and evaluation metrics | 4. Prepare related work summary"
RDM_BCA850,PRJ_4BBE59,2,Dataset Preparation,"1. Identify and download relevant public datasets | 2. Perform exploratory data analysis (EDA) | 3. Handle missing values, outliers, and class imbalance | 4. Split data into train/validation/test sets"
RDM_6F54AB,PRJ_4BBE59,3,Model Architecture Design,1. Propose candidate model architectures | 2. Implement baseline model | 3. Define loss functions and evaluation metrics | 4. Set up experiment tracking (MLflow/W&B)
RDM_D55A8E,PRJ_4BBE59,4,Training & Optimization,1. Train baseline model and log results | 2. Perform hyperparameter tuning (grid/random/Bayesian search) | 3. Apply regularization and augmentation strategies | 4. Analyze learning curves and convergence
RDM_246019,PRJ_4BBE59,5,Evaluation & Ablation,1. Evaluate on held-out test set | 2. Conduct ablation studies for each component | 3. Compare with state-of-the-art benchmarks | 4. Perform error analysis on failure cases
RDM_B908FA,PRJ_4BBE59,6,Deployment & Reporting,1. Package model as REST API (FastAPI/Flask) | 2. Containerize with Docker | 3. Write final report and create demo | 4. Publish code and model weights on GitHub
RDM_1EAE8A,PRJ_AA63B8,1,Literature Review & Problem Formulation,1. Conduct systematic literature review on topic | 2. Identify research gaps and define problem statement | 3. Prepare literature review document (min 30 papers) | 4. Define hypothesis and success criteria
RDM_64BE3E,PRJ_AA63B8,2,Design & Procurement,1. Finalize system architecture and block diagram | 2. Prepare Bill of Materials (BoM) | 3. Procure equipment and consumables | 4. Set up experimental workspace and safety protocols
RDM_422F7A,PRJ_AA63B8,3,Prototype Development,1. Assemble hardware components | 2. Develop initial firmware/software | 3. Perform bench-level unit tests | 4. Document assembly and calibration procedure
RDM_907AEB,PRJ_AA63B8,4,Data Collection,1. Design data collection protocol | 2. Run controlled experiments with replication | 3. Log raw data with timestamps | 4. Perform initial quality check on collected data
RDM_6E309B,PRJ_AA63B8,5,Analysis & Modeling,1. Clean and preprocess collected data | 2. Apply statistical/ML models | 3. Visualize results and generate insights | 4. Conduct sensitivity analysis
RDM_CA6412,PRJ_AA63B8,6,Validation & Testing,"1. Compare results against baseline or benchmarks | 2. Conduct blind validation experiments | 3. Document accuracy, precision, recall metrics | 4. Identify failure modes and limitations"
RDM_DD5F36,PRJ_AA63B8,7,Reporting & Dissemination,"1. Write final project report | 2. Prepare journal/conference manuscript | 3. Create poster or demo presentation | 4. Archive code, data, and documentation on GitHub/Zenodo"
RDM_6C2CC4,PRJ_2D372A,1,Literature Review & Problem Formulation,1. Conduct systematic literature review on topic | 2. Identify research gaps and define problem statement | 3. Prepare literature review document (min 30 papers) | 4. Define hypothesis and success criteria
RDM_BC8800,PRJ_2D372A,2,Design & Procurement,1. Finalize system architecture and block diagram | 2. Prepare Bill of Materials (BoM) | 3. Procure equipment and consumables | 4. Set up experimental workspace and safety protocols
RDM_507D7E,PRJ_2D372A,3,Prototype Development,1. Assemble hardware components | 2. Develop initial firmware/software | 3. Perform bench-level unit tests | 4. Document assembly and calibration procedure
RDM_47AB06,PRJ_2D372A,4,Data Collection,1. Design data collection protocol | 2. Run controlled experiments with replication | 3. Log raw data with timestamps | 4. Perform initial quality check on collected data
RDM_C1E89B,PRJ_2D372A,5,Analysis & Modeling,1. Clean and preprocess collected data | 2. Apply statistical/ML models | 3. Visualize results and generate insights | 4. Conduct sensitivity analysis
RDM_44B13A,PRJ_2D372A,6,Validation & Testing,"1. Compare results against baseline or benchmarks | 2. Conduct blind validation experiments | 3. Document accuracy, precision, recall metrics | 4. Identify failure modes and limitations"
RDM_232354,PRJ_2D372A,7,Reporting & Dissemination,"1. Write final project report | 2. Prepare journal/conference manuscript | 3. Create poster or demo presentation | 4. Archive code, data, and documentation on GitHub/Zenodo"
RDM_6E9389,PRJ_EDC33A,1,Literature Review,1. Perform systematic literature review | 2. Identify experimental and computational components | 3. Define hybrid methodology rationale
RDM_8C409B,PRJ_EDC33A,2,Experimental Setup,1. Procure equipment and prepare lab setup | 2. Conduct preliminary experiments | 3. Collect baseline experimental data
RDM_9ECB7D,PRJ_EDC33A,3,Computational Modeling,1. Develop simulation or ML model | 2. Calibrate model with experimental data | 3. Perform virtual parameter sweeps
RDM_6602C7,PRJ_EDC33A,4,Integrated Analysis,1. Cross-validate experimental and computational results | 2. Identify discrepancies and perform root-cause analysis | 3. Optimize design based on integrated findings
RDM_AB0433,PRJ_EDC33A,5,Validation,1. Conduct confirmatory experiments | 2. Benchmark against existing literature | 3. Document uncertainty and error bounds
RDM_301F80,PRJ_EDC33A,6,Reporting,1. Prepare final report combining both methodologies | 2. Submit to conference or journal | 3. Archive all artifacts
RDM_A88A02,PRJ_FBF209,1,Problem Scoping & Literature Review,"1. Define problem formally with inputs, outputs, and objectives | 2. Review state-of-the-art models and benchmarks | 3. Identify datasets and evaluation metrics | 4. Prepare related work summary"
RDM_408EC2,PRJ_FBF209,2,Dataset Preparation,"1. Identify and download relevant public datasets | 2. Perform exploratory data analysis (EDA) | 3. Handle missing values, outliers, and class imbalance | 4. Split data into train/validation/test sets"
RDM_CD7732,PRJ_FBF209,3,Model Architecture Design,1. Propose candidate model architectures | 2. Implement baseline model | 3. Define loss functions and evaluation metrics | 4. Set up experiment tracking (MLflow/W&B)
RDM_C1C034,PRJ_FBF209,4,Training & Optimization,1. Train baseline model and log results | 2. Perform hyperparameter tuning (grid/random/Bayesian search) | 3. Apply regularization and augmentation strategies | 4. Analyze learning curves and convergence
RDM_8B3E0B,PRJ_FBF209,5,Evaluation & Ablation,1. Evaluate on held-out test set | 2. Conduct ablation studies for each component | 3. Compare with state-of-the-art benchmarks | 4. Perform error analysis on failure cases
RDM_F256EB,PRJ_FBF209,6,Deployment & Reporting,1. Package model as REST API (FastAPI/Flask) | 2. Containerize with Docker | 3. Write final report and create demo | 4. Publish code and model weights on GitHub
RDM_13682C,PRJ_E99505,1,Literature Review,1. Perform systematic literature review | 2. Identify experimental and computational components | 3. Define hybrid methodology rationale
RDM_2DDAE6,PRJ_E99505,2,Experimental Setup,1. Procure equipment and prepare lab setup | 2. Conduct preliminary experiments | 3. Collect baseline experimental data
RDM_8AB06C,PRJ_E99505,3,Computational Modeling,1. Develop simulation or ML model | 2. Calibrate model with experimental data | 3. Perform virtual parameter sweeps
RDM_B42958,PRJ_E99505,4,Integrated Analysis,1. Cross-validate experimental and computational results | 2. Identify discrepancies and perform root-cause analysis | 3. Optimize design based on integrated findings
RDM_3BAC80,PRJ_E99505,5,Validation,1. Conduct confirmatory experiments | 2. Benchmark against existing literature | 3. Document uncertainty and error bounds
RDM_7F1114,PRJ_E99505,6,Reporting,1. Prepare final report combining both methodologies | 2. Submit to conference or journal | 3. Archive all artifacts
RDM_B5A96F,PRJ_B6A027,1,Problem Scoping & Literature Review,"1. Define problem formally with inputs, outputs, and objectives | 2. Review state-of-the-art models and benchmarks | 3. Identify datasets and evaluation metrics | 4. Prepare related work summary"
RDM_579F77,PRJ_B6A027,2,Dataset Preparation,"1. Identify and download relevant public datasets | 2. Perform exploratory data analysis (EDA) | 3. Handle missing values, outliers, and class imbalance | 4. Split data into train/validation/test sets"
RDM_D79F3B,PRJ_B6A027,3,Model Architecture Design,1. Propose candidate model architectures | 2. Implement baseline model | 3. Define loss functions and evaluation metrics | 4. Set up experiment tracking (MLflow/W&B)
RDM_9877EB,PRJ_B6A027,4,Training & Optimization,1. Train baseline model and log results | 2. Perform hyperparameter tuning (grid/random/Bayesian search) | 3. Apply regularization and augmentation strategies | 4. Analyze learning curves and convergence
RDM_014F64,PRJ_B6A027,5,Evaluation & Ablation,1. Evaluate on held-out test set | 2. Conduct ablation studies for each component | 3. Compare with state-of-the-art benchmarks | 4. Perform error analysis on failure cases
RDM_83B9BA,PRJ_B6A027,6,Deployment & Reporting,1. Package model as REST API (FastAPI/Flask) | 2. Containerize with Docker | 3. Write final report and create demo | 4. Publish code and model weights on GitHub
RDM_E96DA7,PRJ_3600B0,1,Literature Review & Problem Formulation,1. Conduct systematic literature review on topic | 2. Identify research gaps and define problem statement | 3. Prepare literature review document (min 30 papers) | 4. Define hypothesis and success criteria
RDM_317DBD,PRJ_3600B0,2,Design & Procurement,1. Finalize system architecture and block diagram | 2. Prepare Bill of Materials (BoM) | 3. Procure equipment and consumables | 4. Set up experimental workspace and safety protocols
RDM_4EEF86,PRJ_3600B0,3,Prototype Development,1. Assemble hardware components | 2. Develop initial firmware/software | 3. Perform bench-level unit tests | 4. Document assembly and calibration procedure
RDM_656BE5,PRJ_3600B0,4,Data Collection,1. Design data collection protocol | 2. Run controlled experiments with replication | 3. Log raw data with timestamps | 4. Perform initial quality check on collected data
RDM_B42E86,PRJ_3600B0,5,Analysis & Modeling,1. Clean and preprocess collected data | 2. Apply statistical/ML models | 3. Visualize results and generate insights | 4. Conduct sensitivity analysis
RDM_AF7FA1,PRJ_3600B0,6,Validation & Testing,"1. Compare results against baseline or benchmarks | 2. Conduct blind validation experiments | 3. Document accuracy, precision, recall metrics | 4. Identify failure modes and limitations"
RDM_E095F4,PRJ_3600B0,7,Reporting & Dissemination,"1. Write final project report | 2. Prepare journal/conference manuscript | 3. Create poster or demo presentation | 4. Archive code, data, and documentation on GitHub/Zenodo"
RDM_D850D1,PRJ_ADEBA5,1,Literature Review,1. Perform systematic literature review | 2. Identify experimental and computational components | 3. Define hybrid methodology rationale
RDM_825849,PRJ_ADEBA5,2,Experimental Setup,1. Procure equipment and prepare lab setup | 2. Conduct preliminary experiments | 3. Collect baseline experimental data
RDM_3EF7FE,PRJ_ADEBA5,3,Computational Modeling,1. Develop simulation or ML model | 2. Calibrate model with experimental data | 3. Perform virtual parameter sweeps
RDM_A89C57,PRJ_ADEBA5,4,Integrated Analysis,1. Cross-validate experimental and computational results | 2. Identify discrepancies and perform root-cause analysis | 3. Optimize design based on integrated findings
RDM_7F5AC8,PRJ_ADEBA5,5,Validation,1. Conduct confirmatory experiments | 2. Benchmark against existing literature | 3. Document uncertainty and error bounds
RDM_FC3535,PRJ_ADEBA5,6,Reporting,1. Prepare final report combining both methodologies | 2. Submit to conference or journal | 3. Archive all artifacts
RDM_C3B1BA,PRJ_926D38,1,Problem Scoping & Literature Review,"1. Define problem formally with inputs, outputs, and objectives | 2. Review state-of-the-art models and benchmarks | 3. Identify datasets and evaluation metrics | 4. Prepare related work summary"
RDM_B563F9,PRJ_926D38,2,Dataset Preparation,"1. Identify and download relevant public datasets | 2. Perform exploratory data analysis (EDA) | 3. Handle missing values, outliers, and class imbalance | 4. Split data into train/validation/test sets"
RDM_9AB674,PRJ_926D38,3,Model Architecture Design,1. Propose candidate model architectures | 2. Implement baseline model | 3. Define loss functions and evaluation metrics | 4. Set up experiment tracking (MLflow/W&B)
RDM_6F1C8E,PRJ_926D38,4,Training & Optimization,1. Train baseline model and log results | 2. Perform hyperparameter tuning (grid/random/Bayesian search) | 3. Apply regularization and augmentation strategies | 4. Analyze learning curves and convergence
RDM_29E8CC,PRJ_926D38,5,Evaluation & Ablation,1. Evaluate on held-out test set | 2. Conduct ablation studies for each component | 3. Compare with state-of-the-art benchmarks | 4. Perform error analysis on failure cases
RDM_7B1010,PRJ_926D38,6,Deployment & Reporting,1. Package model as REST API (FastAPI/Flask) | 2. Containerize with Docker | 3. Write final report and create demo | 4. Publish code and model weights on GitHub
RDM_8436C5,PRJ_7BF50D,1,Literature Review & Problem Formulation,1. Conduct systematic literature review on topic | 2. Identify research gaps and define problem statement | 3. Prepare literature review document (min 30 papers) | 4. Define hypothesis and success criteria
RDM_0774AA,PRJ_7BF50D,2,Design & Procurement,1. Finalize system architecture and block diagram | 2. Prepare Bill of Materials (BoM) | 3. Procure equipment and consumables | 4. Set up experimental workspace and safety protocols
RDM_C15BAC,PRJ_7BF50D,3,Prototype Development,1. Assemble hardware components | 2. Develop initial firmware/software | 3. Perform bench-level unit tests | 4. Document assembly and calibration procedure
RDM_8DC366,PRJ_7BF50D,4,Data Collection,1. Design data collection protocol | 2. Run controlled experiments with replication | 3. Log raw data with timestamps | 4. Perform initial quality check on collected data
RDM_451D63,PRJ_7BF50D,5,Analysis & Modeling,1. Clean and preprocess collected data | 2. Apply statistical/ML models | 3. Visualize results and generate insights | 4. Conduct sensitivity analysis
RDM_C2E7E6,PRJ_7BF50D,6,Validation & Testing,"1. Compare results against baseline or benchmarks | 2. Conduct blind validation experiments | 3. Document accuracy, precision, recall metrics | 4. Identify failure modes and limitations"
RDM_0793C6,PRJ_7BF50D,7,Reporting & Dissemination,"1. Write final project report | 2. Prepare journal/conference manuscript | 3. Create poster or demo presentation | 4. Archive code, data, and documentation on GitHub/Zenodo"
RDM_8E05EB,PRJ_CD9962,1,Problem Scoping & Literature Review,"1. Define problem formally with inputs, outputs, and objectives | 2. Review state-of-the-art models and benchmarks | 3. Identify datasets and evaluation metrics | 4. Prepare related work summary"
RDM_326235,PRJ_CD9962,2,Dataset Preparation,"1. Identify and download relevant public datasets | 2. Perform exploratory data analysis (EDA) | 3. Handle missing values, outliers, and class imbalance | 4. Split data into train/validation/test sets"
RDM_E757B6,PRJ_CD9962,3,Model Architecture Design,1. Propose candidate model architectures | 2. Implement baseline model | 3. Define loss functions and evaluation metrics | 4. Set up experiment tracking (MLflow/W&B)
RDM_6207FB,PRJ_CD9962,4,Training & Optimization,1. Train baseline model and log results | 2. Perform hyperparameter tuning (grid/random/Bayesian search) | 3. Apply regularization and augmentation strategies | 4. Analyze learning curves and convergence
RDM_370BF6,PRJ_CD9962,5,Evaluation & Ablation,1. Evaluate on held-out test set | 2. Conduct ablation studies for each component | 3. Compare with state-of-the-art benchmarks | 4. Perform error analysis on failure cases
RDM_EBC884,PRJ_CD9962,6,Deployment & Reporting,1. Package model as REST API (FastAPI/Flask) | 2. Containerize with Docker | 3. Write final report and create demo | 4. Publish code and model weights on GitHub
RDM_CB481D,PRJ_3E947B,1,Literature Review & Problem Formulation,1. Conduct systematic literature review on topic | 2. Identify research gaps and define problem statement | 3. Prepare literature review document (min 30 papers) | 4. Define hypothesis and success criteria
RDM_34959E,PRJ_3E947B,2,Design & Procurement,1. Finalize system architecture and block diagram | 2. Prepare Bill of Materials (BoM) | 3. Procure equipment and consumables | 4. Set up experimental workspace and safety protocols
RDM_E713A0,PRJ_3E947B,3,Prototype Development,1. Assemble hardware components | 2. Develop initial firmware/software | 3. Perform bench-level unit tests | 4. Document assembly and calibration procedure
RDM_6B7FD2,PRJ_3E947B,4,Data Collection,1. Design data collection protocol | 2. Run controlled experiments with replication | 3. Log raw data with timestamps | 4. Perform initial quality check on collected data
RDM_5F7AAE,PRJ_3E947B,5,Analysis & Modeling,1. Clean and preprocess collected data | 2. Apply statistical/ML models | 3. Visualize results and generate insights | 4. Conduct sensitivity analysis
RDM_B71B7D,PRJ_3E947B,6,Validation & Testing,"1. Compare results against baseline or benchmarks | 2. Conduct blind validation experiments | 3. Document accuracy, precision, recall metrics | 4. Identify failure modes and limitations"
RDM_376E15,PRJ_3E947B,7,Reporting & Dissemination,"1. Write final project report | 2. Prepare journal/conference manuscript | 3. Create poster or demo presentation | 4. Archive code, data, and documentation on GitHub/Zenodo"
RDM_B177BD,PRJ_82E33C,1,Literature Review,1. Perform systematic literature review | 2. Identify experimental and computational components | 3. Define hybrid methodology rationale
RDM_FF8742,PRJ_82E33C,2,Experimental Setup,1. Procure equipment and prepare lab setup | 2. Conduct preliminary experiments | 3. Collect baseline experimental data
RDM_1D7B49,PRJ_82E33C,3,Computational Modeling,1. Develop simulation or ML model | 2. Calibrate model with experimental data | 3. Perform virtual parameter sweeps
RDM_0C1CC1,PRJ_82E33C,4,Integrated Analysis,1. Cross-validate experimental and computational results | 2. Identify discrepancies and perform root-cause analysis | 3. Optimize design based on integrated findings
RDM_9BF097,PRJ_82E33C,5,Validation,1. Conduct confirmatory experiments | 2. Benchmark against existing literature | 3. Document uncertainty and error bounds
RDM_90ACDE,PRJ_82E33C,6,Reporting,1. Prepare final report combining both methodologies | 2. Submit to conference or journal | 3. Archive all artifacts
RDM_228647,PRJ_116E99,1,Literature Review,1. Perform systematic literature review | 2. Identify experimental and computational components | 3. Define hybrid methodology rationale
RDM_F9B748,PRJ_116E99,2,Experimental Setup,1. Procure equipment and prepare lab setup | 2. Conduct preliminary experiments | 3. Collect baseline experimental data
RDM_56B8EF,PRJ_116E99,3,Computational Modeling,1. Develop simulation or ML model | 2. Calibrate model with experimental data | 3. Perform virtual parameter sweeps
RDM_DC1545,PRJ_116E99,4,Integrated Analysis,1. Cross-validate experimental and computational results | 2. Identify discrepancies and perform root-cause analysis | 3. Optimize design based on integrated findings
RDM_91F6E3,PRJ_116E99,5,Validation,1. Conduct confirmatory experiments | 2. Benchmark against existing literature | 3. Document uncertainty and error bounds
RDM_73B3E9,PRJ_116E99,6,Reporting,1. Prepare final report combining both methodologies | 2. Submit to conference or journal | 3. Archive all artifacts
RDM_F47F73,PRJ_E8AEE7,1,Literature Review & Problem Formulation,1. Conduct systematic literature review on topic | 2. Identify research gaps and define problem statement | 3. Prepare literature review document (min 30 papers) | 4. Define hypothesis and success criteria
RDM_655152,PRJ_E8AEE7,2,Design & Procurement,1. Finalize system architecture and block diagram | 2. Prepare Bill of Materials (BoM) | 3. Procure equipment and consumables | 4. Set up experimental workspace and safety protocols
RDM_9F7439,PRJ_E8AEE7,3,Prototype Development,1. Assemble hardware components | 2. Develop initial firmware/software | 3. Perform bench-level unit tests | 4. Document assembly and calibration procedure
RDM_DC3386,PRJ_E8AEE7,4,Data Collection,1. Design data collection protocol | 2. Run controlled experiments with replication | 3. Log raw data with timestamps | 4. Perform initial quality check on collected data
RDM_7713D7,PRJ_E8AEE7,5,Analysis & Modeling,1. Clean and preprocess collected data | 2. Apply statistical/ML models | 3. Visualize results and generate insights | 4. Conduct sensitivity analysis
RDM_952248,PRJ_E8AEE7,6,Validation & Testing,"1. Compare results against baseline or benchmarks | 2. Conduct blind validation experiments | 3. Document accuracy, precision, recall metrics | 4. Identify failure modes and limitations"
RDM_2D9E6B,PRJ_E8AEE7,7,Reporting & Dissemination,"1. Write final project report | 2. Prepare journal/conference manuscript | 3. Create poster or demo presentation | 4. Archive code, data, and documentation on GitHub/Zenodo"
RDM_A53F57,PRJ_D63B0F,1,Problem Scoping & Literature Review,"1. Define problem formally with inputs, outputs, and objectives | 2. Review state-of-the-art models and benchmarks | 3. Identify datasets and evaluation metrics | 4. Prepare related work summary"
RDM_3BAB85,PRJ_D63B0F,2,Dataset Preparation,"1. Identify and download relevant public datasets | 2. Perform exploratory data analysis (EDA) | 3. Handle missing values, outliers, and class imbalance | 4. Split data into train/validation/test sets"
RDM_6B2775,PRJ_D63B0F,3,Model Architecture Design,1. Propose candidate model architectures | 2. Implement baseline model | 3. Define loss functions and evaluation metrics | 4. Set up experiment tracking (MLflow/W&B)
RDM_67C261,PRJ_D63B0F,4,Training & Optimization,1. Train baseline model and log results | 2. Perform hyperparameter tuning (grid/random/Bayesian search) | 3. Apply regularization and augmentation strategies | 4. Analyze learning curves and convergence
RDM_3019E2,PRJ_D63B0F,5,Evaluation & Ablation,1. Evaluate on held-out test set | 2. Conduct ablation studies for each component | 3. Compare with state-of-the-art benchmarks | 4. Perform error analysis on failure cases
RDM_0522BE,PRJ_D63B0F,6,Deployment & Reporting,1. Package model as REST API (FastAPI/Flask) | 2. Containerize with Docker | 3. Write final report and create demo | 4. Publish code and model weights on GitHub
RDM_78B76B,PRJ_8347AF,1,Literature Review,1. Perform systematic literature review | 2. Identify experimental and computational components | 3. Define hybrid methodology rationale
RDM_F95E0D,PRJ_8347AF,2,Experimental Setup,1. Procure equipment and prepare lab setup | 2. Conduct preliminary experiments | 3. Collect baseline experimental data
RDM_BCC9D4,PRJ_8347AF,3,Computational Modeling,1. Develop simulation or ML model | 2. Calibrate model with experimental data | 3. Perform virtual parameter sweeps
RDM_9020A3,PRJ_8347AF,4,Integrated Analysis,1. Cross-validate experimental and computational results | 2. Identify discrepancies and perform root-cause analysis | 3. Optimize design based on integrated findings
RDM_9FEA9D,PRJ_8347AF,5,Validation,1. Conduct confirmatory experiments | 2. Benchmark against existing literature | 3. Document uncertainty and error bounds
RDM_9E6EBE,PRJ_8347AF,6,Reporting,1. Prepare final report combining both methodologies | 2. Submit to conference or journal | 3. Archive all artifacts
RDM_E20523,PRJ_F97063,1,Literature Review,1. Perform systematic literature review | 2. Identify experimental and computational components | 3. Define hybrid methodology rationale
RDM_ACDEE7,PRJ_F97063,2,Experimental Setup,1. Procure equipment and prepare lab setup | 2. Conduct preliminary experiments | 3. Collect baseline experimental data
RDM_DF30B3,PRJ_F97063,3,Computational Modeling,1. Develop simulation or ML model | 2. Calibrate model with experimental data | 3. Perform virtual parameter sweeps
RDM_026FE8,PRJ_F97063,4,Integrated Analysis,1. Cross-validate experimental and computational results | 2. Identify discrepancies and perform root-cause analysis | 3. Optimize design based on integrated findings
RDM_5FD579,PRJ_F97063,5,Validation,1. Conduct confirmatory experiments | 2. Benchmark against existing literature | 3. Document uncertainty and error bounds
RDM_A9E716,PRJ_F97063,6,Reporting,1. Prepare final report combining both methodologies | 2. Submit to conference or journal | 3. Archive all artifacts
RDM_E6D190,PRJ_7D3F9B,1,Literature Review,1. Perform systematic literature review | 2. Identify experimental and computational components | 3. Define hybrid methodology rationale
RDM_663918,PRJ_7D3F9B,2,Experimental Setup,1. Procure equipment and prepare lab setup | 2. Conduct preliminary experiments | 3. Collect baseline experimental data
RDM_0AA44D,PRJ_7D3F9B,3,Computational Modeling,1. Develop simulation or ML model | 2. Calibrate model with experimental data | 3. Perform virtual parameter sweeps
RDM_29943C,PRJ_7D3F9B,4,Integrated Analysis,1. Cross-validate experimental and computational results | 2. Identify discrepancies and perform root-cause analysis | 3. Optimize design based on integrated findings
RDM_EADECA,PRJ_7D3F9B,5,Validation,1. Conduct confirmatory experiments | 2. Benchmark against existing literature | 3. Document uncertainty and error bounds
RDM_E6816D,PRJ_7D3F9B,6,Reporting,1. Prepare final report combining both methodologies | 2. Submit to conference or journal | 3. Archive all artifacts
RDM_E6B57D,PRJ_50908B,1,Literature Review & Problem Formulation,1. Conduct systematic literature review on topic | 2. Identify research gaps and define problem statement | 3. Prepare literature review document (min 30 papers) | 4. Define hypothesis and success criteria
RDM_B00DDF,PRJ_50908B,2,Design & Procurement,1. Finalize system architecture and block diagram | 2. Prepare Bill of Materials (BoM) | 3. Procure equipment and consumables | 4. Set up experimental workspace and safety protocols
RDM_35CF7A,PRJ_50908B,3,Prototype Development,1. Assemble hardware components | 2. Develop initial firmware/software | 3. Perform bench-level unit tests | 4. Document assembly and calibration procedure
RDM_60B55F,PRJ_50908B,4,Data Collection,1. Design data collection protocol | 2. Run controlled experiments with replication | 3. Log raw data with timestamps | 4. Perform initial quality check on collected data
RDM_C58E8E,PRJ_50908B,5,Analysis & Modeling,1. Clean and preprocess collected data | 2. Apply statistical/ML models | 3. Visualize results and generate insights | 4. Conduct sensitivity analysis
RDM_C1C0BE,PRJ_50908B,6,Validation & Testing,"1. Compare results against baseline or benchmarks | 2. Conduct blind validation experiments | 3. Document accuracy, precision, recall metrics | 4. Identify failure modes and limitations"
RDM_A4A0F8,PRJ_50908B,7,Reporting & Dissemination,"1. Write final project report | 2. Prepare journal/conference manuscript | 3. Create poster or demo presentation | 4. Archive code, data, and documentation on GitHub/Zenodo"
RDM_EC60FB,PRJ_97BCCC,1,Literature Review,1. Perform systematic literature review | 2. Identify experimental and computational components | 3. Define hybrid methodology rationale
RDM_FD44FE,PRJ_97BCCC,2,Experimental Setup,1. Procure equipment and prepare lab setup | 2. Conduct preliminary experiments | 3. Collect baseline experimental data
RDM_53071C,PRJ_97BCCC,3,Computational Modeling,1. Develop simulation or ML model | 2. Calibrate model with experimental data | 3. Perform virtual parameter sweeps
RDM_705B72,PRJ_97BCCC,4,Integrated Analysis,1. Cross-validate experimental and computational results | 2. Identify discrepancies and perform root-cause analysis | 3. Optimize design based on integrated findings
RDM_AD1423,PRJ_97BCCC,5,Validation,1. Conduct confirmatory experiments | 2. Benchmark against existing literature | 3. Document uncertainty and error bounds
RDM_97F061,PRJ_97BCCC,6,Reporting,1. Prepare final report combining both methodologies | 2. Submit to conference or journal | 3. Archive all artifacts
RDM_06B18D,PRJ_0365A1,1,Literature Review,1. Perform systematic literature review | 2. Identify experimental and computational components | 3. Define hybrid methodology rationale
RDM_B7BE0C,PRJ_0365A1,2,Experimental Setup,1. Procure equipment and prepare lab setup | 2. Conduct preliminary experiments | 3. Collect baseline experimental data
RDM_C07A63,PRJ_0365A1,3,Computational Modeling,1. Develop simulation or ML model | 2. Calibrate model with experimental data | 3. Perform virtual parameter sweeps
RDM_CD6F25,PRJ_0365A1,4,Integrated Analysis,1. Cross-validate experimental and computational results | 2. Identify discrepancies and perform root-cause analysis | 3. Optimize design based on integrated findings
RDM_30FAF7,PRJ_0365A1,5,Validation,1. Conduct confirmatory experiments | 2. Benchmark against existing literature | 3. Document uncertainty and error bounds
RDM_7FC287,PRJ_0365A1,6,Reporting,1. Prepare final report combining both methodologies | 2. Submit to conference or journal | 3. Archive all artifacts
RDM_2B305F,PRJ_FCF967,1,Literature Review,1. Perform systematic literature review | 2. Identify experimental and computational components | 3. Define hybrid methodology rationale
RDM_B9B663,PRJ_FCF967,2,Experimental Setup,1. Procure equipment and prepare lab setup | 2. Conduct preliminary experiments | 3. Collect baseline experimental data
RDM_23A751,PRJ_FCF967,3,Computational Modeling,1. Develop simulation or ML model | 2. Calibrate model with experimental data | 3. Perform virtual parameter sweeps
RDM_80E658,PRJ_FCF967,4,Integrated Analysis,1. Cross-validate experimental and computational results | 2. Identify discrepancies and perform root-cause analysis | 3. Optimize design based on integrated findings
RDM_27C90D,PRJ_FCF967,5,Validation,1. Conduct confirmatory experiments | 2. Benchmark against existing literature | 3. Document uncertainty and error bounds
RDM_C4C8DE,PRJ_FCF967,6,Reporting,1. Prepare final report combining both methodologies | 2. Submit to conference or journal | 3. Archive all artifacts
RDM_97D95C,PRJ_C65BF8,1,Literature Review & Problem Formulation,1. Conduct systematic literature review on topic | 2. Identify research gaps and define problem statement | 3. Prepare literature review document (min 30 papers) | 4. Define hypothesis and success criteria
RDM_781046,PRJ_C65BF8,2,Design & Procurement,1. Finalize system architecture and block diagram | 2. Prepare Bill of Materials (BoM) | 3. Procure equipment and consumables | 4. Set up experimental workspace and safety protocols
RDM_C49A5C,PRJ_C65BF8,3,Prototype Development,1. Assemble hardware components | 2. Develop initial firmware/software | 3. Perform bench-level unit tests | 4. Document assembly and calibration procedure
RDM_42E8F3,PRJ_C65BF8,4,Data Collection,1. Design data collection protocol | 2. Run controlled experiments with replication | 3. Log raw data with timestamps | 4. Perform initial quality check on collected data
RDM_6A4D42,PRJ_C65BF8,5,Analysis & Modeling,1. Clean and preprocess collected data | 2. Apply statistical/ML models | 3. Visualize results and generate insights | 4. Conduct sensitivity analysis
RDM_B71E4E,PRJ_C65BF8,6,Validation & Testing,"1. Compare results against baseline or benchmarks | 2. Conduct blind validation experiments | 3. Document accuracy, precision, recall metrics | 4. Identify failure modes and limitations"
RDM_0EF44F,PRJ_C65BF8,7,Reporting & Dissemination,"1. Write final project report | 2. Prepare journal/conference manuscript | 3. Create poster or demo presentation | 4. Archive code, data, and documentation on GitHub/Zenodo"
RDM_853FCC,PRJ_22E8F9,1,Literature Review,1. Perform systematic literature review | 2. Identify experimental and computational components | 3. Define hybrid methodology rationale
RDM_40F07A,PRJ_22E8F9,2,Experimental Setup,1. Procure equipment and prepare lab setup | 2. Conduct preliminary experiments | 3. Collect baseline experimental data
RDM_B58989,PRJ_22E8F9,3,Computational Modeling,1. Develop simulation or ML model | 2. Calibrate model with experimental data | 3. Perform virtual parameter sweeps
RDM_A50203,PRJ_22E8F9,4,Integrated Analysis,1. Cross-validate experimental and computational results | 2. Identify discrepancies and perform root-cause analysis | 3. Optimize design based on integrated findings
RDM_E8D4F3,PRJ_22E8F9,5,Validation,1. Conduct confirmatory experiments | 2. Benchmark against existing literature | 3. Document uncertainty and error bounds
RDM_C857BE,PRJ_22E8F9,6,Reporting,1. Prepare final report combining both methodologies | 2. Submit to conference or journal | 3. Archive all artifacts
RDM_7EE0D5,PRJ_27D1C7,1,Problem Scoping & Literature Review,"1. Define problem formally with inputs, outputs, and objectives | 2. Review state-of-the-art models and benchmarks | 3. Identify datasets and evaluation metrics | 4. Prepare related work summary"
RDM_D5D4D5,PRJ_27D1C7,2,Dataset Preparation,"1. Identify and download relevant public datasets | 2. Perform exploratory data analysis (EDA) | 3. Handle missing values, outliers, and class imbalance | 4. Split data into train/validation/test sets"
RDM_A55497,PRJ_27D1C7,3,Model Architecture Design,1. Propose candidate model architectures | 2. Implement baseline model | 3. Define loss functions and evaluation metrics | 4. Set up experiment tracking (MLflow/W&B)
RDM_52AEF6,PRJ_27D1C7,4,Training & Optimization,1. Train baseline model and log results | 2. Perform hyperparameter tuning (grid/random/Bayesian search) | 3. Apply regularization and augmentation strategies | 4. Analyze learning curves and convergence
RDM_16AB77,PRJ_27D1C7,5,Evaluation & Ablation,1. Evaluate on held-out test set | 2. Conduct ablation studies for each component | 3. Compare with state-of-the-art benchmarks | 4. Perform error analysis on failure cases
RDM_980602,PRJ_27D1C7,6,Deployment & Reporting,1. Package model as REST API (FastAPI/Flask) | 2. Containerize with Docker | 3. Write final report and create demo | 4. Publish code and model weights on GitHub
RDM_529C7E,PRJ_35EC8B,1,Problem Scoping & Literature Review,"1. Define problem formally with inputs, outputs, and objectives | 2. Review state-of-the-art models and benchmarks | 3. Identify datasets and evaluation metrics | 4. Prepare related work summary"
RDM_2962C7,PRJ_35EC8B,2,Dataset Preparation,"1. Identify and download relevant public datasets | 2. Perform exploratory data analysis (EDA) | 3. Handle missing values, outliers, and class imbalance | 4. Split data into train/validation/test sets"
RDM_E5B94E,PRJ_35EC8B,3,Model Architecture Design,1. Propose candidate model architectures | 2. Implement baseline model | 3. Define loss functions and evaluation metrics | 4. Set up experiment tracking (MLflow/W&B)
RDM_4B0383,PRJ_35EC8B,4,Training & Optimization,1. Train baseline model and log results | 2. Perform hyperparameter tuning (grid/random/Bayesian search) | 3. Apply regularization and augmentation strategies | 4. Analyze learning curves and convergence
RDM_9150D5,PRJ_35EC8B,5,Evaluation & Ablation,1. Evaluate on held-out test set | 2. Conduct ablation studies for each component | 3. Compare with state-of-the-art benchmarks | 4. Perform error analysis on failure cases
RDM_07B479,PRJ_35EC8B,6,Deployment & Reporting,1. Package model as REST API (FastAPI/Flask) | 2. Containerize with Docker | 3. Write final report and create demo | 4. Publish code and model weights on GitHub
RDM_3C6824,PRJ_7FEFD0,1,Literature Review,1. Perform systematic literature review | 2. Identify experimental and computational components | 3. Define hybrid methodology rationale
RDM_A6027B,PRJ_7FEFD0,2,Experimental Setup,1. Procure equipment and prepare lab setup | 2. Conduct preliminary experiments | 3. Collect baseline experimental data
RDM_5C8649,PRJ_7FEFD0,3,Computational Modeling,1. Develop simulation or ML model | 2. Calibrate model with experimental data | 3. Perform virtual parameter sweeps
RDM_EFD3A6,PRJ_7FEFD0,4,Integrated Analysis,1. Cross-validate experimental and computational results | 2. Identify discrepancies and perform root-cause analysis | 3. Optimize design based on integrated findings
RDM_6E7AEF,PRJ_7FEFD0,5,Validation,1. Conduct confirmatory experiments | 2. Benchmark against existing literature | 3. Document uncertainty and error bounds
RDM_2CB493,PRJ_7FEFD0,6,Reporting,1. Prepare final report combining both methodologies | 2. Submit to conference or journal | 3. Archive all artifacts
RDM_43986C,PRJ_22493D,1,Problem Scoping & Literature Review,"1. Define problem formally with inputs, outputs, and objectives | 2. Review state-of-the-art models and benchmarks | 3. Identify datasets and evaluation metrics | 4. Prepare related work summary"
RDM_ACAEA4,PRJ_22493D,2,Dataset Preparation,"1. Identify and download relevant public datasets | 2. Perform exploratory data analysis (EDA) | 3. Handle missing values, outliers, and class imbalance | 4. Split data into train/validation/test sets"
RDM_552E2D,PRJ_22493D,3,Model Architecture Design,1. Propose candidate model architectures | 2. Implement baseline model | 3. Define loss functions and evaluation metrics | 4. Set up experiment tracking (MLflow/W&B)
RDM_0DB622,PRJ_22493D,4,Training & Optimization,1. Train baseline model and log results | 2. Perform hyperparameter tuning (grid/random/Bayesian search) | 3. Apply regularization and augmentation strategies | 4. Analyze learning curves and convergence
RDM_6DB1FA,PRJ_22493D,5,Evaluation & Ablation,1. Evaluate on held-out test set | 2. Conduct ablation studies for each component | 3. Compare with state-of-the-art benchmarks | 4. Perform error analysis on failure cases
RDM_8BC5AC,PRJ_22493D,6,Deployment & Reporting,1. Package model as REST API (FastAPI/Flask) | 2. Containerize with Docker | 3. Write final report and create demo | 4. Publish code and model weights on GitHub
RDM_3402CB,PRJ_1462A1,1,Problem Scoping & Literature Review,"1. Define problem formally with inputs, outputs, and objectives | 2. Review state-of-the-art models and benchmarks | 3. Identify datasets and evaluation metrics | 4. Prepare related work summary"
RDM_E3DEC0,PRJ_1462A1,2,Dataset Preparation,"1. Identify and download relevant public datasets | 2. Perform exploratory data analysis (EDA) | 3. Handle missing values, outliers, and class imbalance | 4. Split data into train/validation/test sets"
RDM_4B4084,PRJ_1462A1,3,Model Architecture Design,1. Propose candidate model architectures | 2. Implement baseline model | 3. Define loss functions and evaluation metrics | 4. Set up experiment tracking (MLflow/W&B)
RDM_0C4382,PRJ_1462A1,4,Training & Optimization,1. Train baseline model and log results | 2. Perform hyperparameter tuning (grid/random/Bayesian search) | 3. Apply regularization and augmentation strategies | 4. Analyze learning curves and convergence
RDM_4251C8,PRJ_1462A1,5,Evaluation & Ablation,1. Evaluate on held-out test set | 2. Conduct ablation studies for each component | 3. Compare with state-of-the-art benchmarks | 4. Perform error analysis on failure cases
RDM_EF30BF,PRJ_1462A1,6,Deployment & Reporting,1. Package model as REST API (FastAPI/Flask) | 2. Containerize with Docker | 3. Write final report and create demo | 4. Publish code and model weights on GitHub
RDM_EA41F5,PRJ_9B6F29,1,Literature Review & Problem Formulation,1. Conduct systematic literature review on topic | 2. Identify research gaps and define problem statement | 3. Prepare literature review document (min 30 papers) | 4. Define hypothesis and success criteria
RDM_549964,PRJ_9B6F29,2,Design & Procurement,1. Finalize system architecture and block diagram | 2. Prepare Bill of Materials (BoM) | 3. Procure equipment and consumables | 4. Set up experimental workspace and safety protocols
RDM_92DA7F,PRJ_9B6F29,3,Prototype Development,1. Assemble hardware components | 2. Develop initial firmware/software | 3. Perform bench-level unit tests | 4. Document assembly and calibration procedure
RDM_8B2FBB,PRJ_9B6F29,4,Data Collection,1. Design data collection protocol | 2. Run controlled experiments with replication | 3. Log raw data with timestamps | 4. Perform initial quality check on collected data
RDM_A08AC8,PRJ_9B6F29,5,Analysis & Modeling,1. Clean and preprocess collected data | 2. Apply statistical/ML models | 3. Visualize results and generate insights | 4. Conduct sensitivity analysis
RDM_0CD4EA,PRJ_9B6F29,6,Validation & Testing,"1. Compare results against baseline or benchmarks | 2. Conduct blind validation experiments | 3. Document accuracy, precision, recall metrics | 4. Identify failure modes and limitations"
RDM_C763CD,PRJ_9B6F29,7,Reporting & Dissemination,"1. Write final project report | 2. Prepare journal/conference manuscript | 3. Create poster or demo presentation | 4. Archive code, data, and documentation on GitHub/Zenodo"
RDM_474EC9,PRJ_91AD28,1,Problem Scoping & Literature Review,"1. Define problem formally with inputs, outputs, and objectives | 2. Review state-of-the-art models and benchmarks | 3. Identify datasets and evaluation metrics | 4. Prepare related work summary"
RDM_E6905A,PRJ_91AD28,2,Dataset Preparation,"1. Identify and download relevant public datasets | 2. Perform exploratory data analysis (EDA) | 3. Handle missing values, outliers, and class imbalance | 4. Split data into train/validation/test sets"
RDM_155D2D,PRJ_91AD28,3,Model Architecture Design,1. Propose candidate model architectures | 2. Implement baseline model | 3. Define loss functions and evaluation metrics | 4. Set up experiment tracking (MLflow/W&B)
RDM_2B6948,PRJ_91AD28,4,Training & Optimization,1. Train baseline model and log results | 2. Perform hyperparameter tuning (grid/random/Bayesian search) | 3. Apply regularization and augmentation strategies | 4. Analyze learning curves and convergence
RDM_5E9DA7,PRJ_91AD28,5,Evaluation & Ablation,1. Evaluate on held-out test set | 2. Conduct ablation studies for each component | 3. Compare with state-of-the-art benchmarks | 4. Perform error analysis on failure cases
RDM_506F1B,PRJ_91AD28,6,Deployment & Reporting,1. Package model as REST API (FastAPI/Flask) | 2. Containerize with Docker | 3. Write final report and create demo | 4. Publish code and model weights on GitHub
RDM_7830FE,PRJ_DE6F59,1,Problem Scoping & Literature Review,"1. Define problem formally with inputs, outputs, and objectives | 2. Review state-of-the-art models and benchmarks | 3. Identify datasets and evaluation metrics | 4. Prepare related work summary"
RDM_06D426,PRJ_DE6F59,2,Dataset Preparation,"1. Identify and download relevant public datasets | 2. Perform exploratory data analysis (EDA) | 3. Handle missing values, outliers, and class imbalance | 4. Split data into train/validation/test sets"
RDM_4BCBDA,PRJ_DE6F59,3,Model Architecture Design,1. Propose candidate model architectures | 2. Implement baseline model | 3. Define loss functions and evaluation metrics | 4. Set up experiment tracking (MLflow/W&B)
RDM_FB6109,PRJ_DE6F59,4,Training & Optimization,1. Train baseline model and log results | 2. Perform hyperparameter tuning (grid/random/Bayesian search) | 3. Apply regularization and augmentation strategies | 4. Analyze learning curves and convergence
RDM_28454A,PRJ_DE6F59,5,Evaluation & Ablation,1. Evaluate on held-out test set | 2. Conduct ablation studies for each component | 3. Compare with state-of-the-art benchmarks | 4. Perform error analysis on failure cases
RDM_B7915D,PRJ_DE6F59,6,Deployment & Reporting,1. Package model as REST API (FastAPI/Flask) | 2. Containerize with Docker | 3. Write final report and create demo | 4. Publish code and model weights on GitHub
RDM_18FD79,PRJ_19AABF,1,Problem Scoping & Literature Review,"1. Define problem formally with inputs, outputs, and objectives | 2. Review state-of-the-art models and benchmarks | 3. Identify datasets and evaluation metrics | 4. Prepare related work summary"
RDM_FAFD5E,PRJ_19AABF,2,Dataset Preparation,"1. Identify and download relevant public datasets | 2. Perform exploratory data analysis (EDA) | 3. Handle missing values, outliers, and class imbalance | 4. Split data into train/validation/test sets"
RDM_F8513A,PRJ_19AABF,3,Model Architecture Design,1. Propose candidate model architectures | 2. Implement baseline model | 3. Define loss functions and evaluation metrics | 4. Set up experiment tracking (MLflow/W&B)
RDM_008FF3,PRJ_19AABF,4,Training & Optimization,1. Train baseline model and log results | 2. Perform hyperparameter tuning (grid/random/Bayesian search) | 3. Apply regularization and augmentation strategies | 4. Analyze learning curves and convergence
RDM_99FCBB,PRJ_19AABF,5,Evaluation & Ablation,1. Evaluate on held-out test set | 2. Conduct ablation studies for each component | 3. Compare with state-of-the-art benchmarks | 4. Perform error analysis on failure cases
RDM_DCE1B2,PRJ_19AABF,6,Deployment & Reporting,1. Package model as REST API (FastAPI/Flask) | 2. Containerize with Docker | 3. Write final report and create demo | 4. Publish code and model weights on GitHub
RDM_44BAAD,PRJ_216E23,1,Literature Review,1. Perform systematic literature review | 2. Identify experimental and computational components | 3. Define hybrid methodology rationale
RDM_15B67F,PRJ_216E23,2,Experimental Setup,1. Procure equipment and prepare lab setup | 2. Conduct preliminary experiments | 3. Collect baseline experimental data
RDM_A2CF0A,PRJ_216E23,3,Computational Modeling,1. Develop simulation or ML model | 2. Calibrate model with experimental data | 3. Perform virtual parameter sweeps
RDM_AB6909,PRJ_216E23,4,Integrated Analysis,1. Cross-validate experimental and computational results | 2. Identify discrepancies and perform root-cause analysis | 3. Optimize design based on integrated findings
RDM_500843,PRJ_216E23,5,Validation,1. Conduct confirmatory experiments | 2. Benchmark against existing literature | 3. Document uncertainty and error bounds
RDM_3776B4,PRJ_216E23,6,Reporting,1. Prepare final report combining both methodologies | 2. Submit to conference or journal | 3. Archive all artifacts
RDM_A7545D,PRJ_10080B,1,Literature Review & Problem Formulation,1. Conduct systematic literature review on topic | 2. Identify research gaps and define problem statement | 3. Prepare literature review document (min 30 papers) | 4. Define hypothesis and success criteria
RDM_059A60,PRJ_10080B,2,Design & Procurement,1. Finalize system architecture and block diagram | 2. Prepare Bill of Materials (BoM) | 3. Procure equipment and consumables | 4. Set up experimental workspace and safety protocols
RDM_E502E8,PRJ_10080B,3,Prototype Development,1. Assemble hardware components | 2. Develop initial firmware/software | 3. Perform bench-level unit tests | 4. Document assembly and calibration procedure
RDM_13C6CE,PRJ_10080B,4,Data Collection,1. Design data collection protocol | 2. Run controlled experiments with replication | 3. Log raw data with timestamps | 4. Perform initial quality check on collected data
RDM_966801,PRJ_10080B,5,Analysis & Modeling,1. Clean and preprocess collected data | 2. Apply statistical/ML models | 3. Visualize results and generate insights | 4. Conduct sensitivity analysis
RDM_CC71AA,PRJ_10080B,6,Validation & Testing,"1. Compare results against baseline or benchmarks | 2. Conduct blind validation experiments | 3. Document accuracy, precision, recall metrics | 4. Identify failure modes and limitations"
RDM_485066,PRJ_10080B,7,Reporting & Dissemination,"1. Write final project report | 2. Prepare journal/conference manuscript | 3. Create poster or demo presentation | 4. Archive code, data, and documentation on GitHub/Zenodo"
RDM_C8379E,PRJ_2344F3,1,Problem Scoping & Literature Review,"1. Define problem formally with inputs, outputs, and objectives | 2. Review state-of-the-art models and benchmarks | 3. Identify datasets and evaluation metrics | 4. Prepare related work summary"
RDM_6056A3,PRJ_2344F3,2,Dataset Preparation,"1. Identify and download relevant public datasets | 2. Perform exploratory data analysis (EDA) | 3. Handle missing values, outliers, and class imbalance | 4. Split data into train/validation/test sets"
RDM_CFF797,PRJ_2344F3,3,Model Architecture Design,1. Propose candidate model architectures | 2. Implement baseline model | 3. Define loss functions and evaluation metrics | 4. Set up experiment tracking (MLflow/W&B)
RDM_0804CD,PRJ_2344F3,4,Training & Optimization,1. Train baseline model and log results | 2. Perform hyperparameter tuning (grid/random/Bayesian search) | 3. Apply regularization and augmentation strategies | 4. Analyze learning curves and convergence
RDM_45400F,PRJ_2344F3,5,Evaluation & Ablation,1. Evaluate on held-out test set | 2. Conduct ablation studies for each component | 3. Compare with state-of-the-art benchmarks | 4. Perform error analysis on failure cases
RDM_A36109,PRJ_2344F3,6,Deployment & Reporting,1. Package model as REST API (FastAPI/Flask) | 2. Containerize with Docker | 3. Write final report and create demo | 4. Publish code and model weights on GitHub
RDM_6A2008,PRJ_C8890F,1,Problem Scoping & Literature Review,"1. Define problem formally with inputs, outputs, and objectives | 2. Review state-of-the-art models and benchmarks | 3. Identify datasets and evaluation metrics | 4. Prepare related work summary"
RDM_AABDB8,PRJ_C8890F,2,Dataset Preparation,"1. Identify and download relevant public datasets | 2. Perform exploratory data analysis (EDA) | 3. Handle missing values, outliers, and class imbalance | 4. Split data into train/validation/test sets"
RDM_B01ACC,PRJ_C8890F,3,Model Architecture Design,1. Propose candidate model architectures | 2. Implement baseline model | 3. Define loss functions and evaluation metrics | 4. Set up experiment tracking (MLflow/W&B)
RDM_9D32CB,PRJ_C8890F,4,Training & Optimization,1. Train baseline model and log results | 2. Perform hyperparameter tuning (grid/random/Bayesian search) | 3. Apply regularization and augmentation strategies | 4. Analyze learning curves and convergence
RDM_FE9038,PRJ_C8890F,5,Evaluation & Ablation,1. Evaluate on held-out test set | 2. Conduct ablation studies for each component | 3. Compare with state-of-the-art benchmarks | 4. Perform error analysis on failure cases
RDM_6BD173,PRJ_C8890F,6,Deployment & Reporting,1. Package model as REST API (FastAPI/Flask) | 2. Containerize with Docker | 3. Write final report and create demo | 4. Publish code and model weights on GitHub
RDM_C75FE1,PRJ_9BC248,1,Problem Scoping & Literature Review,"1. Define problem formally with inputs, outputs, and objectives | 2. Review state-of-the-art models and benchmarks | 3. Identify datasets and evaluation metrics | 4. Prepare related work summary"
RDM_3C4E20,PRJ_9BC248,2,Dataset Preparation,"1. Identify and download relevant public datasets | 2. Perform exploratory data analysis (EDA) | 3. Handle missing values, outliers, and class imbalance | 4. Split data into train/validation/test sets"
RDM_503D23,PRJ_9BC248,3,Model Architecture Design,1. Propose candidate model architectures | 2. Implement baseline model | 3. Define loss functions and evaluation metrics | 4. Set up experiment tracking (MLflow/W&B)
RDM_D4C91E,PRJ_9BC248,4,Training & Optimization,1. Train baseline model and log results | 2. Perform hyperparameter tuning (grid/random/Bayesian search) | 3. Apply regularization and augmentation strategies | 4. Analyze learning curves and convergence
RDM_511ED0,PRJ_9BC248,5,Evaluation & Ablation,1. Evaluate on held-out test set | 2. Conduct ablation studies for each component | 3. Compare with state-of-the-art benchmarks | 4. Perform error analysis on failure cases
RDM_EE95A2,PRJ_9BC248,6,Deployment & Reporting,1. Package model as REST API (FastAPI/Flask) | 2. Containerize with Docker | 3. Write final report and create demo | 4. Publish code and model weights on GitHub
RDM_65BD68,PRJ_F1B1AA,1,Problem Scoping & Literature Review,"1. Define problem formally with inputs, outputs, and objectives | 2. Review state-of-the-art models and benchmarks | 3. Identify datasets and evaluation metrics | 4. Prepare related work summary"
RDM_B3939D,PRJ_F1B1AA,2,Dataset Preparation,"1. Identify and download relevant public datasets | 2. Perform exploratory data analysis (EDA) | 3. Handle missing values, outliers, and class imbalance | 4. Split data into train/validation/test sets"
RDM_998D61,PRJ_F1B1AA,3,Model Architecture Design,1. Propose candidate model architectures | 2. Implement baseline model | 3. Define loss functions and evaluation metrics | 4. Set up experiment tracking (MLflow/W&B)
RDM_852F4F,PRJ_F1B1AA,4,Training & Optimization,1. Train baseline model and log results | 2. Perform hyperparameter tuning (grid/random/Bayesian search) | 3. Apply regularization and augmentation strategies | 4. Analyze learning curves and convergence
RDM_1BB39A,PRJ_F1B1AA,5,Evaluation & Ablation,1. Evaluate on held-out test set | 2. Conduct ablation studies for each component | 3. Compare with state-of-the-art benchmarks | 4. Perform error analysis on failure cases
RDM_EA94E8,PRJ_F1B1AA,6,Deployment & Reporting,1. Package model as REST API (FastAPI/Flask) | 2. Containerize with Docker | 3. Write final report and create demo | 4. Publish code and model weights on GitHub
RDM_160F5F,PRJ_AD46B9,1,Literature Review & Problem Formulation,1. Conduct systematic literature review on topic | 2. Identify research gaps and define problem statement | 3. Prepare literature review document (min 30 papers) | 4. Define hypothesis and success criteria
RDM_6D78CD,PRJ_AD46B9,2,Design & Procurement,1. Finalize system architecture and block diagram | 2. Prepare Bill of Materials (BoM) | 3. Procure equipment and consumables | 4. Set up experimental workspace and safety protocols
RDM_607FEE,PRJ_AD46B9,3,Prototype Development,1. Assemble hardware components | 2. Develop initial firmware/software | 3. Perform bench-level unit tests | 4. Document assembly and calibration procedure
RDM_4EAC11,PRJ_AD46B9,4,Data Collection,1. Design data collection protocol | 2. Run controlled experiments with replication | 3. Log raw data with timestamps | 4. Perform initial quality check on collected data
RDM_7E9E82,PRJ_AD46B9,5,Analysis & Modeling,1. Clean and preprocess collected data | 2. Apply statistical/ML models | 3. Visualize results and generate insights | 4. Conduct sensitivity analysis
RDM_5E1E6B,PRJ_AD46B9,6,Validation & Testing,"1. Compare results against baseline or benchmarks | 2. Conduct blind validation experiments | 3. Document accuracy, precision, recall metrics | 4. Identify failure modes and limitations"
RDM_1C09FD,PRJ_AD46B9,7,Reporting & Dissemination,"1. Write final project report | 2. Prepare journal/conference manuscript | 3. Create poster or demo presentation | 4. Archive code, data, and documentation on GitHub/Zenodo"
RDM_9D4B6B,PRJ_F56950,1,Problem Scoping & Literature Review,"1. Define problem formally with inputs, outputs, and objectives | 2. Review state-of-the-art models and benchmarks | 3. Identify datasets and evaluation metrics | 4. Prepare related work summary"
RDM_255F72,PRJ_F56950,2,Dataset Preparation,"1. Identify and download relevant public datasets | 2. Perform exploratory data analysis (EDA) | 3. Handle missing values, outliers, and class imbalance | 4. Split data into train/validation/test sets"
RDM_88E01D,PRJ_F56950,3,Model Architecture Design,1. Propose candidate model architectures | 2. Implement baseline model | 3. Define loss functions and evaluation metrics | 4. Set up experiment tracking (MLflow/W&B)
RDM_04EC2A,PRJ_F56950,4,Training & Optimization,1. Train baseline model and log results | 2. Perform hyperparameter tuning (grid/random/Bayesian search) | 3. Apply regularization and augmentation strategies | 4. Analyze learning curves and convergence
RDM_C6A17C,PRJ_F56950,5,Evaluation & Ablation,1. Evaluate on held-out test set | 2. Conduct ablation studies for each component | 3. Compare with state-of-the-art benchmarks | 4. Perform error analysis on failure cases
RDM_9C7361,PRJ_F56950,6,Deployment & Reporting,1. Package model as REST API (FastAPI/Flask) | 2. Containerize with Docker | 3. Write final report and create demo | 4. Publish code and model weights on GitHub
RDM_8A08ED,PRJ_35B41B,1,Problem Scoping & Literature Review,"1. Define problem formally with inputs, outputs, and objectives | 2. Review state-of-the-art models and benchmarks | 3. Identify datasets and evaluation metrics | 4. Prepare related work summary"
RDM_E6E5A8,PRJ_35B41B,2,Dataset Preparation,"1. Identify and download relevant public datasets | 2. Perform exploratory data analysis (EDA) | 3. Handle missing values, outliers, and class imbalance | 4. Split data into train/validation/test sets"
RDM_3DB63F,PRJ_35B41B,3,Model Architecture Design,1. Propose candidate model architectures | 2. Implement baseline model | 3. Define loss functions and evaluation metrics | 4. Set up experiment tracking (MLflow/W&B)
RDM_75FA06,PRJ_35B41B,4,Training & Optimization,1. Train baseline model and log results | 2. Perform hyperparameter tuning (grid/random/Bayesian search) | 3. Apply regularization and augmentation strategies | 4. Analyze learning curves and convergence
RDM_29ABB0,PRJ_35B41B,5,Evaluation & Ablation,1. Evaluate on held-out test set | 2. Conduct ablation studies for each component | 3. Compare with state-of-the-art benchmarks | 4. Perform error analysis on failure cases
RDM_9FB631,PRJ_35B41B,6,Deployment & Reporting,1. Package model as REST API (FastAPI/Flask) | 2. Containerize with Docker | 3. Write final report and create demo | 4. Publish code and model weights on GitHub
RDM_BEF89E,PRJ_FB42D0,1,Literature Review,1. Perform systematic literature review | 2. Identify experimental and computational components | 3. Define hybrid methodology rationale
RDM_35BEA0,PRJ_FB42D0,2,Experimental Setup,1. Procure equipment and prepare lab setup | 2. Conduct preliminary experiments | 3. Collect baseline experimental data
RDM_A3472B,PRJ_FB42D0,3,Computational Modeling,1. Develop simulation or ML model | 2. Calibrate model with experimental data | 3. Perform virtual parameter sweeps
RDM_3C4741,PRJ_FB42D0,4,Integrated Analysis,1. Cross-validate experimental and computational results | 2. Identify discrepancies and perform root-cause analysis | 3. Optimize design based on integrated findings
RDM_B013F1,PRJ_FB42D0,5,Validation,1. Conduct confirmatory experiments | 2. Benchmark against existing literature | 3. Document uncertainty and error bounds
RDM_DBAE3D,PRJ_FB42D0,6,Reporting,1. Prepare final report combining both methodologies | 2. Submit to conference or journal | 3. Archive all artifacts
RDM_7A7F3E,PRJ_9B2934,1,Problem Scoping & Literature Review,"1. Define problem formally with inputs, outputs, and objectives | 2. Review state-of-the-art models and benchmarks | 3. Identify datasets and evaluation metrics | 4. Prepare related work summary"
RDM_4781B1,PRJ_9B2934,2,Dataset Preparation,"1. Identify and download relevant public datasets | 2. Perform exploratory data analysis (EDA) | 3. Handle missing values, outliers, and class imbalance | 4. Split data into train/validation/test sets"
RDM_B8BF62,PRJ_9B2934,3,Model Architecture Design,1. Propose candidate model architectures | 2. Implement baseline model | 3. Define loss functions and evaluation metrics | 4. Set up experiment tracking (MLflow/W&B)
RDM_6F4D72,PRJ_9B2934,4,Training & Optimization,1. Train baseline model and log results | 2. Perform hyperparameter tuning (grid/random/Bayesian search) | 3. Apply regularization and augmentation strategies | 4. Analyze learning curves and convergence
RDM_221422,PRJ_9B2934,5,Evaluation & Ablation,1. Evaluate on held-out test set | 2. Conduct ablation studies for each component | 3. Compare with state-of-the-art benchmarks | 4. Perform error analysis on failure cases
RDM_5230CE,PRJ_9B2934,6,Deployment & Reporting,1. Package model as REST API (FastAPI/Flask) | 2. Containerize with Docker | 3. Write final report and create demo | 4. Publish code and model weights on GitHub
RDM_D6FB2D,PRJ_7B6BBA,1,Problem Scoping & Literature Review,"1. Define problem formally with inputs, outputs, and objectives | 2. Review state-of-the-art models and benchmarks | 3. Identify datasets and evaluation metrics | 4. Prepare related work summary"
RDM_01A6FB,PRJ_7B6BBA,2,Dataset Preparation,"1. Identify and download relevant public datasets | 2. Perform exploratory data analysis (EDA) | 3. Handle missing values, outliers, and class imbalance | 4. Split data into train/validation/test sets"
RDM_6074FF,PRJ_7B6BBA,3,Model Architecture Design,1. Propose candidate model architectures | 2. Implement baseline model | 3. Define loss functions and evaluation metrics | 4. Set up experiment tracking (MLflow/W&B)
RDM_CD0F1A,PRJ_7B6BBA,4,Training & Optimization,1. Train baseline model and log results | 2. Perform hyperparameter tuning (grid/random/Bayesian search) | 3. Apply regularization and augmentation strategies | 4. Analyze learning curves and convergence
RDM_819C52,PRJ_7B6BBA,5,Evaluation & Ablation,1. Evaluate on held-out test set | 2. Conduct ablation studies for each component | 3. Compare with state-of-the-art benchmarks | 4. Perform error analysis on failure cases
RDM_7E06D0,PRJ_7B6BBA,6,Deployment & Reporting,1. Package model as REST API (FastAPI/Flask) | 2. Containerize with Docker | 3. Write final report and create demo | 4. Publish code and model weights on GitHub
RDM_0A368E,PRJ_A553D7,1,Literature Review,1. Perform systematic literature review | 2. Identify experimental and computational components | 3. Define hybrid methodology rationale
RDM_1CB3AB,PRJ_A553D7,2,Experimental Setup,1. Procure equipment and prepare lab setup | 2. Conduct preliminary experiments | 3. Collect baseline experimental data
RDM_6DBB2E,PRJ_A553D7,3,Computational Modeling,1. Develop simulation or ML model | 2. Calibrate model with experimental data | 3. Perform virtual parameter sweeps
RDM_F59B5F,PRJ_A553D7,4,Integrated Analysis,1. Cross-validate experimental and computational results | 2. Identify discrepancies and perform root-cause analysis | 3. Optimize design based on integrated findings
RDM_809864,PRJ_A553D7,5,Validation,1. Conduct confirmatory experiments | 2. Benchmark against existing literature | 3. Document uncertainty and error bounds
RDM_39A3F2,PRJ_A553D7,6,Reporting,1. Prepare final report combining both methodologies | 2. Submit to conference or journal | 3. Archive all artifacts
RDM_620ADE,PRJ_E76310,1,Problem Scoping & Literature Review,"1. Define problem formally with inputs, outputs, and objectives | 2. Review state-of-the-art models and benchmarks | 3. Identify datasets and evaluation metrics | 4. Prepare related work summary"
RDM_E78FA7,PRJ_E76310,2,Dataset Preparation,"1. Identify and download relevant public datasets | 2. Perform exploratory data analysis (EDA) | 3. Handle missing values, outliers, and class imbalance | 4. Split data into train/validation/test sets"
RDM_C74AC5,PRJ_E76310,3,Model Architecture Design,1. Propose candidate model architectures | 2. Implement baseline model | 3. Define loss functions and evaluation metrics | 4. Set up experiment tracking (MLflow/W&B)
RDM_B64178,PRJ_E76310,4,Training & Optimization,1. Train baseline model and log results | 2. Perform hyperparameter tuning (grid/random/Bayesian search) | 3. Apply regularization and augmentation strategies | 4. Analyze learning curves and convergence
RDM_0DB59B,PRJ_E76310,5,Evaluation & Ablation,1. Evaluate on held-out test set | 2. Conduct ablation studies for each component | 3. Compare with state-of-the-art benchmarks | 4. Perform error analysis on failure cases
RDM_613D00,PRJ_E76310,6,Deployment & Reporting,1. Package model as REST API (FastAPI/Flask) | 2. Containerize with Docker | 3. Write final report and create demo | 4. Publish code and model weights on GitHub
RDM_B92669,PRJ_EB16D6,1,Problem Scoping & Literature Review,"1. Define problem formally with inputs, outputs, and objectives | 2. Review state-of-the-art models and benchmarks | 3. Identify datasets and evaluation metrics | 4. Prepare related work summary"
RDM_7EC156,PRJ_EB16D6,2,Dataset Preparation,"1. Identify and download relevant public datasets | 2. Perform exploratory data analysis (EDA) | 3. Handle missing values, outliers, and class imbalance | 4. Split data into train/validation/test sets"
RDM_09760C,PRJ_EB16D6,3,Model Architecture Design,1. Propose candidate model architectures | 2. Implement baseline model | 3. Define loss functions and evaluation metrics | 4. Set up experiment tracking (MLflow/W&B)
RDM_4BB1FB,PRJ_EB16D6,4,Training & Optimization,1. Train baseline model and log results | 2. Perform hyperparameter tuning (grid/random/Bayesian search) | 3. Apply regularization and augmentation strategies | 4. Analyze learning curves and convergence
RDM_90271F,PRJ_EB16D6,5,Evaluation & Ablation,1. Evaluate on held-out test set | 2. Conduct ablation studies for each component | 3. Compare with state-of-the-art benchmarks | 4. Perform error analysis on failure cases
RDM_F9F7FC,PRJ_EB16D6,6,Deployment & Reporting,1. Package model as REST API (FastAPI/Flask) | 2. Containerize with Docker | 3. Write final report and create demo | 4. Publish code and model weights on GitHub
RDM_A91626,PRJ_BE528C,1,Problem Scoping & Literature Review,"1. Define problem formally with inputs, outputs, and objectives | 2. Review state-of-the-art models and benchmarks | 3. Identify datasets and evaluation metrics | 4. Prepare related work summary"
RDM_C808EB,PRJ_BE528C,2,Dataset Preparation,"1. Identify and download relevant public datasets | 2. Perform exploratory data analysis (EDA) | 3. Handle missing values, outliers, and class imbalance | 4. Split data into train/validation/test sets"
RDM_A529D2,PRJ_BE528C,3,Model Architecture Design,1. Propose candidate model architectures | 2. Implement baseline model | 3. Define loss functions and evaluation metrics | 4. Set up experiment tracking (MLflow/W&B)
RDM_5A3A4F,PRJ_BE528C,4,Training & Optimization,1. Train baseline model and log results | 2. Perform hyperparameter tuning (grid/random/Bayesian search) | 3. Apply regularization and augmentation strategies | 4. Analyze learning curves and convergence
RDM_4019F4,PRJ_BE528C,5,Evaluation & Ablation,1. Evaluate on held-out test set | 2. Conduct ablation studies for each component | 3. Compare with state-of-the-art benchmarks | 4. Perform error analysis on failure cases
RDM_1D0EE9,PRJ_BE528C,6,Deployment & Reporting,1. Package model as REST API (FastAPI/Flask) | 2. Containerize with Docker | 3. Write final report and create demo | 4. Publish code and model weights on GitHub
RDM_749A44,PRJ_B2726A,1,Literature Review,1. Perform systematic literature review | 2. Identify experimental and computational components | 3. Define hybrid methodology rationale
RDM_9F81B3,PRJ_B2726A,2,Experimental Setup,1. Procure equipment and prepare lab setup | 2. Conduct preliminary experiments | 3. Collect baseline experimental data
RDM_0060FA,PRJ_B2726A,3,Computational Modeling,1. Develop simulation or ML model | 2. Calibrate model with experimental data | 3. Perform virtual parameter sweeps
RDM_D5D934,PRJ_B2726A,4,Integrated Analysis,1. Cross-validate experimental and computational results | 2. Identify discrepancies and perform root-cause analysis | 3. Optimize design based on integrated findings
RDM_56FE3F,PRJ_B2726A,5,Validation,1. Conduct confirmatory experiments | 2. Benchmark against existing literature | 3. Document uncertainty and error bounds
RDM_248A23,PRJ_B2726A,6,Reporting,1. Prepare final report combining both methodologies | 2. Submit to conference or journal | 3. Archive all artifacts
RDM_57AA38,PRJ_1EBE43,1,Literature Review,1. Perform systematic literature review | 2. Identify experimental and computational components | 3. Define hybrid methodology rationale
RDM_5D5DA4,PRJ_1EBE43,2,Experimental Setup,1. Procure equipment and prepare lab setup | 2. Conduct preliminary experiments | 3. Collect baseline experimental data
RDM_13AA6B,PRJ_1EBE43,3,Computational Modeling,1. Develop simulation or ML model | 2. Calibrate model with experimental data | 3. Perform virtual parameter sweeps
RDM_DCF462,PRJ_1EBE43,4,Integrated Analysis,1. Cross-validate experimental and computational results | 2. Identify discrepancies and perform root-cause analysis | 3. Optimize design based on integrated findings
RDM_490D15,PRJ_1EBE43,5,Validation,1. Conduct confirmatory experiments | 2. Benchmark against existing literature | 3. Document uncertainty and error bounds
RDM_ADEB5F,PRJ_1EBE43,6,Reporting,1. Prepare final report combining both methodologies | 2. Submit to conference or journal | 3. Archive all artifacts
RDM_D3CF14,PRJ_9F3A4E,1,Problem Scoping & Literature Review,"1. Define problem formally with inputs, outputs, and objectives | 2. Review state-of-the-art models and benchmarks | 3. Identify datasets and evaluation metrics | 4. Prepare related work summary"
RDM_17AA82,PRJ_9F3A4E,2,Dataset Preparation,"1. Identify and download relevant public datasets | 2. Perform exploratory data analysis (EDA) | 3. Handle missing values, outliers, and class imbalance | 4. Split data into train/validation/test sets"
RDM_55E351,PRJ_9F3A4E,3,Model Architecture Design,1. Propose candidate model architectures | 2. Implement baseline model | 3. Define loss functions and evaluation metrics | 4. Set up experiment tracking (MLflow/W&B)
RDM_0027F9,PRJ_9F3A4E,4,Training & Optimization,1. Train baseline model and log results | 2. Perform hyperparameter tuning (grid/random/Bayesian search) | 3. Apply regularization and augmentation strategies | 4. Analyze learning curves and convergence
RDM_FE54E5,PRJ_9F3A4E,5,Evaluation & Ablation,1. Evaluate on held-out test set | 2. Conduct ablation studies for each component | 3. Compare with state-of-the-art benchmarks | 4. Perform error analysis on failure cases
RDM_EC2484,PRJ_9F3A4E,6,Deployment & Reporting,1. Package model as REST API (FastAPI/Flask) | 2. Containerize with Docker | 3. Write final report and create demo | 4. Publish code and model weights on GitHub
RDM_FB95E6,PRJ_88873A,1,Problem Scoping & Literature Review,"1. Define problem formally with inputs, outputs, and objectives | 2. Review state-of-the-art models and benchmarks | 3. Identify datasets and evaluation metrics | 4. Prepare related work summary"
RDM_1AD01D,PRJ_88873A,2,Dataset Preparation,"1. Identify and download relevant public datasets | 2. Perform exploratory data analysis (EDA) | 3. Handle missing values, outliers, and class imbalance | 4. Split data into train/validation/test sets"
RDM_1ECB57,PRJ_88873A,3,Model Architecture Design,1. Propose candidate model architectures | 2. Implement baseline model | 3. Define loss functions and evaluation metrics | 4. Set up experiment tracking (MLflow/W&B)
RDM_409ECB,PRJ_88873A,4,Training & Optimization,1. Train baseline model and log results | 2. Perform hyperparameter tuning (grid/random/Bayesian search) | 3. Apply regularization and augmentation strategies | 4. Analyze learning curves and convergence
RDM_61C4A5,PRJ_88873A,5,Evaluation & Ablation,1. Evaluate on held-out test set | 2. Conduct ablation studies for each component | 3. Compare with state-of-the-art benchmarks | 4. Perform error analysis on failure cases
RDM_531AC1,PRJ_88873A,6,Deployment & Reporting,1. Package model as REST API (FastAPI/Flask) | 2. Containerize with Docker | 3. Write final report and create demo | 4. Publish code and model weights on GitHub
RDM_E26189,PRJ_93073C,1,Literature Review,1. Perform systematic literature review | 2. Identify experimental and computational components | 3. Define hybrid methodology rationale
RDM_869562,PRJ_93073C,2,Experimental Setup,1. Procure equipment and prepare lab setup | 2. Conduct preliminary experiments | 3. Collect baseline experimental data
RDM_897344,PRJ_93073C,3,Computational Modeling,1. Develop simulation or ML model | 2. Calibrate model with experimental data | 3. Perform virtual parameter sweeps
RDM_88C5F2,PRJ_93073C,4,Integrated Analysis,1. Cross-validate experimental and computational results | 2. Identify discrepancies and perform root-cause analysis | 3. Optimize design based on integrated findings
RDM_E4183D,PRJ_93073C,5,Validation,1. Conduct confirmatory experiments | 2. Benchmark against existing literature | 3. Document uncertainty and error bounds
RDM_B8D2DA,PRJ_93073C,6,Reporting,1. Prepare final report combining both methodologies | 2. Submit to conference or journal | 3. Archive all artifacts
RDM_B339B2,PRJ_43CCC7,1,Literature Review,1. Perform systematic literature review | 2. Identify experimental and computational components | 3. Define hybrid methodology rationale
RDM_44FB1A,PRJ_43CCC7,2,Experimental Setup,1. Procure equipment and prepare lab setup | 2. Conduct preliminary experiments | 3. Collect baseline experimental data
RDM_9CEFAA,PRJ_43CCC7,3,Computational Modeling,1. Develop simulation or ML model | 2. Calibrate model with experimental data | 3. Perform virtual parameter sweeps
RDM_C8359B,PRJ_43CCC7,4,Integrated Analysis,1. Cross-validate experimental and computational results | 2. Identify discrepancies and perform root-cause analysis | 3. Optimize design based on integrated findings
RDM_F769A8,PRJ_43CCC7,5,Validation,1. Conduct confirmatory experiments | 2. Benchmark against existing literature | 3. Document uncertainty and error bounds
RDM_72ED1B,PRJ_43CCC7,6,Reporting,1. Prepare final report combining both methodologies | 2. Submit to conference or journal | 3. Archive all artifacts
RDM_6DBB2F,PRJ_338A42,1,Literature Review,1. Perform systematic literature review | 2. Identify experimental and computational components | 3. Define hybrid methodology rationale
RDM_D55F86,PRJ_338A42,2,Experimental Setup,1. Procure equipment and prepare lab setup | 2. Conduct preliminary experiments | 3. Collect baseline experimental data
RDM_BB47FD,PRJ_338A42,3,Computational Modeling,1. Develop simulation or ML model | 2. Calibrate model with experimental data | 3. Perform virtual parameter sweeps
RDM_ED1AA3,PRJ_338A42,4,Integrated Analysis,1. Cross-validate experimental and computational results | 2. Identify discrepancies and perform root-cause analysis | 3. Optimize design based on integrated findings
RDM_DEE9CB,PRJ_338A42,5,Validation,1. Conduct confirmatory experiments | 2. Benchmark against existing literature | 3. Document uncertainty and error bounds
RDM_0FCDD6,PRJ_338A42,6,Reporting,1. Prepare final report combining both methodologies | 2. Submit to conference or journal | 3. Archive all artifacts
RDM_4DA0EE,PRJ_5D6FED,1,Literature Review,1. Perform systematic literature review | 2. Identify experimental and computational components | 3. Define hybrid methodology rationale
RDM_5DAB48,PRJ_5D6FED,2,Experimental Setup,1. Procure equipment and prepare lab setup | 2. Conduct preliminary experiments | 3. Collect baseline experimental data
RDM_C8B2DB,PRJ_5D6FED,3,Computational Modeling,1. Develop simulation or ML model | 2. Calibrate model with experimental data | 3. Perform virtual parameter sweeps
RDM_A84AAF,PRJ_5D6FED,4,Integrated Analysis,1. Cross-validate experimental and computational results | 2. Identify discrepancies and perform root-cause analysis | 3. Optimize design based on integrated findings
RDM_05F270,PRJ_5D6FED,5,Validation,1. Conduct confirmatory experiments | 2. Benchmark against existing literature | 3. Document uncertainty and error bounds
RDM_5BD921,PRJ_5D6FED,6,Reporting,1. Prepare final report combining both methodologies | 2. Submit to conference or journal | 3. Archive all artifacts
RDM_9AB2F4,PRJ_D9163B,1,Literature Review,1. Perform systematic literature review | 2. Identify experimental and computational components | 3. Define hybrid methodology rationale
RDM_6F0723,PRJ_D9163B,2,Experimental Setup,1. Procure equipment and prepare lab setup | 2. Conduct preliminary experiments | 3. Collect baseline experimental data
RDM_DBB9BB,PRJ_D9163B,3,Computational Modeling,1. Develop simulation or ML model | 2. Calibrate model with experimental data | 3. Perform virtual parameter sweeps
RDM_7A57E1,PRJ_D9163B,4,Integrated Analysis,1. Cross-validate experimental and computational results | 2. Identify discrepancies and perform root-cause analysis | 3. Optimize design based on integrated findings
RDM_C6A182,PRJ_D9163B,5,Validation,1. Conduct confirmatory experiments | 2. Benchmark against existing literature | 3. Document uncertainty and error bounds
RDM_4B81DD,PRJ_D9163B,6,Reporting,1. Prepare final report combining both methodologies | 2. Submit to conference or journal | 3. Archive all artifacts
RDM_5950CF,PRJ_0A7AEB,1,Problem Scoping & Literature Review,"1. Define problem formally with inputs, outputs, and objectives | 2. Review state-of-the-art models and benchmarks | 3. Identify datasets and evaluation metrics | 4. Prepare related work summary"
RDM_35640E,PRJ_0A7AEB,2,Dataset Preparation,"1. Identify and download relevant public datasets | 2. Perform exploratory data analysis (EDA) | 3. Handle missing values, outliers, and class imbalance | 4. Split data into train/validation/test sets"
RDM_CBC093,PRJ_0A7AEB,3,Model Architecture Design,1. Propose candidate model architectures | 2. Implement baseline model | 3. Define loss functions and evaluation metrics | 4. Set up experiment tracking (MLflow/W&B)
RDM_D0171E,PRJ_0A7AEB,4,Training & Optimization,1. Train baseline model and log results | 2. Perform hyperparameter tuning (grid/random/Bayesian search) | 3. Apply regularization and augmentation strategies | 4. Analyze learning curves and convergence
RDM_5C9253,PRJ_0A7AEB,5,Evaluation & Ablation,1. Evaluate on held-out test set | 2. Conduct ablation studies for each component | 3. Compare with state-of-the-art benchmarks | 4. Perform error analysis on failure cases
RDM_12AB0F,PRJ_0A7AEB,6,Deployment & Reporting,1. Package model as REST API (FastAPI/Flask) | 2. Containerize with Docker | 3. Write final report and create demo | 4. Publish code and model weights on GitHub
RDM_CFB17F,PRJ_817587,1,Literature Review,1. Perform systematic literature review | 2. Identify experimental and computational components | 3. Define hybrid methodology rationale
RDM_2E8C56,PRJ_817587,2,Experimental Setup,1. Procure equipment and prepare lab setup | 2. Conduct preliminary experiments | 3. Collect baseline experimental data
RDM_BB0B79,PRJ_817587,3,Computational Modeling,1. Develop simulation or ML model | 2. Calibrate model with experimental data | 3. Perform virtual parameter sweeps
RDM_A76688,PRJ_817587,4,Integrated Analysis,1. Cross-validate experimental and computational results | 2. Identify discrepancies and perform root-cause analysis | 3. Optimize design based on integrated findings
RDM_2577DA,PRJ_817587,5,Validation,1. Conduct confirmatory experiments | 2. Benchmark against existing literature | 3. Document uncertainty and error bounds
RDM_CA3DF5,PRJ_817587,6,Reporting,1. Prepare final report combining both methodologies | 2. Submit to conference or journal | 3. Archive all artifacts
RDM_3A62CC,PRJ_FDDD0D,1,Literature Review,1. Perform systematic literature review | 2. Identify experimental and computational components | 3. Define hybrid methodology rationale
RDM_7F5F9B,PRJ_FDDD0D,2,Experimental Setup,1. Procure equipment and prepare lab setup | 2. Conduct preliminary experiments | 3. Collect baseline experimental data
RDM_3466A8,PRJ_FDDD0D,3,Computational Modeling,1. Develop simulation or ML model | 2. Calibrate model with experimental data | 3. Perform virtual parameter sweeps
RDM_CEB9CE,PRJ_FDDD0D,4,Integrated Analysis,1. Cross-validate experimental and computational results | 2. Identify discrepancies and perform root-cause analysis | 3. Optimize design based on integrated findings
RDM_B87C20,PRJ_FDDD0D,5,Validation,1. Conduct confirmatory experiments | 2. Benchmark against existing literature | 3. Document uncertainty and error bounds
RDM_CF101F,PRJ_FDDD0D,6,Reporting,1. Prepare final report combining both methodologies | 2. Submit to conference or journal | 3. Archive all artifacts
RDM_2AAEA8,PRJ_380B5F,1,Literature Review,1. Perform systematic literature review | 2. Identify experimental and computational components | 3. Define hybrid methodology rationale
RDM_0DF666,PRJ_380B5F,2,Experimental Setup,1. Procure equipment and prepare lab setup | 2. Conduct preliminary experiments | 3. Collect baseline experimental data
RDM_716CAD,PRJ_380B5F,3,Computational Modeling,1. Develop simulation or ML model | 2. Calibrate model with experimental data | 3. Perform virtual parameter sweeps
RDM_7750F2,PRJ_380B5F,4,Integrated Analysis,1. Cross-validate experimental and computational results | 2. Identify discrepancies and perform root-cause analysis | 3. Optimize design based on integrated findings
RDM_B4C1EB,PRJ_380B5F,5,Validation,1. Conduct confirmatory experiments | 2. Benchmark against existing literature | 3. Document uncertainty and error bounds
RDM_0113AA,PRJ_380B5F,6,Reporting,1. Prepare final report combining both methodologies | 2. Submit to conference or journal | 3. Archive all artifacts
RDM_441A7E,PRJ_2DB1EB,1,Literature Review,1. Perform systematic literature review | 2. Identify experimental and computational components | 3. Define hybrid methodology rationale
RDM_6BCEAC,PRJ_2DB1EB,2,Experimental Setup,1. Procure equipment and prepare lab setup | 2. Conduct preliminary experiments | 3. Collect baseline experimental data
RDM_0DD84E,PRJ_2DB1EB,3,Computational Modeling,1. Develop simulation or ML model | 2. Calibrate model with experimental data | 3. Perform virtual parameter sweeps
RDM_4EEED8,PRJ_2DB1EB,4,Integrated Analysis,1. Cross-validate experimental and computational results | 2. Identify discrepancies and perform root-cause analysis | 3. Optimize design based on integrated findings
RDM_52C7F1,PRJ_2DB1EB,5,Validation,1. Conduct confirmatory experiments | 2. Benchmark against existing literature | 3. Document uncertainty and error bounds
RDM_FC37EE,PRJ_2DB1EB,6,Reporting,1. Prepare final report combining both methodologies | 2. Submit to conference or journal | 3. Archive all artifacts
RDM_1A1F76,PRJ_4743D3,1,Problem Scoping & Literature Review,"1. Define problem formally with inputs, outputs, and objectives | 2. Review state-of-the-art models and benchmarks | 3. Identify datasets and evaluation metrics | 4. Prepare related work summary"
RDM_CDCE97,PRJ_4743D3,2,Dataset Preparation,"1. Identify and download relevant public datasets | 2. Perform exploratory data analysis (EDA) | 3. Handle missing values, outliers, and class imbalance | 4. Split data into train/validation/test sets"
RDM_95CB39,PRJ_4743D3,3,Model Architecture Design,1. Propose candidate model architectures | 2. Implement baseline model | 3. Define loss functions and evaluation metrics | 4. Set up experiment tracking (MLflow/W&B)
RDM_5A604E,PRJ_4743D3,4,Training & Optimization,1. Train baseline model and log results | 2. Perform hyperparameter tuning (grid/random/Bayesian search) | 3. Apply regularization and augmentation strategies | 4. Analyze learning curves and convergence
RDM_B00555,PRJ_4743D3,5,Evaluation & Ablation,1. Evaluate on held-out test set | 2. Conduct ablation studies for each component | 3. Compare with state-of-the-art benchmarks | 4. Perform error analysis on failure cases
RDM_EF106B,PRJ_4743D3,6,Deployment & Reporting,1. Package model as REST API (FastAPI/Flask) | 2. Containerize with Docker | 3. Write final report and create demo | 4. Publish code and model weights on GitHub
RDM_25C106,PRJ_9DEA80,1,Problem Scoping & Literature Review,"1. Define problem formally with inputs, outputs, and objectives | 2. Review state-of-the-art models and benchmarks | 3. Identify datasets and evaluation metrics | 4. Prepare related work summary"
RDM_3D8F26,PRJ_9DEA80,2,Dataset Preparation,"1. Identify and download relevant public datasets | 2. Perform exploratory data analysis (EDA) | 3. Handle missing values, outliers, and class imbalance | 4. Split data into train/validation/test sets"
RDM_F91130,PRJ_9DEA80,3,Model Architecture Design,1. Propose candidate model architectures | 2. Implement baseline model | 3. Define loss functions and evaluation metrics | 4. Set up experiment tracking (MLflow/W&B)
RDM_E6E8D9,PRJ_9DEA80,4,Training & Optimization,1. Train baseline model and log results | 2. Perform hyperparameter tuning (grid/random/Bayesian search) | 3. Apply regularization and augmentation strategies | 4. Analyze learning curves and convergence
RDM_C123B7,PRJ_9DEA80,5,Evaluation & Ablation,1. Evaluate on held-out test set | 2. Conduct ablation studies for each component | 3. Compare with state-of-the-art benchmarks | 4. Perform error analysis on failure cases
RDM_931160,PRJ_9DEA80,6,Deployment & Reporting,1. Package model as REST API (FastAPI/Flask) | 2. Containerize with Docker | 3. Write final report and create demo | 4. Publish code and model weights on GitHub
RDM_B9FA80,PRJ_DCC3DA,1,Literature Review,1. Perform systematic literature review | 2. Identify experimental and computational components | 3. Define hybrid methodology rationale
RDM_25AF63,PRJ_DCC3DA,2,Experimental Setup,1. Procure equipment and prepare lab setup | 2. Conduct preliminary experiments | 3. Collect baseline experimental data
RDM_E0E509,PRJ_DCC3DA,3,Computational Modeling,1. Develop simulation or ML model | 2. Calibrate model with experimental data | 3. Perform virtual parameter sweeps
RDM_A0BB0C,PRJ_DCC3DA,4,Integrated Analysis,1. Cross-validate experimental and computational results | 2. Identify discrepancies and perform root-cause analysis | 3. Optimize design based on integrated findings
RDM_1EAE5D,PRJ_DCC3DA,5,Validation,1. Conduct confirmatory experiments | 2. Benchmark against existing literature | 3. Document uncertainty and error bounds
RDM_BC15CF,PRJ_DCC3DA,6,Reporting,1. Prepare final report combining both methodologies | 2. Submit to conference or journal | 3. Archive all artifacts
RDM_58A2BC,PRJ_471875,1,Literature Review,1. Perform systematic literature review | 2. Identify experimental and computational components | 3. Define hybrid methodology rationale
RDM_C80AFF,PRJ_471875,2,Experimental Setup,1. Procure equipment and prepare lab setup | 2. Conduct preliminary experiments | 3. Collect baseline experimental data
RDM_B6B12F,PRJ_471875,3,Computational Modeling,1. Develop simulation or ML model | 2. Calibrate model with experimental data | 3. Perform virtual parameter sweeps
RDM_7FF78C,PRJ_471875,4,Integrated Analysis,1. Cross-validate experimental and computational results | 2. Identify discrepancies and perform root-cause analysis | 3. Optimize design based on integrated findings
RDM_01560D,PRJ_471875,5,Validation,1. Conduct confirmatory experiments | 2. Benchmark against existing literature | 3. Document uncertainty and error bounds
RDM_0EDBE9,PRJ_471875,6,Reporting,1. Prepare final report combining both methodologies | 2. Submit to conference or journal | 3. Archive all artifacts
RDM_5EF7A5,PRJ_13CD8B,1,Literature Review,1. Perform systematic literature review | 2. Identify experimental and computational components | 3. Define hybrid methodology rationale
RDM_8D52C1,PRJ_13CD8B,2,Experimental Setup,1. Procure equipment and prepare lab setup | 2. Conduct preliminary experiments | 3. Collect baseline experimental data
RDM_44170D,PRJ_13CD8B,3,Computational Modeling,1. Develop simulation or ML model | 2. Calibrate model with experimental data | 3. Perform virtual parameter sweeps
RDM_978E5F,PRJ_13CD8B,4,Integrated Analysis,1. Cross-validate experimental and computational results | 2. Identify discrepancies and perform root-cause analysis | 3. Optimize design based on integrated findings
RDM_05E719,PRJ_13CD8B,5,Validation,1. Conduct confirmatory experiments | 2. Benchmark against existing literature | 3. Document uncertainty and error bounds
RDM_71B823,PRJ_13CD8B,6,Reporting,1. Prepare final report combining both methodologies | 2. Submit to conference or journal | 3. Archive all artifacts
RDM_11CCB5,PRJ_55D54C,1,Literature Review,1. Perform systematic literature review | 2. Identify experimental and computational components | 3. Define hybrid methodology rationale
RDM_2E704C,PRJ_55D54C,2,Experimental Setup,1. Procure equipment and prepare lab setup | 2. Conduct preliminary experiments | 3. Collect baseline experimental data
RDM_E59DA4,PRJ_55D54C,3,Computational Modeling,1. Develop simulation or ML model | 2. Calibrate model with experimental data | 3. Perform virtual parameter sweeps
RDM_98C09D,PRJ_55D54C,4,Integrated Analysis,1. Cross-validate experimental and computational results | 2. Identify discrepancies and perform root-cause analysis | 3. Optimize design based on integrated findings
RDM_2C0355,PRJ_55D54C,5,Validation,1. Conduct confirmatory experiments | 2. Benchmark against existing literature | 3. Document uncertainty and error bounds
RDM_34245A,PRJ_55D54C,6,Reporting,1. Prepare final report combining both methodologies | 2. Submit to conference or journal | 3. Archive all artifacts
RDM_BF5473,PRJ_1B4582,1,Literature Review,1. Perform systematic literature review | 2. Identify experimental and computational components | 3. Define hybrid methodology rationale
RDM_1387B7,PRJ_1B4582,2,Experimental Setup,1. Procure equipment and prepare lab setup | 2. Conduct preliminary experiments | 3. Collect baseline experimental data
RDM_DAF35A,PRJ_1B4582,3,Computational Modeling,1. Develop simulation or ML model | 2. Calibrate model with experimental data | 3. Perform virtual parameter sweeps
RDM_A3D186,PRJ_1B4582,4,Integrated Analysis,1. Cross-validate experimental and computational results | 2. Identify discrepancies and perform root-cause analysis | 3. Optimize design based on integrated findings
RDM_8A12A6,PRJ_1B4582,5,Validation,1. Conduct confirmatory experiments | 2. Benchmark against existing literature | 3. Document uncertainty and error bounds
RDM_70C85D,PRJ_1B4582,6,Reporting,1. Prepare final report combining both methodologies | 2. Submit to conference or journal | 3. Archive all artifacts
RDM_14C38E,PRJ_BE11DA,1,Problem Scoping & Literature Review,"1. Define problem formally with inputs, outputs, and objectives | 2. Review state-of-the-art models and benchmarks | 3. Identify datasets and evaluation metrics | 4. Prepare related work summary"
RDM_9FF6D5,PRJ_BE11DA,2,Dataset Preparation,"1. Identify and download relevant public datasets | 2. Perform exploratory data analysis (EDA) | 3. Handle missing values, outliers, and class imbalance | 4. Split data into train/validation/test sets"
RDM_776E15,PRJ_BE11DA,3,Model Architecture Design,1. Propose candidate model architectures | 2. Implement baseline model | 3. Define loss functions and evaluation metrics | 4. Set up experiment tracking (MLflow/W&B)
RDM_BA4335,PRJ_BE11DA,4,Training & Optimization,1. Train baseline model and log results | 2. Perform hyperparameter tuning (grid/random/Bayesian search) | 3. Apply regularization and augmentation strategies | 4. Analyze learning curves and convergence
RDM_768344,PRJ_BE11DA,5,Evaluation & Ablation,1. Evaluate on held-out test set | 2. Conduct ablation studies for each component | 3. Compare with state-of-the-art benchmarks | 4. Perform error analysis on failure cases
RDM_164868,PRJ_BE11DA,6,Deployment & Reporting,1. Package model as REST API (FastAPI/Flask) | 2. Containerize with Docker | 3. Write final report and create demo | 4. Publish code and model weights on GitHub
RDM_8F0689,PRJ_6B0CD6,1,Problem Scoping & Literature Review,"1. Define problem formally with inputs, outputs, and objectives | 2. Review state-of-the-art models and benchmarks | 3. Identify datasets and evaluation metrics | 4. Prepare related work summary"
RDM_8F4678,PRJ_6B0CD6,2,Dataset Preparation,"1. Identify and download relevant public datasets | 2. Perform exploratory data analysis (EDA) | 3. Handle missing values, outliers, and class imbalance | 4. Split data into train/validation/test sets"
RDM_5CC81A,PRJ_6B0CD6,3,Model Architecture Design,1. Propose candidate model architectures | 2. Implement baseline model | 3. Define loss functions and evaluation metrics | 4. Set up experiment tracking (MLflow/W&B)
RDM_5EA537,PRJ_6B0CD6,4,Training & Optimization,1. Train baseline model and log results | 2. Perform hyperparameter tuning (grid/random/Bayesian search) | 3. Apply regularization and augmentation strategies | 4. Analyze learning curves and convergence
RDM_0A4AC3,PRJ_6B0CD6,5,Evaluation & Ablation,1. Evaluate on held-out test set | 2. Conduct ablation studies for each component | 3. Compare with state-of-the-art benchmarks | 4. Perform error analysis on failure cases
RDM_0917E9,PRJ_6B0CD6,6,Deployment & Reporting,1. Package model as REST API (FastAPI/Flask) | 2. Containerize with Docker | 3. Write final report and create demo | 4. Publish code and model weights on GitHub
RDM_D2B34A,PRJ_59716D,1,Literature Review,1. Perform systematic literature review | 2. Identify experimental and computational components | 3. Define hybrid methodology rationale
RDM_FAD007,PRJ_59716D,2,Experimental Setup,1. Procure equipment and prepare lab setup | 2. Conduct preliminary experiments | 3. Collect baseline experimental data
RDM_D5E806,PRJ_59716D,3,Computational Modeling,1. Develop simulation or ML model | 2. Calibrate model with experimental data | 3. Perform virtual parameter sweeps
RDM_D977D9,PRJ_59716D,4,Integrated Analysis,1. Cross-validate experimental and computational results | 2. Identify discrepancies and perform root-cause analysis | 3. Optimize design based on integrated findings
RDM_D3E790,PRJ_59716D,5,Validation,1. Conduct confirmatory experiments | 2. Benchmark against existing literature | 3. Document uncertainty and error bounds
RDM_A711BA,PRJ_59716D,6,Reporting,1. Prepare final report combining both methodologies | 2. Submit to conference or journal | 3. Archive all artifacts
RDM_BD6A98,PRJ_F16E79,1,Literature Review,1. Perform systematic literature review | 2. Identify experimental and computational components | 3. Define hybrid methodology rationale
RDM_0B47B4,PRJ_F16E79,2,Experimental Setup,1. Procure equipment and prepare lab setup | 2. Conduct preliminary experiments | 3. Collect baseline experimental data
RDM_C4FFA7,PRJ_F16E79,3,Computational Modeling,1. Develop simulation or ML model | 2. Calibrate model with experimental data | 3. Perform virtual parameter sweeps
RDM_70A6B5,PRJ_F16E79,4,Integrated Analysis,1. Cross-validate experimental and computational results | 2. Identify discrepancies and perform root-cause analysis | 3. Optimize design based on integrated findings
RDM_2E60B7,PRJ_F16E79,5,Validation,1. Conduct confirmatory experiments | 2. Benchmark against existing literature | 3. Document uncertainty and error bounds
RDM_FB5E52,PRJ_F16E79,6,Reporting,1. Prepare final report combining both methodologies | 2. Submit to conference or journal | 3. Archive all artifacts
RDM_2DFD5B,PRJ_E1F962,1,Literature Review,1. Perform systematic literature review | 2. Identify experimental and computational components | 3. Define hybrid methodology rationale
RDM_634B91,PRJ_E1F962,2,Experimental Setup,1. Procure equipment and prepare lab setup | 2. Conduct preliminary experiments | 3. Collect baseline experimental data
RDM_443286,PRJ_E1F962,3,Computational Modeling,1. Develop simulation or ML model | 2. Calibrate model with experimental data | 3. Perform virtual parameter sweeps
RDM_1C58F6,PRJ_E1F962,4,Integrated Analysis,1. Cross-validate experimental and computational results | 2. Identify discrepancies and perform root-cause analysis | 3. Optimize design based on integrated findings
RDM_A77E25,PRJ_E1F962,5,Validation,1. Conduct confirmatory experiments | 2. Benchmark against existing literature | 3. Document uncertainty and error bounds
RDM_BF5639,PRJ_E1F962,6,Reporting,1. Prepare final report combining both methodologies | 2. Submit to conference or journal | 3. Archive all artifacts
RDM_C92A48,PRJ_0EA543,1,Problem Scoping & Literature Review,"1. Define problem formally with inputs, outputs, and objectives | 2. Review state-of-the-art models and benchmarks | 3. Identify datasets and evaluation metrics | 4. Prepare related work summary"
RDM_3826C6,PRJ_0EA543,2,Dataset Preparation,"1. Identify and download relevant public datasets | 2. Perform exploratory data analysis (EDA) | 3. Handle missing values, outliers, and class imbalance | 4. Split data into train/validation/test sets"
RDM_90F46F,PRJ_0EA543,3,Model Architecture Design,1. Propose candidate model architectures | 2. Implement baseline model | 3. Define loss functions and evaluation metrics | 4. Set up experiment tracking (MLflow/W&B)
RDM_68A7C0,PRJ_0EA543,4,Training & Optimization,1. Train baseline model and log results | 2. Perform hyperparameter tuning (grid/random/Bayesian search) | 3. Apply regularization and augmentation strategies | 4. Analyze learning curves and convergence
RDM_BAC6D2,PRJ_0EA543,5,Evaluation & Ablation,1. Evaluate on held-out test set | 2. Conduct ablation studies for each component | 3. Compare with state-of-the-art benchmarks | 4. Perform error analysis on failure cases
RDM_B6B7C5,PRJ_0EA543,6,Deployment & Reporting,1. Package model as REST API (FastAPI/Flask) | 2. Containerize with Docker | 3. Write final report and create demo | 4. Publish code and model weights on GitHub
RDM_CD1860,PRJ_16342D,1,Problem Scoping & Literature Review,"1. Define problem formally with inputs, outputs, and objectives | 2. Review state-of-the-art models and benchmarks | 3. Identify datasets and evaluation metrics | 4. Prepare related work summary"
RDM_F589BA,PRJ_16342D,2,Dataset Preparation,"1. Identify and download relevant public datasets | 2. Perform exploratory data analysis (EDA) | 3. Handle missing values, outliers, and class imbalance | 4. Split data into train/validation/test sets"
RDM_60A906,PRJ_16342D,3,Model Architecture Design,1. Propose candidate model architectures | 2. Implement baseline model | 3. Define loss functions and evaluation metrics | 4. Set up experiment tracking (MLflow/W&B)
RDM_F0373A,PRJ_16342D,4,Training & Optimization,1. Train baseline model and log results | 2. Perform hyperparameter tuning (grid/random/Bayesian search) | 3. Apply regularization and augmentation strategies | 4. Analyze learning curves and convergence
RDM_697212,PRJ_16342D,5,Evaluation & Ablation,1. Evaluate on held-out test set | 2. Conduct ablation studies for each component | 3. Compare with state-of-the-art benchmarks | 4. Perform error analysis on failure cases
RDM_9A17C3,PRJ_16342D,6,Deployment & Reporting,1. Package model as REST API (FastAPI/Flask) | 2. Containerize with Docker | 3. Write final report and create demo | 4. Publish code and model weights on GitHub
RDM_EABA99,PRJ_87BC2A,1,Problem Scoping & Literature Review,"1. Define problem formally with inputs, outputs, and objectives | 2. Review state-of-the-art models and benchmarks | 3. Identify datasets and evaluation metrics | 4. Prepare related work summary"
RDM_08E547,PRJ_87BC2A,2,Dataset Preparation,"1. Identify and download relevant public datasets | 2. Perform exploratory data analysis (EDA) | 3. Handle missing values, outliers, and class imbalance | 4. Split data into train/validation/test sets"
RDM_121A1F,PRJ_87BC2A,3,Model Architecture Design,1. Propose candidate model architectures | 2. Implement baseline model | 3. Define loss functions and evaluation metrics | 4. Set up experiment tracking (MLflow/W&B)
RDM_E5A6B9,PRJ_87BC2A,4,Training & Optimization,1. Train baseline model and log results | 2. Perform hyperparameter tuning (grid/random/Bayesian search) | 3. Apply regularization and augmentation strategies | 4. Analyze learning curves and convergence
RDM_B99FDB,PRJ_87BC2A,5,Evaluation & Ablation,1. Evaluate on held-out test set | 2. Conduct ablation studies for each component | 3. Compare with state-of-the-art benchmarks | 4. Perform error analysis on failure cases
RDM_E3CBC6,PRJ_87BC2A,6,Deployment & Reporting,1. Package model as REST API (FastAPI/Flask) | 2. Containerize with Docker | 3. Write final report and create demo | 4. Publish code and model weights on GitHub
RDM_0DF4B7,PRJ_4BAC72,1,Problem Scoping & Literature Review,"1. Define problem formally with inputs, outputs, and objectives | 2. Review state-of-the-art models and benchmarks | 3. Identify datasets and evaluation metrics | 4. Prepare related work summary"
RDM_F7BDB8,PRJ_4BAC72,2,Dataset Preparation,"1. Identify and download relevant public datasets | 2. Perform exploratory data analysis (EDA) | 3. Handle missing values, outliers, and class imbalance | 4. Split data into train/validation/test sets"
RDM_07CEC2,PRJ_4BAC72,3,Model Architecture Design,1. Propose candidate model architectures | 2. Implement baseline model | 3. Define loss functions and evaluation metrics | 4. Set up experiment tracking (MLflow/W&B)
RDM_984DE6,PRJ_4BAC72,4,Training & Optimization,1. Train baseline model and log results | 2. Perform hyperparameter tuning (grid/random/Bayesian search) | 3. Apply regularization and augmentation strategies | 4. Analyze learning curves and convergence
RDM_ECD184,PRJ_4BAC72,5,Evaluation & Ablation,1. Evaluate on held-out test set | 2. Conduct ablation studies for each component | 3. Compare with state-of-the-art benchmarks | 4. Perform error analysis on failure cases
RDM_79FDFC,PRJ_4BAC72,6,Deployment & Reporting,1. Package model as REST API (FastAPI/Flask) | 2. Containerize with Docker | 3. Write final report and create demo | 4. Publish code and model weights on GitHub
RDM_751442,PRJ_6FBFD1,1,Problem Scoping & Literature Review,"1. Define problem formally with inputs, outputs, and objectives | 2. Review state-of-the-art models and benchmarks | 3. Identify datasets and evaluation metrics | 4. Prepare related work summary"
RDM_138419,PRJ_6FBFD1,2,Dataset Preparation,"1. Identify and download relevant public datasets | 2. Perform exploratory data analysis (EDA) | 3. Handle missing values, outliers, and class imbalance | 4. Split data into train/validation/test sets"
RDM_EB9777,PRJ_6FBFD1,3,Model Architecture Design,1. Propose candidate model architectures | 2. Implement baseline model | 3. Define loss functions and evaluation metrics | 4. Set up experiment tracking (MLflow/W&B)
RDM_8D91DA,PRJ_6FBFD1,4,Training & Optimization,1. Train baseline model and log results | 2. Perform hyperparameter tuning (grid/random/Bayesian search) | 3. Apply regularization and augmentation strategies | 4. Analyze learning curves and convergence
RDM_32B51D,PRJ_6FBFD1,5,Evaluation & Ablation,1. Evaluate on held-out test set | 2. Conduct ablation studies for each component | 3. Compare with state-of-the-art benchmarks | 4. Perform error analysis on failure cases
RDM_2C624F,PRJ_6FBFD1,6,Deployment & Reporting,1. Package model as REST API (FastAPI/Flask) | 2. Containerize with Docker | 3. Write final report and create demo | 4. Publish code and model weights on GitHub
RDM_B3883C,PRJ_AC4108,1,Literature Review,1. Perform systematic literature review | 2. Identify experimental and computational components | 3. Define hybrid methodology rationale
RDM_65E627,PRJ_AC4108,2,Experimental Setup,1. Procure equipment and prepare lab setup | 2. Conduct preliminary experiments | 3. Collect baseline experimental data
RDM_64E6B5,PRJ_AC4108,3,Computational Modeling,1. Develop simulation or ML model | 2. Calibrate model with experimental data | 3. Perform virtual parameter sweeps
RDM_0D8DE6,PRJ_AC4108,4,Integrated Analysis,1. Cross-validate experimental and computational results | 2. Identify discrepancies and perform root-cause analysis | 3. Optimize design based on integrated findings
RDM_F11FB3,PRJ_AC4108,5,Validation,1. Conduct confirmatory experiments | 2. Benchmark against existing literature | 3. Document uncertainty and error bounds
RDM_DF4535,PRJ_AC4108,6,Reporting,1. Prepare final report combining both methodologies | 2. Submit to conference or journal | 3. Archive all artifacts
RDM_CE23BA,PRJ_1F6DB5,1,Literature Review,1. Perform systematic literature review | 2. Identify experimental and computational components | 3. Define hybrid methodology rationale
RDM_04842A,PRJ_1F6DB5,2,Experimental Setup,1. Procure equipment and prepare lab setup | 2. Conduct preliminary experiments | 3. Collect baseline experimental data
RDM_077EFD,PRJ_1F6DB5,3,Computational Modeling,1. Develop simulation or ML model | 2. Calibrate model with experimental data | 3. Perform virtual parameter sweeps
RDM_B8C607,PRJ_1F6DB5,4,Integrated Analysis,1. Cross-validate experimental and computational results | 2. Identify discrepancies and perform root-cause analysis | 3. Optimize design based on integrated findings
RDM_BC6EF9,PRJ_1F6DB5,5,Validation,1. Conduct confirmatory experiments | 2. Benchmark against existing literature | 3. Document uncertainty and error bounds
RDM_8DFCD9,PRJ_1F6DB5,6,Reporting,1. Prepare final report combining both methodologies | 2. Submit to conference or journal | 3. Archive all artifacts
RDM_2F391F,PRJ_DA6463,1,Problem Scoping & Literature Review,"1. Define problem formally with inputs, outputs, and objectives | 2. Review state-of-the-art models and benchmarks | 3. Identify datasets and evaluation metrics | 4. Prepare related work summary"
RDM_03D3D9,PRJ_DA6463,2,Dataset Preparation,"1. Identify and download relevant public datasets | 2. Perform exploratory data analysis (EDA) | 3. Handle missing values, outliers, and class imbalance | 4. Split data into train/validation/test sets"
RDM_37F8CD,PRJ_DA6463,3,Model Architecture Design,1. Propose candidate model architectures | 2. Implement baseline model | 3. Define loss functions and evaluation metrics | 4. Set up experiment tracking (MLflow/W&B)
RDM_A7C916,PRJ_DA6463,4,Training & Optimization,1. Train baseline model and log results | 2. Perform hyperparameter tuning (grid/random/Bayesian search) | 3. Apply regularization and augmentation strategies | 4. Analyze learning curves and convergence
RDM_CE607A,PRJ_DA6463,5,Evaluation & Ablation,1. Evaluate on held-out test set | 2. Conduct ablation studies for each component | 3. Compare with state-of-the-art benchmarks | 4. Perform error analysis on failure cases
RDM_AE3749,PRJ_DA6463,6,Deployment & Reporting,1. Package model as REST API (FastAPI/Flask) | 2. Containerize with Docker | 3. Write final report and create demo | 4. Publish code and model weights on GitHub
RDM_037691,PRJ_E0F2A6,1,Literature Review,1. Perform systematic literature review | 2. Identify experimental and computational components | 3. Define hybrid methodology rationale
RDM_3F24ED,PRJ_E0F2A6,2,Experimental Setup,1. Procure equipment and prepare lab setup | 2. Conduct preliminary experiments | 3. Collect baseline experimental data
RDM_59264E,PRJ_E0F2A6,3,Computational Modeling,1. Develop simulation or ML model | 2. Calibrate model with experimental data | 3. Perform virtual parameter sweeps
RDM_B6381F,PRJ_E0F2A6,4,Integrated Analysis,1. Cross-validate experimental and computational results | 2. Identify discrepancies and perform root-cause analysis | 3. Optimize design based on integrated findings
RDM_3237B9,PRJ_E0F2A6,5,Validation,1. Conduct confirmatory experiments | 2. Benchmark against existing literature | 3. Document uncertainty and error bounds
RDM_5308B8,PRJ_E0F2A6,6,Reporting,1. Prepare final report combining both methodologies | 2. Submit to conference or journal | 3. Archive all artifacts
RDM_DC6C76,PRJ_185E65,1,Problem Scoping & Literature Review,"1. Define problem formally with inputs, outputs, and objectives | 2. Review state-of-the-art models and benchmarks | 3. Identify datasets and evaluation metrics | 4. Prepare related work summary"
RDM_12E259,PRJ_185E65,2,Dataset Preparation,"1. Identify and download relevant public datasets | 2. Perform exploratory data analysis (EDA) | 3. Handle missing values, outliers, and class imbalance | 4. Split data into train/validation/test sets"
RDM_4D3D86,PRJ_185E65,3,Model Architecture Design,1. Propose candidate model architectures | 2. Implement baseline model | 3. Define loss functions and evaluation metrics | 4. Set up experiment tracking (MLflow/W&B)
RDM_630F84,PRJ_185E65,4,Training & Optimization,1. Train baseline model and log results | 2. Perform hyperparameter tuning (grid/random/Bayesian search) | 3. Apply regularization and augmentation strategies | 4. Analyze learning curves and convergence
RDM_1BFF7D,PRJ_185E65,5,Evaluation & Ablation,1. Evaluate on held-out test set | 2. Conduct ablation studies for each component | 3. Compare with state-of-the-art benchmarks | 4. Perform error analysis on failure cases
RDM_1C3D76,PRJ_185E65,6,Deployment & Reporting,1. Package model as REST API (FastAPI/Flask) | 2. Containerize with Docker | 3. Write final report and create demo | 4. Publish code and model weights on GitHub
RDM_DC3C5C,PRJ_BACB15,1,Problem Scoping & Literature Review,"1. Define problem formally with inputs, outputs, and objectives | 2. Review state-of-the-art models and benchmarks | 3. Identify datasets and evaluation metrics | 4. Prepare related work summary"
RDM_F693D3,PRJ_BACB15,2,Dataset Preparation,"1. Identify and download relevant public datasets | 2. Perform exploratory data analysis (EDA) | 3. Handle missing values, outliers, and class imbalance | 4. Split data into train/validation/test sets"
RDM_783566,PRJ_BACB15,3,Model Architecture Design,1. Propose candidate model architectures | 2. Implement baseline model | 3. Define loss functions and evaluation metrics | 4. Set up experiment tracking (MLflow/W&B)
RDM_86D146,PRJ_BACB15,4,Training & Optimization,1. Train baseline model and log results | 2. Perform hyperparameter tuning (grid/random/Bayesian search) | 3. Apply regularization and augmentation strategies | 4. Analyze learning curves and convergence
RDM_1216E4,PRJ_BACB15,5,Evaluation & Ablation,1. Evaluate on held-out test set | 2. Conduct ablation studies for each component | 3. Compare with state-of-the-art benchmarks | 4. Perform error analysis on failure cases
RDM_7D72E3,PRJ_BACB15,6,Deployment & Reporting,1. Package model as REST API (FastAPI/Flask) | 2. Containerize with Docker | 3. Write final report and create demo | 4. Publish code and model weights on GitHub
RDM_9A092A,PRJ_57327E,1,Literature Review,1. Perform systematic literature review | 2. Identify experimental and computational components | 3. Define hybrid methodology rationale
RDM_B21F93,PRJ_57327E,2,Experimental Setup,1. Procure equipment and prepare lab setup | 2. Conduct preliminary experiments | 3. Collect baseline experimental data
RDM_E37E58,PRJ_57327E,3,Computational Modeling,1. Develop simulation or ML model | 2. Calibrate model with experimental data | 3. Perform virtual parameter sweeps
RDM_8B66D7,PRJ_57327E,4,Integrated Analysis,1. Cross-validate experimental and computational results | 2. Identify discrepancies and perform root-cause analysis | 3. Optimize design based on integrated findings
RDM_5B51F4,PRJ_57327E,5,Validation,1. Conduct confirmatory experiments | 2. Benchmark against existing literature | 3. Document uncertainty and error bounds
RDM_267D3C,PRJ_57327E,6,Reporting,1. Prepare final report combining both methodologies | 2. Submit to conference or journal | 3. Archive all artifacts
RDM_E02614,PRJ_10EDC0,1,Problem Scoping & Literature Review,"1. Define problem formally with inputs, outputs, and objectives | 2. Review state-of-the-art models and benchmarks | 3. Identify datasets and evaluation metrics | 4. Prepare related work summary"
RDM_EF3DF2,PRJ_10EDC0,2,Dataset Preparation,"1. Identify and download relevant public datasets | 2. Perform exploratory data analysis (EDA) | 3. Handle missing values, outliers, and class imbalance | 4. Split data into train/validation/test sets"
RDM_8825C1,PRJ_10EDC0,3,Model Architecture Design,1. Propose candidate model architectures | 2. Implement baseline model | 3. Define loss functions and evaluation metrics | 4. Set up experiment tracking (MLflow/W&B)
RDM_2E6919,PRJ_10EDC0,4,Training & Optimization,1. Train baseline model and log results | 2. Perform hyperparameter tuning (grid/random/Bayesian search) | 3. Apply regularization and augmentation strategies | 4. Analyze learning curves and convergence
RDM_A86002,PRJ_10EDC0,5,Evaluation & Ablation,1. Evaluate on held-out test set | 2. Conduct ablation studies for each component | 3. Compare with state-of-the-art benchmarks | 4. Perform error analysis on failure cases
RDM_F6A313,PRJ_10EDC0,6,Deployment & Reporting,1. Package model as REST API (FastAPI/Flask) | 2. Containerize with Docker | 3. Write final report and create demo | 4. Publish code and model weights on GitHub
RDM_CC70C7,PRJ_14368F,1,Literature Review,1. Perform systematic literature review | 2. Identify experimental and computational components | 3. Define hybrid methodology rationale
RDM_A54C80,PRJ_14368F,2,Experimental Setup,1. Procure equipment and prepare lab setup | 2. Conduct preliminary experiments | 3. Collect baseline experimental data
RDM_B310A2,PRJ_14368F,3,Computational Modeling,1. Develop simulation or ML model | 2. Calibrate model with experimental data | 3. Perform virtual parameter sweeps
RDM_C3081D,PRJ_14368F,4,Integrated Analysis,1. Cross-validate experimental and computational results | 2. Identify discrepancies and perform root-cause analysis | 3. Optimize design based on integrated findings
RDM_B6640D,PRJ_14368F,5,Validation,1. Conduct confirmatory experiments | 2. Benchmark against existing literature | 3. Document uncertainty and error bounds
RDM_69A170,PRJ_14368F,6,Reporting,1. Prepare final report combining both methodologies | 2. Submit to conference or journal | 3. Archive all artifacts
RDM_92FB91,PRJ_28C69F,1,Problem Scoping & Literature Review,"1. Define problem formally with inputs, outputs, and objectives | 2. Review state-of-the-art models and benchmarks | 3. Identify datasets and evaluation metrics | 4. Prepare related work summary"
RDM_8A15CA,PRJ_28C69F,2,Dataset Preparation,"1. Identify and download relevant public datasets | 2. Perform exploratory data analysis (EDA) | 3. Handle missing values, outliers, and class imbalance | 4. Split data into train/validation/test sets"
RDM_C8498A,PRJ_28C69F,3,Model Architecture Design,1. Propose candidate model architectures | 2. Implement baseline model | 3. Define loss functions and evaluation metrics | 4. Set up experiment tracking (MLflow/W&B)
RDM_2E9F57,PRJ_28C69F,4,Training & Optimization,1. Train baseline model and log results | 2. Perform hyperparameter tuning (grid/random/Bayesian search) | 3. Apply regularization and augmentation strategies | 4. Analyze learning curves and convergence
RDM_DF70C0,PRJ_28C69F,5,Evaluation & Ablation,1. Evaluate on held-out test set | 2. Conduct ablation studies for each component | 3. Compare with state-of-the-art benchmarks | 4. Perform error analysis on failure cases
RDM_D53922,PRJ_28C69F,6,Deployment & Reporting,1. Package model as REST API (FastAPI/Flask) | 2. Containerize with Docker | 3. Write final report and create demo | 4. Publish code and model weights on GitHub
RDM_E079E1,PRJ_A5B437,1,Problem Scoping & Literature Review,"1. Define problem formally with inputs, outputs, and objectives | 2. Review state-of-the-art models and benchmarks | 3. Identify datasets and evaluation metrics | 4. Prepare related work summary"
RDM_0CD447,PRJ_A5B437,2,Dataset Preparation,"1. Identify and download relevant public datasets | 2. Perform exploratory data analysis (EDA) | 3. Handle missing values, outliers, and class imbalance | 4. Split data into train/validation/test sets"
RDM_412C51,PRJ_A5B437,3,Model Architecture Design,1. Propose candidate model architectures | 2. Implement baseline model | 3. Define loss functions and evaluation metrics | 4. Set up experiment tracking (MLflow/W&B)
RDM_45824F,PRJ_A5B437,4,Training & Optimization,1. Train baseline model and log results | 2. Perform hyperparameter tuning (grid/random/Bayesian search) | 3. Apply regularization and augmentation strategies | 4. Analyze learning curves and convergence
RDM_76EB4A,PRJ_A5B437,5,Evaluation & Ablation,1. Evaluate on held-out test set | 2. Conduct ablation studies for each component | 3. Compare with state-of-the-art benchmarks | 4. Perform error analysis on failure cases
RDM_DA0A3D,PRJ_A5B437,6,Deployment & Reporting,1. Package model as REST API (FastAPI/Flask) | 2. Containerize with Docker | 3. Write final report and create demo | 4. Publish code and model weights on GitHub
RDM_CB721D,PRJ_07ABAB,1,Problem Scoping & Literature Review,"1. Define problem formally with inputs, outputs, and objectives | 2. Review state-of-the-art models and benchmarks | 3. Identify datasets and evaluation metrics | 4. Prepare related work summary"
RDM_7B8AA8,PRJ_07ABAB,2,Dataset Preparation,"1. Identify and download relevant public datasets | 2. Perform exploratory data analysis (EDA) | 3. Handle missing values, outliers, and class imbalance | 4. Split data into train/validation/test sets"
RDM_D3355E,PRJ_07ABAB,3,Model Architecture Design,1. Propose candidate model architectures | 2. Implement baseline model | 3. Define loss functions and evaluation metrics | 4. Set up experiment tracking (MLflow/W&B)
RDM_555F15,PRJ_07ABAB,4,Training & Optimization,1. Train baseline model and log results | 2. Perform hyperparameter tuning (grid/random/Bayesian search) | 3. Apply regularization and augmentation strategies | 4. Analyze learning curves and convergence
RDM_4C5888,PRJ_07ABAB,5,Evaluation & Ablation,1. Evaluate on held-out test set | 2. Conduct ablation studies for each component | 3. Compare with state-of-the-art benchmarks | 4. Perform error analysis on failure cases
RDM_7D899F,PRJ_07ABAB,6,Deployment & Reporting,1. Package model as REST API (FastAPI/Flask) | 2. Containerize with Docker | 3. Write final report and create demo | 4. Publish code and model weights on GitHub
RDM_EFAEDF,PRJ_0BC468,1,Problem Scoping & Literature Review,"1. Define problem formally with inputs, outputs, and objectives | 2. Review state-of-the-art models and benchmarks | 3. Identify datasets and evaluation metrics | 4. Prepare related work summary"
RDM_59FD1A,PRJ_0BC468,2,Dataset Preparation,"1. Identify and download relevant public datasets | 2. Perform exploratory data analysis (EDA) | 3. Handle missing values, outliers, and class imbalance | 4. Split data into train/validation/test sets"
RDM_8530B6,PRJ_0BC468,3,Model Architecture Design,1. Propose candidate model architectures | 2. Implement baseline model | 3. Define loss functions and evaluation metrics | 4. Set up experiment tracking (MLflow/W&B)
RDM_B029E8,PRJ_0BC468,4,Training & Optimization,1. Train baseline model and log results | 2. Perform hyperparameter tuning (grid/random/Bayesian search) | 3. Apply regularization and augmentation strategies | 4. Analyze learning curves and convergence
RDM_8DD797,PRJ_0BC468,5,Evaluation & Ablation,1. Evaluate on held-out test set | 2. Conduct ablation studies for each component | 3. Compare with state-of-the-art benchmarks | 4. Perform error analysis on failure cases
RDM_6422FA,PRJ_0BC468,6,Deployment & Reporting,1. Package model as REST API (FastAPI/Flask) | 2. Containerize with Docker | 3. Write final report and create demo | 4. Publish code and model weights on GitHub
RDM_85D02C,PRJ_53CF3C,1,Literature Review,1. Perform systematic literature review | 2. Identify experimental and computational components | 3. Define hybrid methodology rationale
RDM_FCBDC1,PRJ_53CF3C,2,Experimental Setup,1. Procure equipment and prepare lab setup | 2. Conduct preliminary experiments | 3. Collect baseline experimental data
RDM_1ECDF3,PRJ_53CF3C,3,Computational Modeling,1. Develop simulation or ML model | 2. Calibrate model with experimental data | 3. Perform virtual parameter sweeps
RDM_F9A60C,PRJ_53CF3C,4,Integrated Analysis,1. Cross-validate experimental and computational results | 2. Identify discrepancies and perform root-cause analysis | 3. Optimize design based on integrated findings
RDM_07FDA2,PRJ_53CF3C,5,Validation,1. Conduct confirmatory experiments | 2. Benchmark against existing literature | 3. Document uncertainty and error bounds
RDM_5899B8,PRJ_53CF3C,6,Reporting,1. Prepare final report combining both methodologies | 2. Submit to conference or journal | 3. Archive all artifacts
RDM_EC7654,PRJ_3067E7,1,Literature Review,1. Perform systematic literature review | 2. Identify experimental and computational components | 3. Define hybrid methodology rationale
RDM_DE8444,PRJ_3067E7,2,Experimental Setup,1. Procure equipment and prepare lab setup | 2. Conduct preliminary experiments | 3. Collect baseline experimental data
RDM_ABAD5C,PRJ_3067E7,3,Computational Modeling,1. Develop simulation or ML model | 2. Calibrate model with experimental data | 3. Perform virtual parameter sweeps
RDM_0F6123,PRJ_3067E7,4,Integrated Analysis,1. Cross-validate experimental and computational results | 2. Identify discrepancies and perform root-cause analysis | 3. Optimize design based on integrated findings
RDM_BCF33C,PRJ_3067E7,5,Validation,1. Conduct confirmatory experiments | 2. Benchmark against existing literature | 3. Document uncertainty and error bounds
RDM_6C5E18,PRJ_3067E7,6,Reporting,1. Prepare final report combining both methodologies | 2. Submit to conference or journal | 3. Archive all artifacts
RDM_2E026C,PRJ_5C6697,1,Literature Review,1. Perform systematic literature review | 2. Identify experimental and computational components | 3. Define hybrid methodology rationale
RDM_EAF986,PRJ_5C6697,2,Experimental Setup,1. Procure equipment and prepare lab setup | 2. Conduct preliminary experiments | 3. Collect baseline experimental data
RDM_EB8495,PRJ_5C6697,3,Computational Modeling,1. Develop simulation or ML model | 2. Calibrate model with experimental data | 3. Perform virtual parameter sweeps
RDM_8B044C,PRJ_5C6697,4,Integrated Analysis,1. Cross-validate experimental and computational results | 2. Identify discrepancies and perform root-cause analysis | 3. Optimize design based on integrated findings
RDM_079FBF,PRJ_5C6697,5,Validation,1. Conduct confirmatory experiments | 2. Benchmark against existing literature | 3. Document uncertainty and error bounds
RDM_D77CB1,PRJ_5C6697,6,Reporting,1. Prepare final report combining both methodologies | 2. Submit to conference or journal | 3. Archive all artifacts
RDM_2C0706,PRJ_E9DC96,1,Literature Review,1. Perform systematic literature review | 2. Identify experimental and computational components | 3. Define hybrid methodology rationale
RDM_C417E7,PRJ_E9DC96,2,Experimental Setup,1. Procure equipment and prepare lab setup | 2. Conduct preliminary experiments | 3. Collect baseline experimental data
RDM_EDC51F,PRJ_E9DC96,3,Computational Modeling,1. Develop simulation or ML model | 2. Calibrate model with experimental data | 3. Perform virtual parameter sweeps
RDM_4D54F6,PRJ_E9DC96,4,Integrated Analysis,1. Cross-validate experimental and computational results | 2. Identify discrepancies and perform root-cause analysis | 3. Optimize design based on integrated findings
RDM_89DFFB,PRJ_E9DC96,5,Validation,1. Conduct confirmatory experiments | 2. Benchmark against existing literature | 3. Document uncertainty and error bounds
RDM_319B58,PRJ_E9DC96,6,Reporting,1. Prepare final report combining both methodologies | 2. Submit to conference or journal | 3. Archive all artifacts
RDM_A25B88,PRJ_7335DE,1,Literature Review,1. Perform systematic literature review | 2. Identify experimental and computational components | 3. Define hybrid methodology rationale
RDM_CC766E,PRJ_7335DE,2,Experimental Setup,1. Procure equipment and prepare lab setup | 2. Conduct preliminary experiments | 3. Collect baseline experimental data
RDM_CD9670,PRJ_7335DE,3,Computational Modeling,1. Develop simulation or ML model | 2. Calibrate model with experimental data | 3. Perform virtual parameter sweeps
RDM_3A9BB0,PRJ_7335DE,4,Integrated Analysis,1. Cross-validate experimental and computational results | 2. Identify discrepancies and perform root-cause analysis | 3. Optimize design based on integrated findings
RDM_774356,PRJ_7335DE,5,Validation,1. Conduct confirmatory experiments | 2. Benchmark against existing literature | 3. Document uncertainty and error bounds
RDM_0A4A79,PRJ_7335DE,6,Reporting,1. Prepare final report combining both methodologies | 2. Submit to conference or journal | 3. Archive all artifacts
RDM_FE82F6,PRJ_780E47,1,Literature Review,1. Perform systematic literature review | 2. Identify experimental and computational components | 3. Define hybrid methodology rationale
RDM_D01B44,PRJ_780E47,2,Experimental Setup,1. Procure equipment and prepare lab setup | 2. Conduct preliminary experiments | 3. Collect baseline experimental data
RDM_9AE56F,PRJ_780E47,3,Computational Modeling,1. Develop simulation or ML model | 2. Calibrate model with experimental data | 3. Perform virtual parameter sweeps
RDM_55D77C,PRJ_780E47,4,Integrated Analysis,1. Cross-validate experimental and computational results | 2. Identify discrepancies and perform root-cause analysis | 3. Optimize design based on integrated findings
RDM_52A88A,PRJ_780E47,5,Validation,1. Conduct confirmatory experiments | 2. Benchmark against existing literature | 3. Document uncertainty and error bounds
RDM_A6D184,PRJ_780E47,6,Reporting,1. Prepare final report combining both methodologies | 2. Submit to conference or journal | 3. Archive all artifacts
RDM_1F0315,PRJ_B472D3,1,Problem Scoping & Literature Review,"1. Define problem formally with inputs, outputs, and objectives | 2. Review state-of-the-art models and benchmarks | 3. Identify datasets and evaluation metrics | 4. Prepare related work summary"
RDM_92CFE3,PRJ_B472D3,2,Dataset Preparation,"1. Identify and download relevant public datasets | 2. Perform exploratory data analysis (EDA) | 3. Handle missing values, outliers, and class imbalance | 4. Split data into train/validation/test sets"
RDM_3331C4,PRJ_B472D3,3,Model Architecture Design,1. Propose candidate model architectures | 2. Implement baseline model | 3. Define loss functions and evaluation metrics | 4. Set up experiment tracking (MLflow/W&B)
RDM_2712FC,PRJ_B472D3,4,Training & Optimization,1. Train baseline model and log results | 2. Perform hyperparameter tuning (grid/random/Bayesian search) | 3. Apply regularization and augmentation strategies | 4. Analyze learning curves and convergence
RDM_612540,PRJ_B472D3,5,Evaluation & Ablation,1. Evaluate on held-out test set | 2. Conduct ablation studies for each component | 3. Compare with state-of-the-art benchmarks | 4. Perform error analysis on failure cases
RDM_B65C1A,PRJ_B472D3,6,Deployment & Reporting,1. Package model as REST API (FastAPI/Flask) | 2. Containerize with Docker | 3. Write final report and create demo | 4. Publish code and model weights on GitHub
RDM_A20A73,PRJ_4A15F1,1,Problem Scoping & Literature Review,"1. Define problem formally with inputs, outputs, and objectives | 2. Review state-of-the-art models and benchmarks | 3. Identify datasets and evaluation metrics | 4. Prepare related work summary"
RDM_2A1583,PRJ_4A15F1,2,Dataset Preparation,"1. Identify and download relevant public datasets | 2. Perform exploratory data analysis (EDA) | 3. Handle missing values, outliers, and class imbalance | 4. Split data into train/validation/test sets"
RDM_EA4AAC,PRJ_4A15F1,3,Model Architecture Design,1. Propose candidate model architectures | 2. Implement baseline model | 3. Define loss functions and evaluation metrics | 4. Set up experiment tracking (MLflow/W&B)
RDM_FD0922,PRJ_4A15F1,4,Training & Optimization,1. Train baseline model and log results | 2. Perform hyperparameter tuning (grid/random/Bayesian search) | 3. Apply regularization and augmentation strategies | 4. Analyze learning curves and convergence
RDM_88EB24,PRJ_4A15F1,5,Evaluation & Ablation,1. Evaluate on held-out test set | 2. Conduct ablation studies for each component | 3. Compare with state-of-the-art benchmarks | 4. Perform error analysis on failure cases
RDM_0B7A97,PRJ_4A15F1,6,Deployment & Reporting,1. Package model as REST API (FastAPI/Flask) | 2. Containerize with Docker | 3. Write final report and create demo | 4. Publish code and model weights on GitHub
RDM_EDCFE3,PRJ_538B7D,1,Literature Review,1. Perform systematic literature review | 2. Identify experimental and computational components | 3. Define hybrid methodology rationale
RDM_EEC688,PRJ_538B7D,2,Experimental Setup,1. Procure equipment and prepare lab setup | 2. Conduct preliminary experiments | 3. Collect baseline experimental data
RDM_AAFE0F,PRJ_538B7D,3,Computational Modeling,1. Develop simulation or ML model | 2. Calibrate model with experimental data | 3. Perform virtual parameter sweeps
RDM_0087F6,PRJ_538B7D,4,Integrated Analysis,1. Cross-validate experimental and computational results | 2. Identify discrepancies and perform root-cause analysis | 3. Optimize design based on integrated findings
RDM_98ED65,PRJ_538B7D,5,Validation,1. Conduct confirmatory experiments | 2. Benchmark against existing literature | 3. Document uncertainty and error bounds
RDM_F1C6D8,PRJ_538B7D,6,Reporting,1. Prepare final report combining both methodologies | 2. Submit to conference or journal | 3. Archive all artifacts
RDM_DBA87F,PRJ_C22400,1,Literature Review,1. Perform systematic literature review | 2. Identify experimental and computational components | 3. Define hybrid methodology rationale
RDM_3B29AF,PRJ_C22400,2,Experimental Setup,1. Procure equipment and prepare lab setup | 2. Conduct preliminary experiments | 3. Collect baseline experimental data
RDM_472C0E,PRJ_C22400,3,Computational Modeling,1. Develop simulation or ML model | 2. Calibrate model with experimental data | 3. Perform virtual parameter sweeps
RDM_E9405D,PRJ_C22400,4,Integrated Analysis,1. Cross-validate experimental and computational results | 2. Identify discrepancies and perform root-cause analysis | 3. Optimize design based on integrated findings
RDM_D528F1,PRJ_C22400,5,Validation,1. Conduct confirmatory experiments | 2. Benchmark against existing literature | 3. Document uncertainty and error bounds
RDM_996A9E,PRJ_C22400,6,Reporting,1. Prepare final report combining both methodologies | 2. Submit to conference or journal | 3. Archive all artifacts
RDM_7E23C2,PRJ_51D299,1,Literature Review,1. Perform systematic literature review | 2. Identify experimental and computational components | 3. Define hybrid methodology rationale
RDM_4F1242,PRJ_51D299,2,Experimental Setup,1. Procure equipment and prepare lab setup | 2. Conduct preliminary experiments | 3. Collect baseline experimental data
RDM_2F07BA,PRJ_51D299,3,Computational Modeling,1. Develop simulation or ML model | 2. Calibrate model with experimental data | 3. Perform virtual parameter sweeps
RDM_154EBF,PRJ_51D299,4,Integrated Analysis,1. Cross-validate experimental and computational results | 2. Identify discrepancies and perform root-cause analysis | 3. Optimize design based on integrated findings
RDM_62A61C,PRJ_51D299,5,Validation,1. Conduct confirmatory experiments | 2. Benchmark against existing literature | 3. Document uncertainty and error bounds
RDM_9A49A4,PRJ_51D299,6,Reporting,1. Prepare final report combining both methodologies | 2. Submit to conference or journal | 3. Archive all artifacts
RDM_022F08,PRJ_29B5BD,1,Literature Review,1. Perform systematic literature review | 2. Identify experimental and computational components | 3. Define hybrid methodology rationale
RDM_FFC78A,PRJ_29B5BD,2,Experimental Setup,1. Procure equipment and prepare lab setup | 2. Conduct preliminary experiments | 3. Collect baseline experimental data
RDM_73E031,PRJ_29B5BD,3,Computational Modeling,1. Develop simulation or ML model | 2. Calibrate model with experimental data | 3. Perform virtual parameter sweeps
RDM_A02453,PRJ_29B5BD,4,Integrated Analysis,1. Cross-validate experimental and computational results | 2. Identify discrepancies and perform root-cause analysis | 3. Optimize design based on integrated findings
RDM_2207AC,PRJ_29B5BD,5,Validation,1. Conduct confirmatory experiments | 2. Benchmark against existing literature | 3. Document uncertainty and error bounds
RDM_18BFCF,PRJ_29B5BD,6,Reporting,1. Prepare final report combining both methodologies | 2. Submit to conference or journal | 3. Archive all artifacts
RDM_50522D,PRJ_551C11,1,Problem Scoping & Literature Review,"1. Define problem formally with inputs, outputs, and objectives | 2. Review state-of-the-art models and benchmarks | 3. Identify datasets and evaluation metrics | 4. Prepare related work summary"
RDM_B3B4C2,PRJ_551C11,2,Dataset Preparation,"1. Identify and download relevant public datasets | 2. Perform exploratory data analysis (EDA) | 3. Handle missing values, outliers, and class imbalance | 4. Split data into train/validation/test sets"
RDM_177667,PRJ_551C11,3,Model Architecture Design,1. Propose candidate model architectures | 2. Implement baseline model | 3. Define loss functions and evaluation metrics | 4. Set up experiment tracking (MLflow/W&B)
RDM_237F48,PRJ_551C11,4,Training & Optimization,1. Train baseline model and log results | 2. Perform hyperparameter tuning (grid/random/Bayesian search) | 3. Apply regularization and augmentation strategies | 4. Analyze learning curves and convergence
RDM_8172EA,PRJ_551C11,5,Evaluation & Ablation,1. Evaluate on held-out test set | 2. Conduct ablation studies for each component | 3. Compare with state-of-the-art benchmarks | 4. Perform error analysis on failure cases
RDM_FEF9AC,PRJ_551C11,6,Deployment & Reporting,1. Package model as REST API (FastAPI/Flask) | 2. Containerize with Docker | 3. Write final report and create demo | 4. Publish code and model weights on GitHub
RDM_A19621,PRJ_B6F0D2,1,Problem Scoping & Literature Review,"1. Define problem formally with inputs, outputs, and objectives | 2. Review state-of-the-art models and benchmarks | 3. Identify datasets and evaluation metrics | 4. Prepare related work summary"
RDM_ECB748,PRJ_B6F0D2,2,Dataset Preparation,"1. Identify and download relevant public datasets | 2. Perform exploratory data analysis (EDA) | 3. Handle missing values, outliers, and class imbalance | 4. Split data into train/validation/test sets"
RDM_CDB6E0,PRJ_B6F0D2,3,Model Architecture Design,1. Propose candidate model architectures | 2. Implement baseline model | 3. Define loss functions and evaluation metrics | 4. Set up experiment tracking (MLflow/W&B)
RDM_5083C7,PRJ_B6F0D2,4,Training & Optimization,1. Train baseline model and log results | 2. Perform hyperparameter tuning (grid/random/Bayesian search) | 3. Apply regularization and augmentation strategies | 4. Analyze learning curves and convergence
RDM_BB435A,PRJ_B6F0D2,5,Evaluation & Ablation,1. Evaluate on held-out test set | 2. Conduct ablation studies for each component | 3. Compare with state-of-the-art benchmarks | 4. Perform error analysis on failure cases
RDM_E1EE00,PRJ_B6F0D2,6,Deployment & Reporting,1. Package model as REST API (FastAPI/Flask) | 2. Containerize with Docker | 3. Write final report and create demo | 4. Publish code and model weights on GitHub
RDM_D87196,PRJ_71EAE2,1,Literature Review,1. Perform systematic literature review | 2. Identify experimental and computational components | 3. Define hybrid methodology rationale
RDM_DBC298,PRJ_71EAE2,2,Experimental Setup,1. Procure equipment and prepare lab setup | 2. Conduct preliminary experiments | 3. Collect baseline experimental data
RDM_DCF6F6,PRJ_71EAE2,3,Computational Modeling,1. Develop simulation or ML model | 2. Calibrate model with experimental data | 3. Perform virtual parameter sweeps
RDM_CC766D,PRJ_71EAE2,4,Integrated Analysis,1. Cross-validate experimental and computational results | 2. Identify discrepancies and perform root-cause analysis | 3. Optimize design based on integrated findings
RDM_D58575,PRJ_71EAE2,5,Validation,1. Conduct confirmatory experiments | 2. Benchmark against existing literature | 3. Document uncertainty and error bounds
RDM_F8D821,PRJ_71EAE2,6,Reporting,1. Prepare final report combining both methodologies | 2. Submit to conference or journal | 3. Archive all artifacts
RDM_314BE0,PRJ_3765C8,1,Literature Review,1. Perform systematic literature review | 2. Identify experimental and computational components | 3. Define hybrid methodology rationale
RDM_7A9D18,PRJ_3765C8,2,Experimental Setup,1. Procure equipment and prepare lab setup | 2. Conduct preliminary experiments | 3. Collect baseline experimental data
RDM_00C0A2,PRJ_3765C8,3,Computational Modeling,1. Develop simulation or ML model | 2. Calibrate model with experimental data | 3. Perform virtual parameter sweeps
RDM_D2FD03,PRJ_3765C8,4,Integrated Analysis,1. Cross-validate experimental and computational results | 2. Identify discrepancies and perform root-cause analysis | 3. Optimize design based on integrated findings
RDM_D5366B,PRJ_3765C8,5,Validation,1. Conduct confirmatory experiments | 2. Benchmark against existing literature | 3. Document uncertainty and error bounds
RDM_310F7C,PRJ_3765C8,6,Reporting,1. Prepare final report combining both methodologies | 2. Submit to conference or journal | 3. Archive all artifacts
RDM_8CF1EF,PRJ_318478,1,Problem Scoping & Literature Review,"1. Define problem formally with inputs, outputs, and objectives | 2. Review state-of-the-art models and benchmarks | 3. Identify datasets and evaluation metrics | 4. Prepare related work summary"
RDM_CDEBAA,PRJ_318478,2,Dataset Preparation,"1. Identify and download relevant public datasets | 2. Perform exploratory data analysis (EDA) | 3. Handle missing values, outliers, and class imbalance | 4. Split data into train/validation/test sets"
RDM_E93AAF,PRJ_318478,3,Model Architecture Design,1. Propose candidate model architectures | 2. Implement baseline model | 3. Define loss functions and evaluation metrics | 4. Set up experiment tracking (MLflow/W&B)
RDM_8F3302,PRJ_318478,4,Training & Optimization,1. Train baseline model and log results | 2. Perform hyperparameter tuning (grid/random/Bayesian search) | 3. Apply regularization and augmentation strategies | 4. Analyze learning curves and convergence
RDM_36D8EF,PRJ_318478,5,Evaluation & Ablation,1. Evaluate on held-out test set | 2. Conduct ablation studies for each component | 3. Compare with state-of-the-art benchmarks | 4. Perform error analysis on failure cases
RDM_AEFE5F,PRJ_318478,6,Deployment & Reporting,1. Package model as REST API (FastAPI/Flask) | 2. Containerize with Docker | 3. Write final report and create demo | 4. Publish code and model weights on GitHub
RDM_3DCE90,PRJ_918836,1,Literature Review,1. Perform systematic literature review | 2. Identify experimental and computational components | 3. Define hybrid methodology rationale
RDM_FFD5CA,PRJ_918836,2,Experimental Setup,1. Procure equipment and prepare lab setup | 2. Conduct preliminary experiments | 3. Collect baseline experimental data
RDM_C4A655,PRJ_918836,3,Computational Modeling,1. Develop simulation or ML model | 2. Calibrate model with experimental data | 3. Perform virtual parameter sweeps
RDM_239A9D,PRJ_918836,4,Integrated Analysis,1. Cross-validate experimental and computational results | 2. Identify discrepancies and perform root-cause analysis | 3. Optimize design based on integrated findings
RDM_59AC00,PRJ_918836,5,Validation,1. Conduct confirmatory experiments | 2. Benchmark against existing literature | 3. Document uncertainty and error bounds
RDM_1853EB,PRJ_918836,6,Reporting,1. Prepare final report combining both methodologies | 2. Submit to conference or journal | 3. Archive all artifacts
RDM_5E4ECF,PRJ_7AC9D5,1,Literature Review,1. Perform systematic literature review | 2. Identify experimental and computational components | 3. Define hybrid methodology rationale
RDM_9CB599,PRJ_7AC9D5,2,Experimental Setup,1. Procure equipment and prepare lab setup | 2. Conduct preliminary experiments | 3. Collect baseline experimental data
RDM_D26150,PRJ_7AC9D5,3,Computational Modeling,1. Develop simulation or ML model | 2. Calibrate model with experimental data | 3. Perform virtual parameter sweeps
RDM_AC6269,PRJ_7AC9D5,4,Integrated Analysis,1. Cross-validate experimental and computational results | 2. Identify discrepancies and perform root-cause analysis | 3. Optimize design based on integrated findings
RDM_7B372F,PRJ_7AC9D5,5,Validation,1. Conduct confirmatory experiments | 2. Benchmark against existing literature | 3. Document uncertainty and error bounds
RDM_955867,PRJ_7AC9D5,6,Reporting,1. Prepare final report combining both methodologies | 2. Submit to conference or journal | 3. Archive all artifacts
RDM_14EB18,PRJ_0F16CA,1,Problem Scoping & Literature Review,"1. Define problem formally with inputs, outputs, and objectives | 2. Review state-of-the-art models and benchmarks | 3. Identify datasets and evaluation metrics | 4. Prepare related work summary"
RDM_AB86B0,PRJ_0F16CA,2,Dataset Preparation,"1. Identify and download relevant public datasets | 2. Perform exploratory data analysis (EDA) | 3. Handle missing values, outliers, and class imbalance | 4. Split data into train/validation/test sets"
RDM_FC2CB6,PRJ_0F16CA,3,Model Architecture Design,1. Propose candidate model architectures | 2. Implement baseline model | 3. Define loss functions and evaluation metrics | 4. Set up experiment tracking (MLflow/W&B)
RDM_CE6A30,PRJ_0F16CA,4,Training & Optimization,1. Train baseline model and log results | 2. Perform hyperparameter tuning (grid/random/Bayesian search) | 3. Apply regularization and augmentation strategies | 4. Analyze learning curves and convergence
RDM_C7E3A2,PRJ_0F16CA,5,Evaluation & Ablation,1. Evaluate on held-out test set | 2. Conduct ablation studies for each component | 3. Compare with state-of-the-art benchmarks | 4. Perform error analysis on failure cases
RDM_FE45A2,PRJ_0F16CA,6,Deployment & Reporting,1. Package model as REST API (FastAPI/Flask) | 2. Containerize with Docker | 3. Write final report and create demo | 4. Publish code and model weights on GitHub
RDM_6F28B0,PRJ_5AA999,1,Literature Review,1. Perform systematic literature review | 2. Identify experimental and computational components | 3. Define hybrid methodology rationale
RDM_6FE537,PRJ_5AA999,2,Experimental Setup,1. Procure equipment and prepare lab setup | 2. Conduct preliminary experiments | 3. Collect baseline experimental data
RDM_3FBE9B,PRJ_5AA999,3,Computational Modeling,1. Develop simulation or ML model | 2. Calibrate model with experimental data | 3. Perform virtual parameter sweeps
RDM_8FCA64,PRJ_5AA999,4,Integrated Analysis,1. Cross-validate experimental and computational results | 2. Identify discrepancies and perform root-cause analysis | 3. Optimize design based on integrated findings
RDM_7BE455,PRJ_5AA999,5,Validation,1. Conduct confirmatory experiments | 2. Benchmark against existing literature | 3. Document uncertainty and error bounds
RDM_CC0C87,PRJ_5AA999,6,Reporting,1. Prepare final report combining both methodologies | 2. Submit to conference or journal | 3. Archive all artifacts
RDM_70427A,PRJ_0B97BF,1,Literature Review,1. Perform systematic literature review | 2. Identify experimental and computational components | 3. Define hybrid methodology rationale
RDM_B48C5C,PRJ_0B97BF,2,Experimental Setup,1. Procure equipment and prepare lab setup | 2. Conduct preliminary experiments | 3. Collect baseline experimental data
RDM_B8924D,PRJ_0B97BF,3,Computational Modeling,1. Develop simulation or ML model | 2. Calibrate model with experimental data | 3. Perform virtual parameter sweeps
RDM_A67E0F,PRJ_0B97BF,4,Integrated Analysis,1. Cross-validate experimental and computational results | 2. Identify discrepancies and perform root-cause analysis | 3. Optimize design based on integrated findings
RDM_7D1291,PRJ_0B97BF,5,Validation,1. Conduct confirmatory experiments | 2. Benchmark against existing literature | 3. Document uncertainty and error bounds
RDM_3F94C4,PRJ_0B97BF,6,Reporting,1. Prepare final report combining both methodologies | 2. Submit to conference or journal | 3. Archive all artifacts
RDM_89B416,PRJ_991966,1,Problem Scoping & Literature Review,"1. Define problem formally with inputs, outputs, and objectives | 2. Review state-of-the-art models and benchmarks | 3. Identify datasets and evaluation metrics | 4. Prepare related work summary"
RDM_DADD67,PRJ_991966,2,Dataset Preparation,"1. Identify and download relevant public datasets | 2. Perform exploratory data analysis (EDA) | 3. Handle missing values, outliers, and class imbalance | 4. Split data into train/validation/test sets"
RDM_C66F8D,PRJ_991966,3,Model Architecture Design,1. Propose candidate model architectures | 2. Implement baseline model | 3. Define loss functions and evaluation metrics | 4. Set up experiment tracking (MLflow/W&B)
RDM_F228C1,PRJ_991966,4,Training & Optimization,1. Train baseline model and log results | 2. Perform hyperparameter tuning (grid/random/Bayesian search) | 3. Apply regularization and augmentation strategies | 4. Analyze learning curves and convergence
RDM_F66C98,PRJ_991966,5,Evaluation & Ablation,1. Evaluate on held-out test set | 2. Conduct ablation studies for each component | 3. Compare with state-of-the-art benchmarks | 4. Perform error analysis on failure cases
RDM_AFDF44,PRJ_991966,6,Deployment & Reporting,1. Package model as REST API (FastAPI/Flask) | 2. Containerize with Docker | 3. Write final report and create demo | 4. Publish code and model weights on GitHub
RDM_CF69FE,PRJ_3A2773,1,Literature Review,1. Perform systematic literature review | 2. Identify experimental and computational components | 3. Define hybrid methodology rationale
RDM_D40E1F,PRJ_3A2773,2,Experimental Setup,1. Procure equipment and prepare lab setup | 2. Conduct preliminary experiments | 3. Collect baseline experimental data
RDM_570D04,PRJ_3A2773,3,Computational Modeling,1. Develop simulation or ML model | 2. Calibrate model with experimental data | 3. Perform virtual parameter sweeps
RDM_3B8BAC,PRJ_3A2773,4,Integrated Analysis,1. Cross-validate experimental and computational results | 2. Identify discrepancies and perform root-cause analysis | 3. Optimize design based on integrated findings
RDM_94A179,PRJ_3A2773,5,Validation,1. Conduct confirmatory experiments | 2. Benchmark against existing literature | 3. Document uncertainty and error bounds
RDM_C640CB,PRJ_3A2773,6,Reporting,1. Prepare final report combining both methodologies | 2. Submit to conference or journal | 3. Archive all artifacts
RDM_8B0607,PRJ_F47171,1,Problem Scoping & Literature Review,"1. Define problem formally with inputs, outputs, and objectives | 2. Review state-of-the-art models and benchmarks | 3. Identify datasets and evaluation metrics | 4. Prepare related work summary"
RDM_FB5DF3,PRJ_F47171,2,Dataset Preparation,"1. Identify and download relevant public datasets | 2. Perform exploratory data analysis (EDA) | 3. Handle missing values, outliers, and class imbalance | 4. Split data into train/validation/test sets"
RDM_8D5FE6,PRJ_F47171,3,Model Architecture Design,1. Propose candidate model architectures | 2. Implement baseline model | 3. Define loss functions and evaluation metrics | 4. Set up experiment tracking (MLflow/W&B)
RDM_5727CC,PRJ_F47171,4,Training & Optimization,1. Train baseline model and log results | 2. Perform hyperparameter tuning (grid/random/Bayesian search) | 3. Apply regularization and augmentation strategies | 4. Analyze learning curves and convergence
RDM_8DB045,PRJ_F47171,5,Evaluation & Ablation,1. Evaluate on held-out test set | 2. Conduct ablation studies for each component | 3. Compare with state-of-the-art benchmarks | 4. Perform error analysis on failure cases
RDM_035771,PRJ_F47171,6,Deployment & Reporting,1. Package model as REST API (FastAPI/Flask) | 2. Containerize with Docker | 3. Write final report and create demo | 4. Publish code and model weights on GitHub
RDM_3D83FC,PRJ_F3E7D0,1,Literature Review,1. Perform systematic literature review | 2. Identify experimental and computational components | 3. Define hybrid methodology rationale
RDM_6861BD,PRJ_F3E7D0,2,Experimental Setup,1. Procure equipment and prepare lab setup | 2. Conduct preliminary experiments | 3. Collect baseline experimental data
RDM_68D190,PRJ_F3E7D0,3,Computational Modeling,1. Develop simulation or ML model | 2. Calibrate model with experimental data | 3. Perform virtual parameter sweeps
RDM_66F2B1,PRJ_F3E7D0,4,Integrated Analysis,1. Cross-validate experimental and computational results | 2. Identify discrepancies and perform root-cause analysis | 3. Optimize design based on integrated findings
RDM_FE3CFD,PRJ_F3E7D0,5,Validation,1. Conduct confirmatory experiments | 2. Benchmark against existing literature | 3. Document uncertainty and error bounds
RDM_BE7F6C,PRJ_F3E7D0,6,Reporting,1. Prepare final report combining both methodologies | 2. Submit to conference or journal | 3. Archive all artifacts
RDM_F8DEEF,PRJ_FB3E33,1,Problem Scoping & Literature Review,"1. Define problem formally with inputs, outputs, and objectives | 2. Review state-of-the-art models and benchmarks | 3. Identify datasets and evaluation metrics | 4. Prepare related work summary"
RDM_A42219,PRJ_FB3E33,2,Dataset Preparation,"1. Identify and download relevant public datasets | 2. Perform exploratory data analysis (EDA) | 3. Handle missing values, outliers, and class imbalance | 4. Split data into train/validation/test sets"
RDM_55C260,PRJ_FB3E33,3,Model Architecture Design,1. Propose candidate model architectures | 2. Implement baseline model | 3. Define loss functions and evaluation metrics | 4. Set up experiment tracking (MLflow/W&B)
RDM_DD750C,PRJ_FB3E33,4,Training & Optimization,1. Train baseline model and log results | 2. Perform hyperparameter tuning (grid/random/Bayesian search) | 3. Apply regularization and augmentation strategies | 4. Analyze learning curves and convergence
RDM_54B795,PRJ_FB3E33,5,Evaluation & Ablation,1. Evaluate on held-out test set | 2. Conduct ablation studies for each component | 3. Compare with state-of-the-art benchmarks | 4. Perform error analysis on failure cases
RDM_FA46B2,PRJ_FB3E33,6,Deployment & Reporting,1. Package model as REST API (FastAPI/Flask) | 2. Containerize with Docker | 3. Write final report and create demo | 4. Publish code and model weights on GitHub
RDM_77D0B7,PRJ_12E040,1,Problem Scoping & Literature Review,"1. Define problem formally with inputs, outputs, and objectives | 2. Review state-of-the-art models and benchmarks | 3. Identify datasets and evaluation metrics | 4. Prepare related work summary"
RDM_D0752A,PRJ_12E040,2,Dataset Preparation,"1. Identify and download relevant public datasets | 2. Perform exploratory data analysis (EDA) | 3. Handle missing values, outliers, and class imbalance | 4. Split data into train/validation/test sets"
RDM_FE9053,PRJ_12E040,3,Model Architecture Design,1. Propose candidate model architectures | 2. Implement baseline model | 3. Define loss functions and evaluation metrics | 4. Set up experiment tracking (MLflow/W&B)
RDM_0A549F,PRJ_12E040,4,Training & Optimization,1. Train baseline model and log results | 2. Perform hyperparameter tuning (grid/random/Bayesian search) | 3. Apply regularization and augmentation strategies | 4. Analyze learning curves and convergence
RDM_300E0E,PRJ_12E040,5,Evaluation & Ablation,1. Evaluate on held-out test set | 2. Conduct ablation studies for each component | 3. Compare with state-of-the-art benchmarks | 4. Perform error analysis on failure cases
RDM_624CD5,PRJ_12E040,6,Deployment & Reporting,1. Package model as REST API (FastAPI/Flask) | 2. Containerize with Docker | 3. Write final report and create demo | 4. Publish code and model weights on GitHub
RDM_F228D7,PRJ_3B7632,1,Problem Scoping & Literature Review,"1. Define problem formally with inputs, outputs, and objectives | 2. Review state-of-the-art models and benchmarks | 3. Identify datasets and evaluation metrics | 4. Prepare related work summary"
RDM_5FE093,PRJ_3B7632,2,Dataset Preparation,"1. Identify and download relevant public datasets | 2. Perform exploratory data analysis (EDA) | 3. Handle missing values, outliers, and class imbalance | 4. Split data into train/validation/test sets"
RDM_D4EE14,PRJ_3B7632,3,Model Architecture Design,1. Propose candidate model architectures | 2. Implement baseline model | 3. Define loss functions and evaluation metrics | 4. Set up experiment tracking (MLflow/W&B)
RDM_D793DB,PRJ_3B7632,4,Training & Optimization,1. Train baseline model and log results | 2. Perform hyperparameter tuning (grid/random/Bayesian search) | 3. Apply regularization and augmentation strategies | 4. Analyze learning curves and convergence
RDM_2F2C44,PRJ_3B7632,5,Evaluation & Ablation,1. Evaluate on held-out test set | 2. Conduct ablation studies for each component | 3. Compare with state-of-the-art benchmarks | 4. Perform error analysis on failure cases
RDM_137F43,PRJ_3B7632,6,Deployment & Reporting,1. Package model as REST API (FastAPI/Flask) | 2. Containerize with Docker | 3. Write final report and create demo | 4. Publish code and model weights on GitHub
RDM_C0545A,PRJ_5805E3,1,Problem Scoping & Literature Review,"1. Define problem formally with inputs, outputs, and objectives | 2. Review state-of-the-art models and benchmarks | 3. Identify datasets and evaluation metrics | 4. Prepare related work summary"
RDM_9C6F1F,PRJ_5805E3,2,Dataset Preparation,"1. Identify and download relevant public datasets | 2. Perform exploratory data analysis (EDA) | 3. Handle missing values, outliers, and class imbalance | 4. Split data into train/validation/test sets"
RDM_824DC2,PRJ_5805E3,3,Model Architecture Design,1. Propose candidate model architectures | 2. Implement baseline model | 3. Define loss functions and evaluation metrics | 4. Set up experiment tracking (MLflow/W&B)
RDM_4A4C42,PRJ_5805E3,4,Training & Optimization,1. Train baseline model and log results | 2. Perform hyperparameter tuning (grid/random/Bayesian search) | 3. Apply regularization and augmentation strategies | 4. Analyze learning curves and convergence
RDM_4380AF,PRJ_5805E3,5,Evaluation & Ablation,1. Evaluate on held-out test set | 2. Conduct ablation studies for each component | 3. Compare with state-of-the-art benchmarks | 4. Perform error analysis on failure cases
RDM_52DF68,PRJ_5805E3,6,Deployment & Reporting,1. Package model as REST API (FastAPI/Flask) | 2. Containerize with Docker | 3. Write final report and create demo | 4. Publish code and model weights on GitHub
RDM_E3AA13,PRJ_434420,1,Literature Review,1. Perform systematic literature review | 2. Identify experimental and computational components | 3. Define hybrid methodology rationale
RDM_EAE91C,PRJ_434420,2,Experimental Setup,1. Procure equipment and prepare lab setup | 2. Conduct preliminary experiments | 3. Collect baseline experimental data
RDM_F28329,PRJ_434420,3,Computational Modeling,1. Develop simulation or ML model | 2. Calibrate model with experimental data | 3. Perform virtual parameter sweeps
RDM_E3F47D,PRJ_434420,4,Integrated Analysis,1. Cross-validate experimental and computational results | 2. Identify discrepancies and perform root-cause analysis | 3. Optimize design based on integrated findings
RDM_E36D17,PRJ_434420,5,Validation,1. Conduct confirmatory experiments | 2. Benchmark against existing literature | 3. Document uncertainty and error bounds
RDM_5C798D,PRJ_434420,6,Reporting,1. Prepare final report combining both methodologies | 2. Submit to conference or journal | 3. Archive all artifacts
RDM_EBFD16,PRJ_D4626E,1,Problem Scoping & Literature Review,"1. Define problem formally with inputs, outputs, and objectives | 2. Review state-of-the-art models and benchmarks | 3. Identify datasets and evaluation metrics | 4. Prepare related work summary"
RDM_05A3C5,PRJ_D4626E,2,Dataset Preparation,"1. Identify and download relevant public datasets | 2. Perform exploratory data analysis (EDA) | 3. Handle missing values, outliers, and class imbalance | 4. Split data into train/validation/test sets"
RDM_47B9AC,PRJ_D4626E,3,Model Architecture Design,1. Propose candidate model architectures | 2. Implement baseline model | 3. Define loss functions and evaluation metrics | 4. Set up experiment tracking (MLflow/W&B)
RDM_B5775A,PRJ_D4626E,4,Training & Optimization,1. Train baseline model and log results | 2. Perform hyperparameter tuning (grid/random/Bayesian search) | 3. Apply regularization and augmentation strategies | 4. Analyze learning curves and convergence
RDM_9FC4FB,PRJ_D4626E,5,Evaluation & Ablation,1. Evaluate on held-out test set | 2. Conduct ablation studies for each component | 3. Compare with state-of-the-art benchmarks | 4. Perform error analysis on failure cases
RDM_5C8DDD,PRJ_D4626E,6,Deployment & Reporting,1. Package model as REST API (FastAPI/Flask) | 2. Containerize with Docker | 3. Write final report and create demo | 4. Publish code and model weights on GitHub
RDM_B216FD,PRJ_B748C4,1,Problem Scoping & Literature Review,"1. Define problem formally with inputs, outputs, and objectives | 2. Review state-of-the-art models and benchmarks | 3. Identify datasets and evaluation metrics | 4. Prepare related work summary"
RDM_9573F0,PRJ_B748C4,2,Dataset Preparation,"1. Identify and download relevant public datasets | 2. Perform exploratory data analysis (EDA) | 3. Handle missing values, outliers, and class imbalance | 4. Split data into train/validation/test sets"
RDM_5BCF61,PRJ_B748C4,3,Model Architecture Design,1. Propose candidate model architectures | 2. Implement baseline model | 3. Define loss functions and evaluation metrics | 4. Set up experiment tracking (MLflow/W&B)
RDM_7E95AE,PRJ_B748C4,4,Training & Optimization,1. Train baseline model and log results | 2. Perform hyperparameter tuning (grid/random/Bayesian search) | 3. Apply regularization and augmentation strategies | 4. Analyze learning curves and convergence
RDM_C08F07,PRJ_B748C4,5,Evaluation & Ablation,1. Evaluate on held-out test set | 2. Conduct ablation studies for each component | 3. Compare with state-of-the-art benchmarks | 4. Perform error analysis on failure cases
RDM_4F5C80,PRJ_B748C4,6,Deployment & Reporting,1. Package model as REST API (FastAPI/Flask) | 2. Containerize with Docker | 3. Write final report and create demo | 4. Publish code and model weights on GitHub
RDM_CE816F,PRJ_AAFA61,1,Problem Scoping & Literature Review,"1. Define problem formally with inputs, outputs, and objectives | 2. Review state-of-the-art models and benchmarks | 3. Identify datasets and evaluation metrics | 4. Prepare related work summary"
RDM_A92844,PRJ_AAFA61,2,Dataset Preparation,"1. Identify and download relevant public datasets | 2. Perform exploratory data analysis (EDA) | 3. Handle missing values, outliers, and class imbalance | 4. Split data into train/validation/test sets"
RDM_27AEFE,PRJ_AAFA61,3,Model Architecture Design,1. Propose candidate model architectures | 2. Implement baseline model | 3. Define loss functions and evaluation metrics | 4. Set up experiment tracking (MLflow/W&B)
RDM_A48437,PRJ_AAFA61,4,Training & Optimization,1. Train baseline model and log results | 2. Perform hyperparameter tuning (grid/random/Bayesian search) | 3. Apply regularization and augmentation strategies | 4. Analyze learning curves and convergence
RDM_93C419,PRJ_AAFA61,5,Evaluation & Ablation,1. Evaluate on held-out test set | 2. Conduct ablation studies for each component | 3. Compare with state-of-the-art benchmarks | 4. Perform error analysis on failure cases
RDM_38CDE2,PRJ_AAFA61,6,Deployment & Reporting,1. Package model as REST API (FastAPI/Flask) | 2. Containerize with Docker | 3. Write final report and create demo | 4. Publish code and model weights on GitHub
RDM_B452DE,PRJ_EC87DE,1,Literature Review,1. Perform systematic literature review | 2. Identify experimental and computational components | 3. Define hybrid methodology rationale
RDM_5CBD65,PRJ_EC87DE,2,Experimental Setup,1. Procure equipment and prepare lab setup | 2. Conduct preliminary experiments | 3. Collect baseline experimental data
RDM_E3C620,PRJ_EC87DE,3,Computational Modeling,1. Develop simulation or ML model | 2. Calibrate model with experimental data | 3. Perform virtual parameter sweeps
RDM_3594DF,PRJ_EC87DE,4,Integrated Analysis,1. Cross-validate experimental and computational results | 2. Identify discrepancies and perform root-cause analysis | 3. Optimize design based on integrated findings
RDM_85389F,PRJ_EC87DE,5,Validation,1. Conduct confirmatory experiments | 2. Benchmark against existing literature | 3. Document uncertainty and error bounds
RDM_A101D1,PRJ_EC87DE,6,Reporting,1. Prepare final report combining both methodologies | 2. Submit to conference or journal | 3. Archive all artifacts
RDM_5D3756,PRJ_A9EFCB,1,Problem Scoping & Literature Review,"1. Define problem formally with inputs, outputs, and objectives | 2. Review state-of-the-art models and benchmarks | 3. Identify datasets and evaluation metrics | 4. Prepare related work summary"
RDM_8150E0,PRJ_A9EFCB,2,Dataset Preparation,"1. Identify and download relevant public datasets | 2. Perform exploratory data analysis (EDA) | 3. Handle missing values, outliers, and class imbalance | 4. Split data into train/validation/test sets"
RDM_8681BB,PRJ_A9EFCB,3,Model Architecture Design,1. Propose candidate model architectures | 2. Implement baseline model | 3. Define loss functions and evaluation metrics | 4. Set up experiment tracking (MLflow/W&B)
RDM_7C2AE2,PRJ_A9EFCB,4,Training & Optimization,1. Train baseline model and log results | 2. Perform hyperparameter tuning (grid/random/Bayesian search) | 3. Apply regularization and augmentation strategies | 4. Analyze learning curves and convergence
RDM_79B739,PRJ_A9EFCB,5,Evaluation & Ablation,1. Evaluate on held-out test set | 2. Conduct ablation studies for each component | 3. Compare with state-of-the-art benchmarks | 4. Perform error analysis on failure cases
RDM_3CE918,PRJ_A9EFCB,6,Deployment & Reporting,1. Package model as REST API (FastAPI/Flask) | 2. Containerize with Docker | 3. Write final report and create demo | 4. Publish code and model weights on GitHub
RDM_A2B03D,PRJ_44EC3B,1,Literature Review,1. Perform systematic literature review | 2. Identify experimental and computational components | 3. Define hybrid methodology rationale
RDM_3BFA17,PRJ_44EC3B,2,Experimental Setup,1. Procure equipment and prepare lab setup | 2. Conduct preliminary experiments | 3. Collect baseline experimental data
RDM_802993,PRJ_44EC3B,3,Computational Modeling,1. Develop simulation or ML model | 2. Calibrate model with experimental data | 3. Perform virtual parameter sweeps
RDM_A0ED79,PRJ_44EC3B,4,Integrated Analysis,1. Cross-validate experimental and computational results | 2. Identify discrepancies and perform root-cause analysis | 3. Optimize design based on integrated findings
RDM_2F26E5,PRJ_44EC3B,5,Validation,1. Conduct confirmatory experiments | 2. Benchmark against existing literature | 3. Document uncertainty and error bounds
RDM_B4C08B,PRJ_44EC3B,6,Reporting,1. Prepare final report combining both methodologies | 2. Submit to conference or journal | 3. Archive all artifacts
RDM_4EE9E8,PRJ_A9F673,1,Literature Review,1. Perform systematic literature review | 2. Identify experimental and computational components | 3. Define hybrid methodology rationale
RDM_114318,PRJ_A9F673,2,Experimental Setup,1. Procure equipment and prepare lab setup | 2. Conduct preliminary experiments | 3. Collect baseline experimental data
RDM_905800,PRJ_A9F673,3,Computational Modeling,1. Develop simulation or ML model | 2. Calibrate model with experimental data | 3. Perform virtual parameter sweeps
RDM_FBF317,PRJ_A9F673,4,Integrated Analysis,1. Cross-validate experimental and computational results | 2. Identify discrepancies and perform root-cause analysis | 3. Optimize design based on integrated findings
RDM_4CD90C,PRJ_A9F673,5,Validation,1. Conduct confirmatory experiments | 2. Benchmark against existing literature | 3. Document uncertainty and error bounds
RDM_2CDE75,PRJ_A9F673,6,Reporting,1. Prepare final report combining both methodologies | 2. Submit to conference or journal | 3. Archive all artifacts
RDM_04DDE6,PRJ_97F8E9,1,Problem Scoping & Literature Review,"1. Define problem formally with inputs, outputs, and objectives | 2. Review state-of-the-art models and benchmarks | 3. Identify datasets and evaluation metrics | 4. Prepare related work summary"
RDM_46A3F8,PRJ_97F8E9,2,Dataset Preparation,"1. Identify and download relevant public datasets | 2. Perform exploratory data analysis (EDA) | 3. Handle missing values, outliers, and class imbalance | 4. Split data into train/validation/test sets"
RDM_DC617B,PRJ_97F8E9,3,Model Architecture Design,1. Propose candidate model architectures | 2. Implement baseline model | 3. Define loss functions and evaluation metrics | 4. Set up experiment tracking (MLflow/W&B)
RDM_5A5980,PRJ_97F8E9,4,Training & Optimization,1. Train baseline model and log results | 2. Perform hyperparameter tuning (grid/random/Bayesian search) | 3. Apply regularization and augmentation strategies | 4. Analyze learning curves and convergence
RDM_1C86A3,PRJ_97F8E9,5,Evaluation & Ablation,1. Evaluate on held-out test set | 2. Conduct ablation studies for each component | 3. Compare with state-of-the-art benchmarks | 4. Perform error analysis on failure cases
RDM_D813A6,PRJ_97F8E9,6,Deployment & Reporting,1. Package model as REST API (FastAPI/Flask) | 2. Containerize with Docker | 3. Write final report and create demo | 4. Publish code and model weights on GitHub
RDM_3B3AD1,PRJ_E64DD2,1,Problem Scoping & Literature Review,"1. Define problem formally with inputs, outputs, and objectives | 2. Review state-of-the-art models and benchmarks | 3. Identify datasets and evaluation metrics | 4. Prepare related work summary"
RDM_50846C,PRJ_E64DD2,2,Dataset Preparation,"1. Identify and download relevant public datasets | 2. Perform exploratory data analysis (EDA) | 3. Handle missing values, outliers, and class imbalance | 4. Split data into train/validation/test sets"
RDM_5A327B,PRJ_E64DD2,3,Model Architecture Design,1. Propose candidate model architectures | 2. Implement baseline model | 3. Define loss functions and evaluation metrics | 4. Set up experiment tracking (MLflow/W&B)
RDM_23DB79,PRJ_E64DD2,4,Training & Optimization,1. Train baseline model and log results | 2. Perform hyperparameter tuning (grid/random/Bayesian search) | 3. Apply regularization and augmentation strategies | 4. Analyze learning curves and convergence
RDM_43D067,PRJ_E64DD2,5,Evaluation & Ablation,1. Evaluate on held-out test set | 2. Conduct ablation studies for each component | 3. Compare with state-of-the-art benchmarks | 4. Perform error analysis on failure cases
RDM_AFB716,PRJ_E64DD2,6,Deployment & Reporting,1. Package model as REST API (FastAPI/Flask) | 2. Containerize with Docker | 3. Write final report and create demo | 4. Publish code and model weights on GitHub
RDM_9BEEA6,PRJ_89EEFD,1,Literature Review,1. Perform systematic literature review | 2. Identify experimental and computational components | 3. Define hybrid methodology rationale
RDM_C5BB8F,PRJ_89EEFD,2,Experimental Setup,1. Procure equipment and prepare lab setup | 2. Conduct preliminary experiments | 3. Collect baseline experimental data
RDM_1A9AB8,PRJ_89EEFD,3,Computational Modeling,1. Develop simulation or ML model | 2. Calibrate model with experimental data | 3. Perform virtual parameter sweeps
RDM_09CF6D,PRJ_89EEFD,4,Integrated Analysis,1. Cross-validate experimental and computational results | 2. Identify discrepancies and perform root-cause analysis | 3. Optimize design based on integrated findings
RDM_383090,PRJ_89EEFD,5,Validation,1. Conduct confirmatory experiments | 2. Benchmark against existing literature | 3. Document uncertainty and error bounds
RDM_F548AF,PRJ_89EEFD,6,Reporting,1. Prepare final report combining both methodologies | 2. Submit to conference or journal | 3. Archive all artifacts
RDM_B7D1EC,PRJ_7480DD,1,Problem Scoping & Literature Review,"1. Define problem formally with inputs, outputs, and objectives | 2. Review state-of-the-art models and benchmarks | 3. Identify datasets and evaluation metrics | 4. Prepare related work summary"
RDM_B65F5A,PRJ_7480DD,2,Dataset Preparation,"1. Identify and download relevant public datasets | 2. Perform exploratory data analysis (EDA) | 3. Handle missing values, outliers, and class imbalance | 4. Split data into train/validation/test sets"
RDM_2B12F6,PRJ_7480DD,3,Model Architecture Design,1. Propose candidate model architectures | 2. Implement baseline model | 3. Define loss functions and evaluation metrics | 4. Set up experiment tracking (MLflow/W&B)
RDM_46A03B,PRJ_7480DD,4,Training & Optimization,1. Train baseline model and log results | 2. Perform hyperparameter tuning (grid/random/Bayesian search) | 3. Apply regularization and augmentation strategies | 4. Analyze learning curves and convergence
RDM_D1DCDA,PRJ_7480DD,5,Evaluation & Ablation,1. Evaluate on held-out test set | 2. Conduct ablation studies for each component | 3. Compare with state-of-the-art benchmarks | 4. Perform error analysis on failure cases
RDM_7367F3,PRJ_7480DD,6,Deployment & Reporting,1. Package model as REST API (FastAPI/Flask) | 2. Containerize with Docker | 3. Write final report and create demo | 4. Publish code and model weights on GitHub
RDM_897354,PRJ_9F84C6,1,Literature Review,1. Perform systematic literature review | 2. Identify experimental and computational components | 3. Define hybrid methodology rationale
RDM_983D78,PRJ_9F84C6,2,Experimental Setup,1. Procure equipment and prepare lab setup | 2. Conduct preliminary experiments | 3. Collect baseline experimental data
RDM_0DCA00,PRJ_9F84C6,3,Computational Modeling,1. Develop simulation or ML model | 2. Calibrate model with experimental data | 3. Perform virtual parameter sweeps
RDM_C35F3F,PRJ_9F84C6,4,Integrated Analysis,1. Cross-validate experimental and computational results | 2. Identify discrepancies and perform root-cause analysis | 3. Optimize design based on integrated findings
RDM_418E38,PRJ_9F84C6,5,Validation,1. Conduct confirmatory experiments | 2. Benchmark against existing literature | 3. Document uncertainty and error bounds
RDM_36D22C,PRJ_9F84C6,6,Reporting,1. Prepare final report combining both methodologies | 2. Submit to conference or journal | 3. Archive all artifacts
RDM_B79FE6,PRJ_D9A7D0,1,Literature Review,1. Perform systematic literature review | 2. Identify experimental and computational components | 3. Define hybrid methodology rationale
RDM_64E64C,PRJ_D9A7D0,2,Experimental Setup,1. Procure equipment and prepare lab setup | 2. Conduct preliminary experiments | 3. Collect baseline experimental data
RDM_21140F,PRJ_D9A7D0,3,Computational Modeling,1. Develop simulation or ML model | 2. Calibrate model with experimental data | 3. Perform virtual parameter sweeps
RDM_2FDA9E,PRJ_D9A7D0,4,Integrated Analysis,1. Cross-validate experimental and computational results | 2. Identify discrepancies and perform root-cause analysis | 3. Optimize design based on integrated findings
RDM_D22931,PRJ_D9A7D0,5,Validation,1. Conduct confirmatory experiments | 2. Benchmark against existing literature | 3. Document uncertainty and error bounds
RDM_BFAF61,PRJ_D9A7D0,6,Reporting,1. Prepare final report combining both methodologies | 2. Submit to conference or journal | 3. Archive all artifacts
RDM_BF732A,PRJ_9DEBA8,1,Literature Review,1. Perform systematic literature review | 2. Identify experimental and computational components | 3. Define hybrid methodology rationale
RDM_B9363D,PRJ_9DEBA8,2,Experimental Setup,1. Procure equipment and prepare lab setup | 2. Conduct preliminary experiments | 3. Collect baseline experimental data
RDM_0DDBC5,PRJ_9DEBA8,3,Computational Modeling,1. Develop simulation or ML model | 2. Calibrate model with experimental data | 3. Perform virtual parameter sweeps
RDM_E0AAA0,PRJ_9DEBA8,4,Integrated Analysis,1. Cross-validate experimental and computational results | 2. Identify discrepancies and perform root-cause analysis | 3. Optimize design based on integrated findings
RDM_8D187D,PRJ_9DEBA8,5,Validation,1. Conduct confirmatory experiments | 2. Benchmark against existing literature | 3. Document uncertainty and error bounds
RDM_10267C,PRJ_9DEBA8,6,Reporting,1. Prepare final report combining both methodologies | 2. Submit to conference or journal | 3. Archive all artifacts
RDM_A78BAA,PRJ_33D02D,1,Problem Scoping & Literature Review,"1. Define problem formally with inputs, outputs, and objectives | 2. Review state-of-the-art models and benchmarks | 3. Identify datasets and evaluation metrics | 4. Prepare related work summary"
RDM_962BF1,PRJ_33D02D,2,Dataset Preparation,"1. Identify and download relevant public datasets | 2. Perform exploratory data analysis (EDA) | 3. Handle missing values, outliers, and class imbalance | 4. Split data into train/validation/test sets"
RDM_6DA3FD,PRJ_33D02D,3,Model Architecture Design,1. Propose candidate model architectures | 2. Implement baseline model | 3. Define loss functions and evaluation metrics | 4. Set up experiment tracking (MLflow/W&B)
RDM_900643,PRJ_33D02D,4,Training & Optimization,1. Train baseline model and log results | 2. Perform hyperparameter tuning (grid/random/Bayesian search) | 3. Apply regularization and augmentation strategies | 4. Analyze learning curves and convergence
RDM_BBE8D4,PRJ_33D02D,5,Evaluation & Ablation,1. Evaluate on held-out test set | 2. Conduct ablation studies for each component | 3. Compare with state-of-the-art benchmarks | 4. Perform error analysis on failure cases
RDM_5CC480,PRJ_33D02D,6,Deployment & Reporting,1. Package model as REST API (FastAPI/Flask) | 2. Containerize with Docker | 3. Write final report and create demo | 4. Publish code and model weights on GitHub
RDM_B4B9AE,PRJ_A3361C,1,Problem Scoping & Literature Review,"1. Define problem formally with inputs, outputs, and objectives | 2. Review state-of-the-art models and benchmarks | 3. Identify datasets and evaluation metrics | 4. Prepare related work summary"
RDM_9023E6,PRJ_A3361C,2,Dataset Preparation,"1. Identify and download relevant public datasets | 2. Perform exploratory data analysis (EDA) | 3. Handle missing values, outliers, and class imbalance | 4. Split data into train/validation/test sets"
RDM_63DA79,PRJ_A3361C,3,Model Architecture Design,1. Propose candidate model architectures | 2. Implement baseline model | 3. Define loss functions and evaluation metrics | 4. Set up experiment tracking (MLflow/W&B)
RDM_D649EE,PRJ_A3361C,4,Training & Optimization,1. Train baseline model and log results | 2. Perform hyperparameter tuning (grid/random/Bayesian search) | 3. Apply regularization and augmentation strategies | 4. Analyze learning curves and convergence
RDM_3F6EE0,PRJ_A3361C,5,Evaluation & Ablation,1. Evaluate on held-out test set | 2. Conduct ablation studies for each component | 3. Compare with state-of-the-art benchmarks | 4. Perform error analysis on failure cases
RDM_FA7AD3,PRJ_A3361C,6,Deployment & Reporting,1. Package model as REST API (FastAPI/Flask) | 2. Containerize with Docker | 3. Write final report and create demo | 4. Publish code and model weights on GitHub
RDM_DAACD5,PRJ_A298DC,1,Problem Scoping & Literature Review,"1. Define problem formally with inputs, outputs, and objectives | 2. Review state-of-the-art models and benchmarks | 3. Identify datasets and evaluation metrics | 4. Prepare related work summary"
RDM_B05ED1,PRJ_A298DC,2,Dataset Preparation,"1. Identify and download relevant public datasets | 2. Perform exploratory data analysis (EDA) | 3. Handle missing values, outliers, and class imbalance | 4. Split data into train/validation/test sets"
RDM_3F2D0B,PRJ_A298DC,3,Model Architecture Design,1. Propose candidate model architectures | 2. Implement baseline model | 3. Define loss functions and evaluation metrics | 4. Set up experiment tracking (MLflow/W&B)
RDM_FE6C6A,PRJ_A298DC,4,Training & Optimization,1. Train baseline model and log results | 2. Perform hyperparameter tuning (grid/random/Bayesian search) | 3. Apply regularization and augmentation strategies | 4. Analyze learning curves and convergence
RDM_B4468E,PRJ_A298DC,5,Evaluation & Ablation,1. Evaluate on held-out test set | 2. Conduct ablation studies for each component | 3. Compare with state-of-the-art benchmarks | 4. Perform error analysis on failure cases
RDM_97F4CB,PRJ_A298DC,6,Deployment & Reporting,1. Package model as REST API (FastAPI/Flask) | 2. Containerize with Docker | 3. Write final report and create demo | 4. Publish code and model weights on GitHub
RDM_C54119,PRJ_5EAE57,1,Problem Scoping & Literature Review,"1. Define problem formally with inputs, outputs, and objectives | 2. Review state-of-the-art models and benchmarks | 3. Identify datasets and evaluation metrics | 4. Prepare related work summary"
RDM_9F854B,PRJ_5EAE57,2,Dataset Preparation,"1. Identify and download relevant public datasets | 2. Perform exploratory data analysis (EDA) | 3. Handle missing values, outliers, and class imbalance | 4. Split data into train/validation/test sets"
RDM_E9BAB1,PRJ_5EAE57,3,Model Architecture Design,1. Propose candidate model architectures | 2. Implement baseline model | 3. Define loss functions and evaluation metrics | 4. Set up experiment tracking (MLflow/W&B)
RDM_FD3681,PRJ_5EAE57,4,Training & Optimization,1. Train baseline model and log results | 2. Perform hyperparameter tuning (grid/random/Bayesian search) | 3. Apply regularization and augmentation strategies | 4. Analyze learning curves and convergence
RDM_0A44B3,PRJ_5EAE57,5,Evaluation & Ablation,1. Evaluate on held-out test set | 2. Conduct ablation studies for each component | 3. Compare with state-of-the-art benchmarks | 4. Perform error analysis on failure cases
RDM_A2EDFB,PRJ_5EAE57,6,Deployment & Reporting,1. Package model as REST API (FastAPI/Flask) | 2. Containerize with Docker | 3. Write final report and create demo | 4. Publish code and model weights on GitHub
RDM_DFA1E3,PRJ_6076D7,1,Problem Scoping & Literature Review,"1. Define problem formally with inputs, outputs, and objectives | 2. Review state-of-the-art models and benchmarks | 3. Identify datasets and evaluation metrics | 4. Prepare related work summary"
RDM_A5B2DC,PRJ_6076D7,2,Dataset Preparation,"1. Identify and download relevant public datasets | 2. Perform exploratory data analysis (EDA) | 3. Handle missing values, outliers, and class imbalance | 4. Split data into train/validation/test sets"
RDM_5C373A,PRJ_6076D7,3,Model Architecture Design,1. Propose candidate model architectures | 2. Implement baseline model | 3. Define loss functions and evaluation metrics | 4. Set up experiment tracking (MLflow/W&B)
RDM_852F90,PRJ_6076D7,4,Training & Optimization,1. Train baseline model and log results | 2. Perform hyperparameter tuning (grid/random/Bayesian search) | 3. Apply regularization and augmentation strategies | 4. Analyze learning curves and convergence
RDM_32EA7E,PRJ_6076D7,5,Evaluation & Ablation,1. Evaluate on held-out test set | 2. Conduct ablation studies for each component | 3. Compare with state-of-the-art benchmarks | 4. Perform error analysis on failure cases
RDM_0E1CCF,PRJ_6076D7,6,Deployment & Reporting,1. Package model as REST API (FastAPI/Flask) | 2. Containerize with Docker | 3. Write final report and create demo | 4. Publish code and model weights on GitHub
RDM_66E012,PRJ_FCDF1C,1,Literature Review,1. Perform systematic literature review | 2. Identify experimental and computational components | 3. Define hybrid methodology rationale
RDM_FC26F7,PRJ_FCDF1C,2,Experimental Setup,1. Procure equipment and prepare lab setup | 2. Conduct preliminary experiments | 3. Collect baseline experimental data
RDM_095F15,PRJ_FCDF1C,3,Computational Modeling,1. Develop simulation or ML model | 2. Calibrate model with experimental data | 3. Perform virtual parameter sweeps
RDM_4CEF50,PRJ_FCDF1C,4,Integrated Analysis,1. Cross-validate experimental and computational results | 2. Identify discrepancies and perform root-cause analysis | 3. Optimize design based on integrated findings
RDM_E6E928,PRJ_FCDF1C,5,Validation,1. Conduct confirmatory experiments | 2. Benchmark against existing literature | 3. Document uncertainty and error bounds
RDM_678923,PRJ_FCDF1C,6,Reporting,1. Prepare final report combining both methodologies | 2. Submit to conference or journal | 3. Archive all artifacts
RDM_D7F2AE,PRJ_ABEDC6,1,Literature Review,1. Perform systematic literature review | 2. Identify experimental and computational components | 3. Define hybrid methodology rationale
RDM_CA3AC6,PRJ_ABEDC6,2,Experimental Setup,1. Procure equipment and prepare lab setup | 2. Conduct preliminary experiments | 3. Collect baseline experimental data
RDM_8B752E,PRJ_ABEDC6,3,Computational Modeling,1. Develop simulation or ML model | 2. Calibrate model with experimental data | 3. Perform virtual parameter sweeps
RDM_76844A,PRJ_ABEDC6,4,Integrated Analysis,1. Cross-validate experimental and computational results | 2. Identify discrepancies and perform root-cause analysis | 3. Optimize design based on integrated findings
RDM_7E100A,PRJ_ABEDC6,5,Validation,1. Conduct confirmatory experiments | 2. Benchmark against existing literature | 3. Document uncertainty and error bounds
RDM_CF00A5,PRJ_ABEDC6,6,Reporting,1. Prepare final report combining both methodologies | 2. Submit to conference or journal | 3. Archive all artifacts
RDM_C582A0,PRJ_81F09B,1,Literature Review & Problem Formulation,1. Conduct systematic literature review on topic | 2. Identify research gaps and define problem statement | 3. Prepare literature review document (min 30 papers) | 4. Define hypothesis and success criteria
RDM_B0DA13,PRJ_81F09B,2,Design & Procurement,1. Finalize system architecture and block diagram | 2. Prepare Bill of Materials (BoM) | 3. Procure equipment and consumables | 4. Set up experimental workspace and safety protocols
RDM_7C59D8,PRJ_81F09B,3,Prototype Development,1. Assemble hardware components | 2. Develop initial firmware/software | 3. Perform bench-level unit tests | 4. Document assembly and calibration procedure
RDM_0A7A46,PRJ_81F09B,4,Data Collection,1. Design data collection protocol | 2. Run controlled experiments with replication | 3. Log raw data with timestamps | 4. Perform initial quality check on collected data
RDM_626543,PRJ_81F09B,5,Analysis & Modeling,1. Clean and preprocess collected data | 2. Apply statistical/ML models | 3. Visualize results and generate insights | 4. Conduct sensitivity analysis
RDM_E95CDB,PRJ_81F09B,6,Validation & Testing,"1. Compare results against baseline or benchmarks | 2. Conduct blind validation experiments | 3. Document accuracy, precision, recall metrics | 4. Identify failure modes and limitations"
RDM_E59A40,PRJ_81F09B,7,Reporting & Dissemination,"1. Write final project report | 2. Prepare journal/conference manuscript | 3. Create poster or demo presentation | 4. Archive code, data, and documentation on GitHub/Zenodo"
RDM_A37028,PRJ_7D1736,1,Literature Review,1. Perform systematic literature review | 2. Identify experimental and computational components | 3. Define hybrid methodology rationale
RDM_C9B184,PRJ_7D1736,2,Experimental Setup,1. Procure equipment and prepare lab setup | 2. Conduct preliminary experiments | 3. Collect baseline experimental data
RDM_62461A,PRJ_7D1736,3,Computational Modeling,1. Develop simulation or ML model | 2. Calibrate model with experimental data | 3. Perform virtual parameter sweeps
RDM_459716,PRJ_7D1736,4,Integrated Analysis,1. Cross-validate experimental and computational results | 2. Identify discrepancies and perform root-cause analysis | 3. Optimize design based on integrated findings
RDM_F64226,PRJ_7D1736,5,Validation,1. Conduct confirmatory experiments | 2. Benchmark against existing literature | 3. Document uncertainty and error bounds
RDM_EBF32B,PRJ_7D1736,6,Reporting,1. Prepare final report combining both methodologies | 2. Submit to conference or journal | 3. Archive all artifacts
RDM_7B172C,PRJ_00D883,1,Literature Review & Problem Formulation,1. Conduct systematic literature review on topic | 2. Identify research gaps and define problem statement | 3. Prepare literature review document (min 30 papers) | 4. Define hypothesis and success criteria
RDM_32756B,PRJ_00D883,2,Design & Procurement,1. Finalize system architecture and block diagram | 2. Prepare Bill of Materials (BoM) | 3. Procure equipment and consumables | 4. Set up experimental workspace and safety protocols
RDM_B0F778,PRJ_00D883,3,Prototype Development,1. Assemble hardware components | 2. Develop initial firmware/software | 3. Perform bench-level unit tests | 4. Document assembly and calibration procedure
RDM_1491C7,PRJ_00D883,4,Data Collection,1. Design data collection protocol | 2. Run controlled experiments with replication | 3. Log raw data with timestamps | 4. Perform initial quality check on collected data
RDM_1376C8,PRJ_00D883,5,Analysis & Modeling,1. Clean and preprocess collected data | 2. Apply statistical/ML models | 3. Visualize results and generate insights | 4. Conduct sensitivity analysis
RDM_48D3F6,PRJ_00D883,6,Validation & Testing,"1. Compare results against baseline or benchmarks | 2. Conduct blind validation experiments | 3. Document accuracy, precision, recall metrics | 4. Identify failure modes and limitations"
RDM_1D9707,PRJ_00D883,7,Reporting & Dissemination,"1. Write final project report | 2. Prepare journal/conference manuscript | 3. Create poster or demo presentation | 4. Archive code, data, and documentation on GitHub/Zenodo"
RDM_0120D6,PRJ_B0D19E,1,Literature Review & Problem Formulation,1. Conduct systematic literature review on topic | 2. Identify research gaps and define problem statement | 3. Prepare literature review document (min 30 papers) | 4. Define hypothesis and success criteria
RDM_576907,PRJ_B0D19E,2,Design & Procurement,1. Finalize system architecture and block diagram | 2. Prepare Bill of Materials (BoM) | 3. Procure equipment and consumables | 4. Set up experimental workspace and safety protocols
RDM_49A38A,PRJ_B0D19E,3,Prototype Development,1. Assemble hardware components | 2. Develop initial firmware/software | 3. Perform bench-level unit tests | 4. Document assembly and calibration procedure
RDM_2CAE90,PRJ_B0D19E,4,Data Collection,1. Design data collection protocol | 2. Run controlled experiments with replication | 3. Log raw data with timestamps | 4. Perform initial quality check on collected data
RDM_56E6E1,PRJ_B0D19E,5,Analysis & Modeling,1. Clean and preprocess collected data | 2. Apply statistical/ML models | 3. Visualize results and generate insights | 4. Conduct sensitivity analysis
RDM_E8861A,PRJ_B0D19E,6,Validation & Testing,"1. Compare results against baseline or benchmarks | 2. Conduct blind validation experiments | 3. Document accuracy, precision, recall metrics | 4. Identify failure modes and limitations"
RDM_F3765F,PRJ_B0D19E,7,Reporting & Dissemination,"1. Write final project report | 2. Prepare journal/conference manuscript | 3. Create poster or demo presentation | 4. Archive code, data, and documentation on GitHub/Zenodo"
RDM_F5C208,PRJ_904BFB,1,Literature Review,1. Perform systematic literature review | 2. Identify experimental and computational components | 3. Define hybrid methodology rationale
RDM_72231B,PRJ_904BFB,2,Experimental Setup,1. Procure equipment and prepare lab setup | 2. Conduct preliminary experiments | 3. Collect baseline experimental data
RDM_41AEF9,PRJ_904BFB,3,Computational Modeling,1. Develop simulation or ML model | 2. Calibrate model with experimental data | 3. Perform virtual parameter sweeps
RDM_B3A6EA,PRJ_904BFB,4,Integrated Analysis,1. Cross-validate experimental and computational results | 2. Identify discrepancies and perform root-cause analysis | 3. Optimize design based on integrated findings
RDM_4D3BB6,PRJ_904BFB,5,Validation,1. Conduct confirmatory experiments | 2. Benchmark against existing literature | 3. Document uncertainty and error bounds
RDM_8C4312,PRJ_904BFB,6,Reporting,1. Prepare final report combining both methodologies | 2. Submit to conference or journal | 3. Archive all artifacts
RDM_A65357,PRJ_581C18,1,Literature Review & Problem Formulation,1. Conduct systematic literature review on topic | 2. Identify research gaps and define problem statement | 3. Prepare literature review document (min 30 papers) | 4. Define hypothesis and success criteria
RDM_E9595B,PRJ_581C18,2,Design & Procurement,1. Finalize system architecture and block diagram | 2. Prepare Bill of Materials (BoM) | 3. Procure equipment and consumables | 4. Set up experimental workspace and safety protocols
RDM_EA0B65,PRJ_581C18,3,Prototype Development,1. Assemble hardware components | 2. Develop initial firmware/software | 3. Perform bench-level unit tests | 4. Document assembly and calibration procedure
RDM_EEB9A1,PRJ_581C18,4,Data Collection,1. Design data collection protocol | 2. Run controlled experiments with replication | 3. Log raw data with timestamps | 4. Perform initial quality check on collected data
RDM_732DC6,PRJ_581C18,5,Analysis & Modeling,1. Clean and preprocess collected data | 2. Apply statistical/ML models | 3. Visualize results and generate insights | 4. Conduct sensitivity analysis
RDM_231FF1,PRJ_581C18,6,Validation & Testing,"1. Compare results against baseline or benchmarks | 2. Conduct blind validation experiments | 3. Document accuracy, precision, recall metrics | 4. Identify failure modes and limitations"
RDM_F11C47,PRJ_581C18,7,Reporting & Dissemination,"1. Write final project report | 2. Prepare journal/conference manuscript | 3. Create poster or demo presentation | 4. Archive code, data, and documentation on GitHub/Zenodo"
RDM_FB4022,PRJ_FAE928,1,Literature Review,1. Perform systematic literature review | 2. Identify experimental and computational components | 3. Define hybrid methodology rationale
RDM_AF46E5,PRJ_FAE928,2,Experimental Setup,1. Procure equipment and prepare lab setup | 2. Conduct preliminary experiments | 3. Collect baseline experimental data
RDM_11BF67,PRJ_FAE928,3,Computational Modeling,1. Develop simulation or ML model | 2. Calibrate model with experimental data | 3. Perform virtual parameter sweeps
RDM_0896D5,PRJ_FAE928,4,Integrated Analysis,1. Cross-validate experimental and computational results | 2. Identify discrepancies and perform root-cause analysis | 3. Optimize design based on integrated findings
RDM_E5AFE3,PRJ_FAE928,5,Validation,1. Conduct confirmatory experiments | 2. Benchmark against existing literature | 3. Document uncertainty and error bounds
RDM_C58E32,PRJ_FAE928,6,Reporting,1. Prepare final report combining both methodologies | 2. Submit to conference or journal | 3. Archive all artifacts
RDM_9432A1,PRJ_BF7279,1,Literature Review & Problem Formulation,1. Conduct systematic literature review on topic | 2. Identify research gaps and define problem statement | 3. Prepare literature review document (min 30 papers) | 4. Define hypothesis and success criteria
RDM_842205,PRJ_BF7279,2,Design & Procurement,1. Finalize system architecture and block diagram | 2. Prepare Bill of Materials (BoM) | 3. Procure equipment and consumables | 4. Set up experimental workspace and safety protocols
RDM_3A6069,PRJ_BF7279,3,Prototype Development,1. Assemble hardware components | 2. Develop initial firmware/software | 3. Perform bench-level unit tests | 4. Document assembly and calibration procedure
RDM_0371AC,PRJ_BF7279,4,Data Collection,1. Design data collection protocol | 2. Run controlled experiments with replication | 3. Log raw data with timestamps | 4. Perform initial quality check on collected data
RDM_EF5579,PRJ_BF7279,5,Analysis & Modeling,1. Clean and preprocess collected data | 2. Apply statistical/ML models | 3. Visualize results and generate insights | 4. Conduct sensitivity analysis
RDM_23E0B0,PRJ_BF7279,6,Validation & Testing,"1. Compare results against baseline or benchmarks | 2. Conduct blind validation experiments | 3. Document accuracy, precision, recall metrics | 4. Identify failure modes and limitations"
RDM_53A6A5,PRJ_BF7279,7,Reporting & Dissemination,"1. Write final project report | 2. Prepare journal/conference manuscript | 3. Create poster or demo presentation | 4. Archive code, data, and documentation on GitHub/Zenodo"
RDM_463506,PRJ_76766F,1,Literature Review,1. Perform systematic literature review | 2. Identify experimental and computational components | 3. Define hybrid methodology rationale
RDM_E80194,PRJ_76766F,2,Experimental Setup,1. Procure equipment and prepare lab setup | 2. Conduct preliminary experiments | 3. Collect baseline experimental data
RDM_FFA34D,PRJ_76766F,3,Computational Modeling,1. Develop simulation or ML model | 2. Calibrate model with experimental data | 3. Perform virtual parameter sweeps
RDM_CD2E84,PRJ_76766F,4,Integrated Analysis,1. Cross-validate experimental and computational results | 2. Identify discrepancies and perform root-cause analysis | 3. Optimize design based on integrated findings
RDM_5D4A6A,PRJ_76766F,5,Validation,1. Conduct confirmatory experiments | 2. Benchmark against existing literature | 3. Document uncertainty and error bounds
RDM_DD7AD9,PRJ_76766F,6,Reporting,1. Prepare final report combining both methodologies | 2. Submit to conference or journal | 3. Archive all artifacts
RDM_510BCC,PRJ_C0FC9C,1,Literature Review,1. Perform systematic literature review | 2. Identify experimental and computational components | 3. Define hybrid methodology rationale
RDM_208674,PRJ_C0FC9C,2,Experimental Setup,1. Procure equipment and prepare lab setup | 2. Conduct preliminary experiments | 3. Collect baseline experimental data
RDM_FBCAC9,PRJ_C0FC9C,3,Computational Modeling,1. Develop simulation or ML model | 2. Calibrate model with experimental data | 3. Perform virtual parameter sweeps
RDM_7B7513,PRJ_C0FC9C,4,Integrated Analysis,1. Cross-validate experimental and computational results | 2. Identify discrepancies and perform root-cause analysis | 3. Optimize design based on integrated findings
RDM_F43926,PRJ_C0FC9C,5,Validation,1. Conduct confirmatory experiments | 2. Benchmark against existing literature | 3. Document uncertainty and error bounds
RDM_587D9E,PRJ_C0FC9C,6,Reporting,1. Prepare final report combining both methodologies | 2. Submit to conference or journal | 3. Archive all artifacts
RDM_D1B067,PRJ_6F84F7,1,Literature Review,1. Perform systematic literature review | 2. Identify experimental and computational components | 3. Define hybrid methodology rationale
RDM_DFD3B0,PRJ_6F84F7,2,Experimental Setup,1. Procure equipment and prepare lab setup | 2. Conduct preliminary experiments | 3. Collect baseline experimental data
RDM_3FDB45,PRJ_6F84F7,3,Computational Modeling,1. Develop simulation or ML model | 2. Calibrate model with experimental data | 3. Perform virtual parameter sweeps
RDM_A64F2C,PRJ_6F84F7,4,Integrated Analysis,1. Cross-validate experimental and computational results | 2. Identify discrepancies and perform root-cause analysis | 3. Optimize design based on integrated findings
RDM_9B8CA4,PRJ_6F84F7,5,Validation,1. Conduct confirmatory experiments | 2. Benchmark against existing literature | 3. Document uncertainty and error bounds
RDM_86EEAC,PRJ_6F84F7,6,Reporting,1. Prepare final report combining both methodologies | 2. Submit to conference or journal | 3. Archive all artifacts
RDM_D91BDE,PRJ_683C21,1,Literature Review & Problem Formulation,1. Conduct systematic literature review on topic | 2. Identify research gaps and define problem statement | 3. Prepare literature review document (min 30 papers) | 4. Define hypothesis and success criteria
RDM_637537,PRJ_683C21,2,Design & Procurement,1. Finalize system architecture and block diagram | 2. Prepare Bill of Materials (BoM) | 3. Procure equipment and consumables | 4. Set up experimental workspace and safety protocols
RDM_826572,PRJ_683C21,3,Prototype Development,1. Assemble hardware components | 2. Develop initial firmware/software | 3. Perform bench-level unit tests | 4. Document assembly and calibration procedure
RDM_BF4E17,PRJ_683C21,4,Data Collection,1. Design data collection protocol | 2. Run controlled experiments with replication | 3. Log raw data with timestamps | 4. Perform initial quality check on collected data
RDM_34A628,PRJ_683C21,5,Analysis & Modeling,1. Clean and preprocess collected data | 2. Apply statistical/ML models | 3. Visualize results and generate insights | 4. Conduct sensitivity analysis
RDM_BEA3B7,PRJ_683C21,6,Validation & Testing,"1. Compare results against baseline or benchmarks | 2. Conduct blind validation experiments | 3. Document accuracy, precision, recall metrics | 4. Identify failure modes and limitations"
RDM_410687,PRJ_683C21,7,Reporting & Dissemination,"1. Write final project report | 2. Prepare journal/conference manuscript | 3. Create poster or demo presentation | 4. Archive code, data, and documentation on GitHub/Zenodo"
RDM_00F5F5,PRJ_75CAD0,1,Literature Review,1. Perform systematic literature review | 2. Identify experimental and computational components | 3. Define hybrid methodology rationale
RDM_0B756A,PRJ_75CAD0,2,Experimental Setup,1. Procure equipment and prepare lab setup | 2. Conduct preliminary experiments | 3. Collect baseline experimental data
RDM_94D596,PRJ_75CAD0,3,Computational Modeling,1. Develop simulation or ML model | 2. Calibrate model with experimental data | 3. Perform virtual parameter sweeps
RDM_9560AD,PRJ_75CAD0,4,Integrated Analysis,1. Cross-validate experimental and computational results | 2. Identify discrepancies and perform root-cause analysis | 3. Optimize design based on integrated findings
RDM_1243C6,PRJ_75CAD0,5,Validation,1. Conduct confirmatory experiments | 2. Benchmark against existing literature | 3. Document uncertainty and error bounds
RDM_7E0008,PRJ_75CAD0,6,Reporting,1. Prepare final report combining both methodologies | 2. Submit to conference or journal | 3. Archive all artifacts
RDM_4A7B88,PRJ_D505B0,1,Literature Review & Problem Formulation,1. Conduct systematic literature review on topic | 2. Identify research gaps and define problem statement | 3. Prepare literature review document (min 30 papers) | 4. Define hypothesis and success criteria
RDM_83DCF7,PRJ_D505B0,2,Design & Procurement,1. Finalize system architecture and block diagram | 2. Prepare Bill of Materials (BoM) | 3. Procure equipment and consumables | 4. Set up experimental workspace and safety protocols
RDM_BAAF1A,PRJ_D505B0,3,Prototype Development,1. Assemble hardware components | 2. Develop initial firmware/software | 3. Perform bench-level unit tests | 4. Document assembly and calibration procedure
RDM_6B600A,PRJ_D505B0,4,Data Collection,1. Design data collection protocol | 2. Run controlled experiments with replication | 3. Log raw data with timestamps | 4. Perform initial quality check on collected data
RDM_BE8680,PRJ_D505B0,5,Analysis & Modeling,1. Clean and preprocess collected data | 2. Apply statistical/ML models | 3. Visualize results and generate insights | 4. Conduct sensitivity analysis
RDM_466474,PRJ_D505B0,6,Validation & Testing,"1. Compare results against baseline or benchmarks | 2. Conduct blind validation experiments | 3. Document accuracy, precision, recall metrics | 4. Identify failure modes and limitations"
RDM_D9633F,PRJ_D505B0,7,Reporting & Dissemination,"1. Write final project report | 2. Prepare journal/conference manuscript | 3. Create poster or demo presentation | 4. Archive code, data, and documentation on GitHub/Zenodo"
RDM_EDAAC9,PRJ_73725D,1,Literature Review,1. Perform systematic literature review | 2. Identify experimental and computational components | 3. Define hybrid methodology rationale
RDM_BB6F88,PRJ_73725D,2,Experimental Setup,1. Procure equipment and prepare lab setup | 2. Conduct preliminary experiments | 3. Collect baseline experimental data
RDM_BFDC7B,PRJ_73725D,3,Computational Modeling,1. Develop simulation or ML model | 2. Calibrate model with experimental data | 3. Perform virtual parameter sweeps
RDM_C0FD60,PRJ_73725D,4,Integrated Analysis,1. Cross-validate experimental and computational results | 2. Identify discrepancies and perform root-cause analysis | 3. Optimize design based on integrated findings
RDM_05A31E,PRJ_73725D,5,Validation,1. Conduct confirmatory experiments | 2. Benchmark against existing literature | 3. Document uncertainty and error bounds
RDM_2ED1DB,PRJ_73725D,6,Reporting,1. Prepare final report combining both methodologies | 2. Submit to conference or journal | 3. Archive all artifacts
RDM_B59907,PRJ_57E347,1,Literature Review,1. Perform systematic literature review | 2. Identify experimental and computational components | 3. Define hybrid methodology rationale
RDM_5A918B,PRJ_57E347,2,Experimental Setup,1. Procure equipment and prepare lab setup | 2. Conduct preliminary experiments | 3. Collect baseline experimental data
RDM_A83DBD,PRJ_57E347,3,Computational Modeling,1. Develop simulation or ML model | 2. Calibrate model with experimental data | 3. Perform virtual parameter sweeps
RDM_D797E6,PRJ_57E347,4,Integrated Analysis,1. Cross-validate experimental and computational results | 2. Identify discrepancies and perform root-cause analysis | 3. Optimize design based on integrated findings
RDM_86764B,PRJ_57E347,5,Validation,1. Conduct confirmatory experiments | 2. Benchmark against existing literature | 3. Document uncertainty and error bounds
RDM_804474,PRJ_57E347,6,Reporting,1. Prepare final report combining both methodologies | 2. Submit to conference or journal | 3. Archive all artifacts
RDM_A420A7,PRJ_953340,1,Literature Review,1. Perform systematic literature review | 2. Identify experimental and computational components | 3. Define hybrid methodology rationale
RDM_116FD1,PRJ_953340,2,Experimental Setup,1. Procure equipment and prepare lab setup | 2. Conduct preliminary experiments | 3. Collect baseline experimental data
RDM_1C86A8,PRJ_953340,3,Computational Modeling,1. Develop simulation or ML model | 2. Calibrate model with experimental data | 3. Perform virtual parameter sweeps
RDM_D5C705,PRJ_953340,4,Integrated Analysis,1. Cross-validate experimental and computational results | 2. Identify discrepancies and perform root-cause analysis | 3. Optimize design based on integrated findings
RDM_6B72A2,PRJ_953340,5,Validation,1. Conduct confirmatory experiments | 2. Benchmark against existing literature | 3. Document uncertainty and error bounds
RDM_67BAB3,PRJ_953340,6,Reporting,1. Prepare final report combining both methodologies | 2. Submit to conference or journal | 3. Archive all artifacts
RDM_095D49,PRJ_890FF4,1,Literature Review & Problem Formulation,1. Conduct systematic literature review on topic | 2. Identify research gaps and define problem statement | 3. Prepare literature review document (min 30 papers) | 4. Define hypothesis and success criteria
RDM_14FC96,PRJ_890FF4,2,Design & Procurement,1. Finalize system architecture and block diagram | 2. Prepare Bill of Materials (BoM) | 3. Procure equipment and consumables | 4. Set up experimental workspace and safety protocols
RDM_F08F94,PRJ_890FF4,3,Prototype Development,1. Assemble hardware components | 2. Develop initial firmware/software | 3. Perform bench-level unit tests | 4. Document assembly and calibration procedure
RDM_552370,PRJ_890FF4,4,Data Collection,1. Design data collection protocol | 2. Run controlled experiments with replication | 3. Log raw data with timestamps | 4. Perform initial quality check on collected data
RDM_F07194,PRJ_890FF4,5,Analysis & Modeling,1. Clean and preprocess collected data | 2. Apply statistical/ML models | 3. Visualize results and generate insights | 4. Conduct sensitivity analysis
RDM_4516E7,PRJ_890FF4,6,Validation & Testing,"1. Compare results against baseline or benchmarks | 2. Conduct blind validation experiments | 3. Document accuracy, precision, recall metrics | 4. Identify failure modes and limitations"
RDM_39CDB0,PRJ_890FF4,7,Reporting & Dissemination,"1. Write final project report | 2. Prepare journal/conference manuscript | 3. Create poster or demo presentation | 4. Archive code, data, and documentation on GitHub/Zenodo"
RDM_865272,PRJ_148B53,1,Literature Review & Problem Formulation,1. Conduct systematic literature review on topic | 2. Identify research gaps and define problem statement | 3. Prepare literature review document (min 30 papers) | 4. Define hypothesis and success criteria
RDM_7473D5,PRJ_148B53,2,Design & Procurement,1. Finalize system architecture and block diagram | 2. Prepare Bill of Materials (BoM) | 3. Procure equipment and consumables | 4. Set up experimental workspace and safety protocols
RDM_C9CF62,PRJ_148B53,3,Prototype Development,1. Assemble hardware components | 2. Develop initial firmware/software | 3. Perform bench-level unit tests | 4. Document assembly and calibration procedure
RDM_0B9D89,PRJ_148B53,4,Data Collection,1. Design data collection protocol | 2. Run controlled experiments with replication | 3. Log raw data with timestamps | 4. Perform initial quality check on collected data
RDM_34504A,PRJ_148B53,5,Analysis & Modeling,1. Clean and preprocess collected data | 2. Apply statistical/ML models | 3. Visualize results and generate insights | 4. Conduct sensitivity analysis
RDM_E210E0,PRJ_148B53,6,Validation & Testing,"1. Compare results against baseline or benchmarks | 2. Conduct blind validation experiments | 3. Document accuracy, precision, recall metrics | 4. Identify failure modes and limitations"
RDM_0A158A,PRJ_148B53,7,Reporting & Dissemination,"1. Write final project report | 2. Prepare journal/conference manuscript | 3. Create poster or demo presentation | 4. Archive code, data, and documentation on GitHub/Zenodo"
RDM_0A85EA,PRJ_A6DED3,1,Literature Review & Problem Formulation,1. Conduct systematic literature review on topic | 2. Identify research gaps and define problem statement | 3. Prepare literature review document (min 30 papers) | 4. Define hypothesis and success criteria
RDM_6249DD,PRJ_A6DED3,2,Design & Procurement,1. Finalize system architecture and block diagram | 2. Prepare Bill of Materials (BoM) | 3. Procure equipment and consumables | 4. Set up experimental workspace and safety protocols
RDM_8AE02D,PRJ_A6DED3,3,Prototype Development,1. Assemble hardware components | 2. Develop initial firmware/software | 3. Perform bench-level unit tests | 4. Document assembly and calibration procedure
RDM_FD3443,PRJ_A6DED3,4,Data Collection,1. Design data collection protocol | 2. Run controlled experiments with replication | 3. Log raw data with timestamps | 4. Perform initial quality check on collected data
RDM_B0860E,PRJ_A6DED3,5,Analysis & Modeling,1. Clean and preprocess collected data | 2. Apply statistical/ML models | 3. Visualize results and generate insights | 4. Conduct sensitivity analysis
RDM_0E28A7,PRJ_A6DED3,6,Validation & Testing,"1. Compare results against baseline or benchmarks | 2. Conduct blind validation experiments | 3. Document accuracy, precision, recall metrics | 4. Identify failure modes and limitations"
RDM_AFB002,PRJ_A6DED3,7,Reporting & Dissemination,"1. Write final project report | 2. Prepare journal/conference manuscript | 3. Create poster or demo presentation | 4. Archive code, data, and documentation on GitHub/Zenodo"
RDM_BC53CA,PRJ_3A37FE,1,Literature Review,1. Perform systematic literature review | 2. Identify experimental and computational components | 3. Define hybrid methodology rationale
RDM_6F1048,PRJ_3A37FE,2,Experimental Setup,1. Procure equipment and prepare lab setup | 2. Conduct preliminary experiments | 3. Collect baseline experimental data
RDM_526340,PRJ_3A37FE,3,Computational Modeling,1. Develop simulation or ML model | 2. Calibrate model with experimental data | 3. Perform virtual parameter sweeps
RDM_7F8C40,PRJ_3A37FE,4,Integrated Analysis,1. Cross-validate experimental and computational results | 2. Identify discrepancies and perform root-cause analysis | 3. Optimize design based on integrated findings
RDM_C573B5,PRJ_3A37FE,5,Validation,1. Conduct confirmatory experiments | 2. Benchmark against existing literature | 3. Document uncertainty and error bounds
RDM_95A97B,PRJ_3A37FE,6,Reporting,1. Prepare final report combining both methodologies | 2. Submit to conference or journal | 3. Archive all artifacts
RDM_304872,PRJ_2E0E78,1,Literature Review & Problem Formulation,1. Conduct systematic literature review on topic | 2. Identify research gaps and define problem statement | 3. Prepare literature review document (min 30 papers) | 4. Define hypothesis and success criteria
RDM_8E05B7,PRJ_2E0E78,2,Design & Procurement,1. Finalize system architecture and block diagram | 2. Prepare Bill of Materials (BoM) | 3. Procure equipment and consumables | 4. Set up experimental workspace and safety protocols
RDM_9BA61C,PRJ_2E0E78,3,Prototype Development,1. Assemble hardware components | 2. Develop initial firmware/software | 3. Perform bench-level unit tests | 4. Document assembly and calibration procedure
RDM_D57DD4,PRJ_2E0E78,4,Data Collection,1. Design data collection protocol | 2. Run controlled experiments with replication | 3. Log raw data with timestamps | 4. Perform initial quality check on collected data
RDM_FFC55C,PRJ_2E0E78,5,Analysis & Modeling,1. Clean and preprocess collected data | 2. Apply statistical/ML models | 3. Visualize results and generate insights | 4. Conduct sensitivity analysis
RDM_62B0DF,PRJ_2E0E78,6,Validation & Testing,"1. Compare results against baseline or benchmarks | 2. Conduct blind validation experiments | 3. Document accuracy, precision, recall metrics | 4. Identify failure modes and limitations"
RDM_BB20B5,PRJ_2E0E78,7,Reporting & Dissemination,"1. Write final project report | 2. Prepare journal/conference manuscript | 3. Create poster or demo presentation | 4. Archive code, data, and documentation on GitHub/Zenodo"
RDM_7D0DB2,PRJ_25B44C,1,Literature Review,1. Perform systematic literature review | 2. Identify experimental and computational components | 3. Define hybrid methodology rationale
RDM_67B29E,PRJ_25B44C,2,Experimental Setup,1. Procure equipment and prepare lab setup | 2. Conduct preliminary experiments | 3. Collect baseline experimental data
RDM_F9DAE6,PRJ_25B44C,3,Computational Modeling,1. Develop simulation or ML model | 2. Calibrate model with experimental data | 3. Perform virtual parameter sweeps
RDM_963244,PRJ_25B44C,4,Integrated Analysis,1. Cross-validate experimental and computational results | 2. Identify discrepancies and perform root-cause analysis | 3. Optimize design based on integrated findings
RDM_AE0463,PRJ_25B44C,5,Validation,1. Conduct confirmatory experiments | 2. Benchmark against existing literature | 3. Document uncertainty and error bounds
RDM_C12B5A,PRJ_25B44C,6,Reporting,1. Prepare final report combining both methodologies | 2. Submit to conference or journal | 3. Archive all artifacts
RDM_04E148,PRJ_76ED5E,1,Literature Review,1. Perform systematic literature review | 2. Identify experimental and computational components | 3. Define hybrid methodology rationale
RDM_1C1AAB,PRJ_76ED5E,2,Experimental Setup,1. Procure equipment and prepare lab setup | 2. Conduct preliminary experiments | 3. Collect baseline experimental data
RDM_4144CD,PRJ_76ED5E,3,Computational Modeling,1. Develop simulation or ML model | 2. Calibrate model with experimental data | 3. Perform virtual parameter sweeps
RDM_A18971,PRJ_76ED5E,4,Integrated Analysis,1. Cross-validate experimental and computational results | 2. Identify discrepancies and perform root-cause analysis | 3. Optimize design based on integrated findings
RDM_A9BD86,PRJ_76ED5E,5,Validation,1. Conduct confirmatory experiments | 2. Benchmark against existing literature | 3. Document uncertainty and error bounds
RDM_904A3C,PRJ_76ED5E,6,Reporting,1. Prepare final report combining both methodologies | 2. Submit to conference or journal | 3. Archive all artifacts
RDM_D4F9BF,PRJ_72CE45,1,Literature Review & Problem Formulation,1. Conduct systematic literature review on topic | 2. Identify research gaps and define problem statement | 3. Prepare literature review document (min 30 papers) | 4. Define hypothesis and success criteria
RDM_056BA0,PRJ_72CE45,2,Design & Procurement,1. Finalize system architecture and block diagram | 2. Prepare Bill of Materials (BoM) | 3. Procure equipment and consumables | 4. Set up experimental workspace and safety protocols
RDM_E60B0F,PRJ_72CE45,3,Prototype Development,1. Assemble hardware components | 2. Develop initial firmware/software | 3. Perform bench-level unit tests | 4. Document assembly and calibration procedure
RDM_6ABEA2,PRJ_72CE45,4,Data Collection,1. Design data collection protocol | 2. Run controlled experiments with replication | 3. Log raw data with timestamps | 4. Perform initial quality check on collected data
RDM_DDF280,PRJ_72CE45,5,Analysis & Modeling,1. Clean and preprocess collected data | 2. Apply statistical/ML models | 3. Visualize results and generate insights | 4. Conduct sensitivity analysis
RDM_A8FE25,PRJ_72CE45,6,Validation & Testing,"1. Compare results against baseline or benchmarks | 2. Conduct blind validation experiments | 3. Document accuracy, precision, recall metrics | 4. Identify failure modes and limitations"
RDM_89905D,PRJ_72CE45,7,Reporting & Dissemination,"1. Write final project report | 2. Prepare journal/conference manuscript | 3. Create poster or demo presentation | 4. Archive code, data, and documentation on GitHub/Zenodo"
RDM_0CA405,PRJ_320C81,1,Literature Review,1. Perform systematic literature review | 2. Identify experimental and computational components | 3. Define hybrid methodology rationale
RDM_CD4359,PRJ_320C81,2,Experimental Setup,1. Procure equipment and prepare lab setup | 2. Conduct preliminary experiments | 3. Collect baseline experimental data
RDM_6CBA49,PRJ_320C81,3,Computational Modeling,1. Develop simulation or ML model | 2. Calibrate model with experimental data | 3. Perform virtual parameter sweeps
RDM_953ED5,PRJ_320C81,4,Integrated Analysis,1. Cross-validate experimental and computational results | 2. Identify discrepancies and perform root-cause analysis | 3. Optimize design based on integrated findings
RDM_4ADE06,PRJ_320C81,5,Validation,1. Conduct confirmatory experiments | 2. Benchmark against existing literature | 3. Document uncertainty and error bounds
RDM_F764DE,PRJ_320C81,6,Reporting,1. Prepare final report combining both methodologies | 2. Submit to conference or journal | 3. Archive all artifacts
RDM_01AC8E,PRJ_F0AA99,1,Literature Review & Problem Formulation,1. Conduct systematic literature review on topic | 2. Identify research gaps and define problem statement | 3. Prepare literature review document (min 30 papers) | 4. Define hypothesis and success criteria
RDM_1BD80B,PRJ_F0AA99,2,Design & Procurement,1. Finalize system architecture and block diagram | 2. Prepare Bill of Materials (BoM) | 3. Procure equipment and consumables | 4. Set up experimental workspace and safety protocols
RDM_0F989D,PRJ_F0AA99,3,Prototype Development,1. Assemble hardware components | 2. Develop initial firmware/software | 3. Perform bench-level unit tests | 4. Document assembly and calibration procedure
RDM_2843D3,PRJ_F0AA99,4,Data Collection,1. Design data collection protocol | 2. Run controlled experiments with replication | 3. Log raw data with timestamps | 4. Perform initial quality check on collected data
RDM_948090,PRJ_F0AA99,5,Analysis & Modeling,1. Clean and preprocess collected data | 2. Apply statistical/ML models | 3. Visualize results and generate insights | 4. Conduct sensitivity analysis
RDM_8D94ED,PRJ_F0AA99,6,Validation & Testing,"1. Compare results against baseline or benchmarks | 2. Conduct blind validation experiments | 3. Document accuracy, precision, recall metrics | 4. Identify failure modes and limitations"
RDM_373B02,PRJ_F0AA99,7,Reporting & Dissemination,"1. Write final project report | 2. Prepare journal/conference manuscript | 3. Create poster or demo presentation | 4. Archive code, data, and documentation on GitHub/Zenodo"
RDM_679093,PRJ_518B57,1,Literature Review & Problem Formulation,1. Conduct systematic literature review on topic | 2. Identify research gaps and define problem statement | 3. Prepare literature review document (min 30 papers) | 4. Define hypothesis and success criteria
RDM_DD6354,PRJ_518B57,2,Design & Procurement,1. Finalize system architecture and block diagram | 2. Prepare Bill of Materials (BoM) | 3. Procure equipment and consumables | 4. Set up experimental workspace and safety protocols
RDM_33B1CC,PRJ_518B57,3,Prototype Development,1. Assemble hardware components | 2. Develop initial firmware/software | 3. Perform bench-level unit tests | 4. Document assembly and calibration procedure
RDM_ADFCBE,PRJ_518B57,4,Data Collection,1. Design data collection protocol | 2. Run controlled experiments with replication | 3. Log raw data with timestamps | 4. Perform initial quality check on collected data
RDM_5D2EE1,PRJ_518B57,5,Analysis & Modeling,1. Clean and preprocess collected data | 2. Apply statistical/ML models | 3. Visualize results and generate insights | 4. Conduct sensitivity analysis
RDM_3AF8D2,PRJ_518B57,6,Validation & Testing,"1. Compare results against baseline or benchmarks | 2. Conduct blind validation experiments | 3. Document accuracy, precision, recall metrics | 4. Identify failure modes and limitations"
RDM_26B560,PRJ_518B57,7,Reporting & Dissemination,"1. Write final project report | 2. Prepare journal/conference manuscript | 3. Create poster or demo presentation | 4. Archive code, data, and documentation on GitHub/Zenodo"
RDM_CB258D,PRJ_E8729C,1,Literature Review,1. Perform systematic literature review | 2. Identify experimental and computational components | 3. Define hybrid methodology rationale
RDM_36BFF2,PRJ_E8729C,2,Experimental Setup,1. Procure equipment and prepare lab setup | 2. Conduct preliminary experiments | 3. Collect baseline experimental data
RDM_303DD0,PRJ_E8729C,3,Computational Modeling,1. Develop simulation or ML model | 2. Calibrate model with experimental data | 3. Perform virtual parameter sweeps
RDM_BEEE53,PRJ_E8729C,4,Integrated Analysis,1. Cross-validate experimental and computational results | 2. Identify discrepancies and perform root-cause analysis | 3. Optimize design based on integrated findings
RDM_950C84,PRJ_E8729C,5,Validation,1. Conduct confirmatory experiments | 2. Benchmark against existing literature | 3. Document uncertainty and error bounds
RDM_3386A6,PRJ_E8729C,6,Reporting,1. Prepare final report combining both methodologies | 2. Submit to conference or journal | 3. Archive all artifacts
RDM_9AE7C6,PRJ_CAADF7,1,Literature Review,1. Perform systematic literature review | 2. Identify experimental and computational components | 3. Define hybrid methodology rationale
RDM_7F2225,PRJ_CAADF7,2,Experimental Setup,1. Procure equipment and prepare lab setup | 2. Conduct preliminary experiments | 3. Collect baseline experimental data
RDM_B858A0,PRJ_CAADF7,3,Computational Modeling,1. Develop simulation or ML model | 2. Calibrate model with experimental data | 3. Perform virtual parameter sweeps
RDM_0E4FF7,PRJ_CAADF7,4,Integrated Analysis,1. Cross-validate experimental and computational results | 2. Identify discrepancies and perform root-cause analysis | 3. Optimize design based on integrated findings
RDM_F80BE9,PRJ_CAADF7,5,Validation,1. Conduct confirmatory experiments | 2. Benchmark against existing literature | 3. Document uncertainty and error bounds
RDM_90AE9F,PRJ_CAADF7,6,Reporting,1. Prepare final report combining both methodologies | 2. Submit to conference or journal | 3. Archive all artifacts
RDM_4C9546,PRJ_508D74,1,Literature Review & Problem Formulation,1. Conduct systematic literature review on topic | 2. Identify research gaps and define problem statement | 3. Prepare literature review document (min 30 papers) | 4. Define hypothesis and success criteria
RDM_7D4FD1,PRJ_508D74,2,Design & Procurement,1. Finalize system architecture and block diagram | 2. Prepare Bill of Materials (BoM) | 3. Procure equipment and consumables | 4. Set up experimental workspace and safety protocols
RDM_10F924,PRJ_508D74,3,Prototype Development,1. Assemble hardware components | 2. Develop initial firmware/software | 3. Perform bench-level unit tests | 4. Document assembly and calibration procedure
RDM_A2FA40,PRJ_508D74,4,Data Collection,1. Design data collection protocol | 2. Run controlled experiments with replication | 3. Log raw data with timestamps | 4. Perform initial quality check on collected data
RDM_6BADE0,PRJ_508D74,5,Analysis & Modeling,1. Clean and preprocess collected data | 2. Apply statistical/ML models | 3. Visualize results and generate insights | 4. Conduct sensitivity analysis
RDM_6D8F06,PRJ_508D74,6,Validation & Testing,"1. Compare results against baseline or benchmarks | 2. Conduct blind validation experiments | 3. Document accuracy, precision, recall metrics | 4. Identify failure modes and limitations"
RDM_0B0B13,PRJ_508D74,7,Reporting & Dissemination,"1. Write final project report | 2. Prepare journal/conference manuscript | 3. Create poster or demo presentation | 4. Archive code, data, and documentation on GitHub/Zenodo"
RDM_111F32,PRJ_419A5C,1,Literature Review & Problem Formulation,1. Conduct systematic literature review on topic | 2. Identify research gaps and define problem statement | 3. Prepare literature review document (min 30 papers) | 4. Define hypothesis and success criteria
RDM_32E8D9,PRJ_419A5C,2,Design & Procurement,1. Finalize system architecture and block diagram | 2. Prepare Bill of Materials (BoM) | 3. Procure equipment and consumables | 4. Set up experimental workspace and safety protocols
RDM_305487,PRJ_419A5C,3,Prototype Development,1. Assemble hardware components | 2. Develop initial firmware/software | 3. Perform bench-level unit tests | 4. Document assembly and calibration procedure
RDM_216860,PRJ_419A5C,4,Data Collection,1. Design data collection protocol | 2. Run controlled experiments with replication | 3. Log raw data with timestamps | 4. Perform initial quality check on collected data
RDM_72C8BD,PRJ_419A5C,5,Analysis & Modeling,1. Clean and preprocess collected data | 2. Apply statistical/ML models | 3. Visualize results and generate insights | 4. Conduct sensitivity analysis
RDM_099F27,PRJ_419A5C,6,Validation & Testing,"1. Compare results against baseline or benchmarks | 2. Conduct blind validation experiments | 3. Document accuracy, precision, recall metrics | 4. Identify failure modes and limitations"
RDM_BA8F27,PRJ_419A5C,7,Reporting & Dissemination,"1. Write final project report | 2. Prepare journal/conference manuscript | 3. Create poster or demo presentation | 4. Archive code, data, and documentation on GitHub/Zenodo"
RDM_C399CC,PRJ_9C80D8,1,Literature Review & Problem Formulation,1. Conduct systematic literature review on topic | 2. Identify research gaps and define problem statement | 3. Prepare literature review document (min 30 papers) | 4. Define hypothesis and success criteria
RDM_E0FD02,PRJ_9C80D8,2,Design & Procurement,1. Finalize system architecture and block diagram | 2. Prepare Bill of Materials (BoM) | 3. Procure equipment and consumables | 4. Set up experimental workspace and safety protocols
RDM_B8065A,PRJ_9C80D8,3,Prototype Development,1. Assemble hardware components | 2. Develop initial firmware/software | 3. Perform bench-level unit tests | 4. Document assembly and calibration procedure
RDM_D02F9E,PRJ_9C80D8,4,Data Collection,1. Design data collection protocol | 2. Run controlled experiments with replication | 3. Log raw data with timestamps | 4. Perform initial quality check on collected data
RDM_821F3F,PRJ_9C80D8,5,Analysis & Modeling,1. Clean and preprocess collected data | 2. Apply statistical/ML models | 3. Visualize results and generate insights | 4. Conduct sensitivity analysis
RDM_A4D64C,PRJ_9C80D8,6,Validation & Testing,"1. Compare results against baseline or benchmarks | 2. Conduct blind validation experiments | 3. Document accuracy, precision, recall metrics | 4. Identify failure modes and limitations"
RDM_3E945A,PRJ_9C80D8,7,Reporting & Dissemination,"1. Write final project report | 2. Prepare journal/conference manuscript | 3. Create poster or demo presentation | 4. Archive code, data, and documentation on GitHub/Zenodo"
RDM_5B8EBA,PRJ_43C3B9,1,Literature Review,1. Perform systematic literature review | 2. Identify experimental and computational components | 3. Define hybrid methodology rationale
RDM_196ABB,PRJ_43C3B9,2,Experimental Setup,1. Procure equipment and prepare lab setup | 2. Conduct preliminary experiments | 3. Collect baseline experimental data
RDM_A81A5B,PRJ_43C3B9,3,Computational Modeling,1. Develop simulation or ML model | 2. Calibrate model with experimental data | 3. Perform virtual parameter sweeps
RDM_BA1942,PRJ_43C3B9,4,Integrated Analysis,1. Cross-validate experimental and computational results | 2. Identify discrepancies and perform root-cause analysis | 3. Optimize design based on integrated findings
RDM_BB44D5,PRJ_43C3B9,5,Validation,1. Conduct confirmatory experiments | 2. Benchmark against existing literature | 3. Document uncertainty and error bounds
RDM_F8FDA5,PRJ_43C3B9,6,Reporting,1. Prepare final report combining both methodologies | 2. Submit to conference or journal | 3. Archive all artifacts
RDM_710281,PRJ_6AC1D7,1,Literature Review & Problem Formulation,1. Conduct systematic literature review on topic | 2. Identify research gaps and define problem statement | 3. Prepare literature review document (min 30 papers) | 4. Define hypothesis and success criteria
RDM_08FC07,PRJ_6AC1D7,2,Design & Procurement,1. Finalize system architecture and block diagram | 2. Prepare Bill of Materials (BoM) | 3. Procure equipment and consumables | 4. Set up experimental workspace and safety protocols
RDM_1C16F5,PRJ_6AC1D7,3,Prototype Development,1. Assemble hardware components | 2. Develop initial firmware/software | 3. Perform bench-level unit tests | 4. Document assembly and calibration procedure
RDM_D59D05,PRJ_6AC1D7,4,Data Collection,1. Design data collection protocol | 2. Run controlled experiments with replication | 3. Log raw data with timestamps | 4. Perform initial quality check on collected data
RDM_69955C,PRJ_6AC1D7,5,Analysis & Modeling,1. Clean and preprocess collected data | 2. Apply statistical/ML models | 3. Visualize results and generate insights | 4. Conduct sensitivity analysis
RDM_A340E0,PRJ_6AC1D7,6,Validation & Testing,"1. Compare results against baseline or benchmarks | 2. Conduct blind validation experiments | 3. Document accuracy, precision, recall metrics | 4. Identify failure modes and limitations"
RDM_CDB389,PRJ_6AC1D7,7,Reporting & Dissemination,"1. Write final project report | 2. Prepare journal/conference manuscript | 3. Create poster or demo presentation | 4. Archive code, data, and documentation on GitHub/Zenodo"
RDM_BE6F5B,PRJ_CE57D4,1,Literature Review & Problem Formulation,1. Conduct systematic literature review on topic | 2. Identify research gaps and define problem statement | 3. Prepare literature review document (min 30 papers) | 4. Define hypothesis and success criteria
RDM_9E48B8,PRJ_CE57D4,2,Design & Procurement,1. Finalize system architecture and block diagram | 2. Prepare Bill of Materials (BoM) | 3. Procure equipment and consumables | 4. Set up experimental workspace and safety protocols
RDM_BFE181,PRJ_CE57D4,3,Prototype Development,1. Assemble hardware components | 2. Develop initial firmware/software | 3. Perform bench-level unit tests | 4. Document assembly and calibration procedure
RDM_F4A5FF,PRJ_CE57D4,4,Data Collection,1. Design data collection protocol | 2. Run controlled experiments with replication | 3. Log raw data with timestamps | 4. Perform initial quality check on collected data
RDM_277F66,PRJ_CE57D4,5,Analysis & Modeling,1. Clean and preprocess collected data | 2. Apply statistical/ML models | 3. Visualize results and generate insights | 4. Conduct sensitivity analysis
RDM_7D0CFB,PRJ_CE57D4,6,Validation & Testing,"1. Compare results against baseline or benchmarks | 2. Conduct blind validation experiments | 3. Document accuracy, precision, recall metrics | 4. Identify failure modes and limitations"
RDM_3FDFB7,PRJ_CE57D4,7,Reporting & Dissemination,"1. Write final project report | 2. Prepare journal/conference manuscript | 3. Create poster or demo presentation | 4. Archive code, data, and documentation on GitHub/Zenodo"
RDM_B59521,PRJ_D937EF,1,Literature Review,1. Perform systematic literature review | 2. Identify experimental and computational components | 3. Define hybrid methodology rationale
RDM_63C14C,PRJ_D937EF,2,Experimental Setup,1. Procure equipment and prepare lab setup | 2. Conduct preliminary experiments | 3. Collect baseline experimental data
RDM_F5EE3C,PRJ_D937EF,3,Computational Modeling,1. Develop simulation or ML model | 2. Calibrate model with experimental data | 3. Perform virtual parameter sweeps
RDM_FA33F6,PRJ_D937EF,4,Integrated Analysis,1. Cross-validate experimental and computational results | 2. Identify discrepancies and perform root-cause analysis | 3. Optimize design based on integrated findings
RDM_B680DD,PRJ_D937EF,5,Validation,1. Conduct confirmatory experiments | 2. Benchmark against existing literature | 3. Document uncertainty and error bounds
RDM_93FB06,PRJ_D937EF,6,Reporting,1. Prepare final report combining both methodologies | 2. Submit to conference or journal | 3. Archive all artifacts
RDM_CD7D34,PRJ_1765FE,1,Literature Review & Problem Formulation,1. Conduct systematic literature review on topic | 2. Identify research gaps and define problem statement | 3. Prepare literature review document (min 30 papers) | 4. Define hypothesis and success criteria
RDM_336607,PRJ_1765FE,2,Design & Procurement,1. Finalize system architecture and block diagram | 2. Prepare Bill of Materials (BoM) | 3. Procure equipment and consumables | 4. Set up experimental workspace and safety protocols
RDM_29ED82,PRJ_1765FE,3,Prototype Development,1. Assemble hardware components | 2. Develop initial firmware/software | 3. Perform bench-level unit tests | 4. Document assembly and calibration procedure
RDM_EDEE2D,PRJ_1765FE,4,Data Collection,1. Design data collection protocol | 2. Run controlled experiments with replication | 3. Log raw data with timestamps | 4. Perform initial quality check on collected data
RDM_3A666A,PRJ_1765FE,5,Analysis & Modeling,1. Clean and preprocess collected data | 2. Apply statistical/ML models | 3. Visualize results and generate insights | 4. Conduct sensitivity analysis
RDM_BFA1F0,PRJ_1765FE,6,Validation & Testing,"1. Compare results against baseline or benchmarks | 2. Conduct blind validation experiments | 3. Document accuracy, precision, recall metrics | 4. Identify failure modes and limitations"
RDM_DEDE6A,PRJ_1765FE,7,Reporting & Dissemination,"1. Write final project report | 2. Prepare journal/conference manuscript | 3. Create poster or demo presentation | 4. Archive code, data, and documentation on GitHub/Zenodo"
RDM_81A126,PRJ_0043F8,1,Literature Review,1. Perform systematic literature review | 2. Identify experimental and computational components | 3. Define hybrid methodology rationale
RDM_AA3569,PRJ_0043F8,2,Experimental Setup,1. Procure equipment and prepare lab setup | 2. Conduct preliminary experiments | 3. Collect baseline experimental data
RDM_0A5BA8,PRJ_0043F8,3,Computational Modeling,1. Develop simulation or ML model | 2. Calibrate model with experimental data | 3. Perform virtual parameter sweeps
RDM_8FCD34,PRJ_0043F8,4,Integrated Analysis,1. Cross-validate experimental and computational results | 2. Identify discrepancies and perform root-cause analysis | 3. Optimize design based on integrated findings
RDM_68B550,PRJ_0043F8,5,Validation,1. Conduct confirmatory experiments | 2. Benchmark against existing literature | 3. Document uncertainty and error bounds
RDM_26DB50,PRJ_0043F8,6,Reporting,1. Prepare final report combining both methodologies | 2. Submit to conference or journal | 3. Archive all artifacts
RDM_AD05DD,PRJ_4348AE,1,Literature Review,1. Perform systematic literature review | 2. Identify experimental and computational components | 3. Define hybrid methodology rationale
RDM_6C65BB,PRJ_4348AE,2,Experimental Setup,1. Procure equipment and prepare lab setup | 2. Conduct preliminary experiments | 3. Collect baseline experimental data
RDM_E6037B,PRJ_4348AE,3,Computational Modeling,1. Develop simulation or ML model | 2. Calibrate model with experimental data | 3. Perform virtual parameter sweeps
RDM_763179,PRJ_4348AE,4,Integrated Analysis,1. Cross-validate experimental and computational results | 2. Identify discrepancies and perform root-cause analysis | 3. Optimize design based on integrated findings
RDM_F4A85D,PRJ_4348AE,5,Validation,1. Conduct confirmatory experiments | 2. Benchmark against existing literature | 3. Document uncertainty and error bounds
RDM_27D5B6,PRJ_4348AE,6,Reporting,1. Prepare final report combining both methodologies | 2. Submit to conference or journal | 3. Archive all artifacts
RDM_3B9455,PRJ_B9F9E0,1,Literature Review & Problem Formulation,1. Conduct systematic literature review on topic | 2. Identify research gaps and define problem statement | 3. Prepare literature review document (min 30 papers) | 4. Define hypothesis and success criteria
RDM_A6F3C4,PRJ_B9F9E0,2,Design & Procurement,1. Finalize system architecture and block diagram | 2. Prepare Bill of Materials (BoM) | 3. Procure equipment and consumables | 4. Set up experimental workspace and safety protocols
RDM_ADAB17,PRJ_B9F9E0,3,Prototype Development,1. Assemble hardware components | 2. Develop initial firmware/software | 3. Perform bench-level unit tests | 4. Document assembly and calibration procedure
RDM_5EDC39,PRJ_B9F9E0,4,Data Collection,1. Design data collection protocol | 2. Run controlled experiments with replication | 3. Log raw data with timestamps | 4. Perform initial quality check on collected data
RDM_82D7AF,PRJ_B9F9E0,5,Analysis & Modeling,1. Clean and preprocess collected data | 2. Apply statistical/ML models | 3. Visualize results and generate insights | 4. Conduct sensitivity analysis
RDM_C95D59,PRJ_B9F9E0,6,Validation & Testing,"1. Compare results against baseline or benchmarks | 2. Conduct blind validation experiments | 3. Document accuracy, precision, recall metrics | 4. Identify failure modes and limitations"
RDM_74F4D6,PRJ_B9F9E0,7,Reporting & Dissemination,"1. Write final project report | 2. Prepare journal/conference manuscript | 3. Create poster or demo presentation | 4. Archive code, data, and documentation on GitHub/Zenodo"
RDM_85A3F0,PRJ_824147,1,Literature Review & Problem Formulation,1. Conduct systematic literature review on topic | 2. Identify research gaps and define problem statement | 3. Prepare literature review document (min 30 papers) | 4. Define hypothesis and success criteria
RDM_90E099,PRJ_824147,2,Design & Procurement,1. Finalize system architecture and block diagram | 2. Prepare Bill of Materials (BoM) | 3. Procure equipment and consumables | 4. Set up experimental workspace and safety protocols
RDM_8423B1,PRJ_824147,3,Prototype Development,1. Assemble hardware components | 2. Develop initial firmware/software | 3. Perform bench-level unit tests | 4. Document assembly and calibration procedure
RDM_9C9F32,PRJ_824147,4,Data Collection,1. Design data collection protocol | 2. Run controlled experiments with replication | 3. Log raw data with timestamps | 4. Perform initial quality check on collected data
RDM_174E2D,PRJ_824147,5,Analysis & Modeling,1. Clean and preprocess collected data | 2. Apply statistical/ML models | 3. Visualize results and generate insights | 4. Conduct sensitivity analysis
RDM_2A65BF,PRJ_824147,6,Validation & Testing,"1. Compare results against baseline or benchmarks | 2. Conduct blind validation experiments | 3. Document accuracy, precision, recall metrics | 4. Identify failure modes and limitations"
RDM_86C4C4,PRJ_824147,7,Reporting & Dissemination,"1. Write final project report | 2. Prepare journal/conference manuscript | 3. Create poster or demo presentation | 4. Archive code, data, and documentation on GitHub/Zenodo"
RDM_1B93D2,PRJ_FFBD13,1,Literature Review,1. Perform systematic literature review | 2. Identify experimental and computational components | 3. Define hybrid methodology rationale
RDM_D901AF,PRJ_FFBD13,2,Experimental Setup,1. Procure equipment and prepare lab setup | 2. Conduct preliminary experiments | 3. Collect baseline experimental data
RDM_CC0CC6,PRJ_FFBD13,3,Computational Modeling,1. Develop simulation or ML model | 2. Calibrate model with experimental data | 3. Perform virtual parameter sweeps
RDM_2DB24F,PRJ_FFBD13,4,Integrated Analysis,1. Cross-validate experimental and computational results | 2. Identify discrepancies and perform root-cause analysis | 3. Optimize design based on integrated findings
RDM_D81150,PRJ_FFBD13,5,Validation,1. Conduct confirmatory experiments | 2. Benchmark against existing literature | 3. Document uncertainty and error bounds
RDM_EE426B,PRJ_FFBD13,6,Reporting,1. Prepare final report combining both methodologies | 2. Submit to conference or journal | 3. Archive all artifacts
RDM_DB9327,PRJ_A55A85,1,Literature Review & Problem Formulation,1. Conduct systematic literature review on topic | 2. Identify research gaps and define problem statement | 3. Prepare literature review document (min 30 papers) | 4. Define hypothesis and success criteria
RDM_018942,PRJ_A55A85,2,Design & Procurement,1. Finalize system architecture and block diagram | 2. Prepare Bill of Materials (BoM) | 3. Procure equipment and consumables | 4. Set up experimental workspace and safety protocols
RDM_AC1F11,PRJ_A55A85,3,Prototype Development,1. Assemble hardware components | 2. Develop initial firmware/software | 3. Perform bench-level unit tests | 4. Document assembly and calibration procedure
RDM_127BDA,PRJ_A55A85,4,Data Collection,1. Design data collection protocol | 2. Run controlled experiments with replication | 3. Log raw data with timestamps | 4. Perform initial quality check on collected data
RDM_6CCE03,PRJ_A55A85,5,Analysis & Modeling,1. Clean and preprocess collected data | 2. Apply statistical/ML models | 3. Visualize results and generate insights | 4. Conduct sensitivity analysis
RDM_071F01,PRJ_A55A85,6,Validation & Testing,"1. Compare results against baseline or benchmarks | 2. Conduct blind validation experiments | 3. Document accuracy, precision, recall metrics | 4. Identify failure modes and limitations"
RDM_1DAA4F,PRJ_A55A85,7,Reporting & Dissemination,"1. Write final project report | 2. Prepare journal/conference manuscript | 3. Create poster or demo presentation | 4. Archive code, data, and documentation on GitHub/Zenodo"
RDM_2F8D37,PRJ_89993E,1,Literature Review,1. Perform systematic literature review | 2. Identify experimental and computational components | 3. Define hybrid methodology rationale
RDM_658821,PRJ_89993E,2,Experimental Setup,1. Procure equipment and prepare lab setup | 2. Conduct preliminary experiments | 3. Collect baseline experimental data
RDM_4B33D0,PRJ_89993E,3,Computational Modeling,1. Develop simulation or ML model | 2. Calibrate model with experimental data | 3. Perform virtual parameter sweeps
RDM_10F2D7,PRJ_89993E,4,Integrated Analysis,1. Cross-validate experimental and computational results | 2. Identify discrepancies and perform root-cause analysis | 3. Optimize design based on integrated findings
RDM_5B2176,PRJ_89993E,5,Validation,1. Conduct confirmatory experiments | 2. Benchmark against existing literature | 3. Document uncertainty and error bounds
RDM_D16DCD,PRJ_89993E,6,Reporting,1. Prepare final report combining both methodologies | 2. Submit to conference or journal | 3. Archive all artifacts
RDM_038594,PRJ_4DE9C2,1,Literature Review,1. Perform systematic literature review | 2. Identify experimental and computational components | 3. Define hybrid methodology rationale
RDM_11FA98,PRJ_4DE9C2,2,Experimental Setup,1. Procure equipment and prepare lab setup | 2. Conduct preliminary experiments | 3. Collect baseline experimental data
RDM_CC505D,PRJ_4DE9C2,3,Computational Modeling,1. Develop simulation or ML model | 2. Calibrate model with experimental data | 3. Perform virtual parameter sweeps
RDM_2063A8,PRJ_4DE9C2,4,Integrated Analysis,1. Cross-validate experimental and computational results | 2. Identify discrepancies and perform root-cause analysis | 3. Optimize design based on integrated findings
RDM_1E65DC,PRJ_4DE9C2,5,Validation,1. Conduct confirmatory experiments | 2. Benchmark against existing literature | 3. Document uncertainty and error bounds
RDM_547F96,PRJ_4DE9C2,6,Reporting,1. Prepare final report combining both methodologies | 2. Submit to conference or journal | 3. Archive all artifacts
RDM_F849C8,PRJ_6009BF,1,Literature Review & Problem Formulation,1. Conduct systematic literature review on topic | 2. Identify research gaps and define problem statement | 3. Prepare literature review document (min 30 papers) | 4. Define hypothesis and success criteria
RDM_41DD30,PRJ_6009BF,2,Design & Procurement,1. Finalize system architecture and block diagram | 2. Prepare Bill of Materials (BoM) | 3. Procure equipment and consumables | 4. Set up experimental workspace and safety protocols
RDM_83ABDA,PRJ_6009BF,3,Prototype Development,1. Assemble hardware components | 2. Develop initial firmware/software | 3. Perform bench-level unit tests | 4. Document assembly and calibration procedure
RDM_084E7B,PRJ_6009BF,4,Data Collection,1. Design data collection protocol | 2. Run controlled experiments with replication | 3. Log raw data with timestamps | 4. Perform initial quality check on collected data
RDM_FDCCCF,PRJ_6009BF,5,Analysis & Modeling,1. Clean and preprocess collected data | 2. Apply statistical/ML models | 3. Visualize results and generate insights | 4. Conduct sensitivity analysis
RDM_A79BD6,PRJ_6009BF,6,Validation & Testing,"1. Compare results against baseline or benchmarks | 2. Conduct blind validation experiments | 3. Document accuracy, precision, recall metrics | 4. Identify failure modes and limitations"
RDM_656885,PRJ_6009BF,7,Reporting & Dissemination,"1. Write final project report | 2. Prepare journal/conference manuscript | 3. Create poster or demo presentation | 4. Archive code, data, and documentation on GitHub/Zenodo"
RDM_3EAE08,PRJ_BE9F42,1,Literature Review,1. Perform systematic literature review | 2. Identify experimental and computational components | 3. Define hybrid methodology rationale
RDM_E02DBA,PRJ_BE9F42,2,Experimental Setup,1. Procure equipment and prepare lab setup | 2. Conduct preliminary experiments | 3. Collect baseline experimental data
RDM_04BD42,PRJ_BE9F42,3,Computational Modeling,1. Develop simulation or ML model | 2. Calibrate model with experimental data | 3. Perform virtual parameter sweeps
RDM_860399,PRJ_BE9F42,4,Integrated Analysis,1. Cross-validate experimental and computational results | 2. Identify discrepancies and perform root-cause analysis | 3. Optimize design based on integrated findings
RDM_72EEFB,PRJ_BE9F42,5,Validation,1. Conduct confirmatory experiments | 2. Benchmark against existing literature | 3. Document uncertainty and error bounds
RDM_379F26,PRJ_BE9F42,6,Reporting,1. Prepare final report combining both methodologies | 2. Submit to conference or journal | 3. Archive all artifacts
RDM_0F8C2C,PRJ_DC5DF6,1,Literature Review & Problem Formulation,1. Conduct systematic literature review on topic | 2. Identify research gaps and define problem statement | 3. Prepare literature review document (min 30 papers) | 4. Define hypothesis and success criteria
RDM_29E15A,PRJ_DC5DF6,2,Design & Procurement,1. Finalize system architecture and block diagram | 2. Prepare Bill of Materials (BoM) | 3. Procure equipment and consumables | 4. Set up experimental workspace and safety protocols
RDM_560F16,PRJ_DC5DF6,3,Prototype Development,1. Assemble hardware components | 2. Develop initial firmware/software | 3. Perform bench-level unit tests | 4. Document assembly and calibration procedure
RDM_9EC416,PRJ_DC5DF6,4,Data Collection,1. Design data collection protocol | 2. Run controlled experiments with replication | 3. Log raw data with timestamps | 4. Perform initial quality check on collected data
RDM_9C0680,PRJ_DC5DF6,5,Analysis & Modeling,1. Clean and preprocess collected data | 2. Apply statistical/ML models | 3. Visualize results and generate insights | 4. Conduct sensitivity analysis
RDM_15E590,PRJ_DC5DF6,6,Validation & Testing,"1. Compare results against baseline or benchmarks | 2. Conduct blind validation experiments | 3. Document accuracy, precision, recall metrics | 4. Identify failure modes and limitations"
RDM_CDBE1E,PRJ_DC5DF6,7,Reporting & Dissemination,"1. Write final project report | 2. Prepare journal/conference manuscript | 3. Create poster or demo presentation | 4. Archive code, data, and documentation on GitHub/Zenodo"
RDM_3E065A,PRJ_C8027F,1,Literature Review,1. Perform systematic literature review | 2. Identify experimental and computational components | 3. Define hybrid methodology rationale
RDM_58FFF3,PRJ_C8027F,2,Experimental Setup,1. Procure equipment and prepare lab setup | 2. Conduct preliminary experiments | 3. Collect baseline experimental data
RDM_5740A7,PRJ_C8027F,3,Computational Modeling,1. Develop simulation or ML model | 2. Calibrate model with experimental data | 3. Perform virtual parameter sweeps
RDM_EF6C9E,PRJ_C8027F,4,Integrated Analysis,1. Cross-validate experimental and computational results | 2. Identify discrepancies and perform root-cause analysis | 3. Optimize design based on integrated findings
RDM_EA1E3E,PRJ_C8027F,5,Validation,1. Conduct confirmatory experiments | 2. Benchmark against existing literature | 3. Document uncertainty and error bounds
RDM_2C70C9,PRJ_C8027F,6,Reporting,1. Prepare final report combining both methodologies | 2. Submit to conference or journal | 3. Archive all artifacts
RDM_25819A,PRJ_DE5A0C,1,Literature Review & Problem Formulation,1. Conduct systematic literature review on topic | 2. Identify research gaps and define problem statement | 3. Prepare literature review document (min 30 papers) | 4. Define hypothesis and success criteria
RDM_F1DD2C,PRJ_DE5A0C,2,Design & Procurement,1. Finalize system architecture and block diagram | 2. Prepare Bill of Materials (BoM) | 3. Procure equipment and consumables | 4. Set up experimental workspace and safety protocols
RDM_65729A,PRJ_DE5A0C,3,Prototype Development,1. Assemble hardware components | 2. Develop initial firmware/software | 3. Perform bench-level unit tests | 4. Document assembly and calibration procedure
RDM_76C74D,PRJ_DE5A0C,4,Data Collection,1. Design data collection protocol | 2. Run controlled experiments with replication | 3. Log raw data with timestamps | 4. Perform initial quality check on collected data
RDM_E6C2C1,PRJ_DE5A0C,5,Analysis & Modeling,1. Clean and preprocess collected data | 2. Apply statistical/ML models | 3. Visualize results and generate insights | 4. Conduct sensitivity analysis
RDM_3121AE,PRJ_DE5A0C,6,Validation & Testing,"1. Compare results against baseline or benchmarks | 2. Conduct blind validation experiments | 3. Document accuracy, precision, recall metrics | 4. Identify failure modes and limitations"
RDM_5299DF,PRJ_DE5A0C,7,Reporting & Dissemination,"1. Write final project report | 2. Prepare journal/conference manuscript | 3. Create poster or demo presentation | 4. Archive code, data, and documentation on GitHub/Zenodo"
RDM_F7ED88,PRJ_9A9AC6,1,Literature Review,1. Perform systematic literature review | 2. Identify experimental and computational components | 3. Define hybrid methodology rationale
RDM_B3336F,PRJ_9A9AC6,2,Experimental Setup,1. Procure equipment and prepare lab setup | 2. Conduct preliminary experiments | 3. Collect baseline experimental data
RDM_EB2A00,PRJ_9A9AC6,3,Computational Modeling,1. Develop simulation or ML model | 2. Calibrate model with experimental data | 3. Perform virtual parameter sweeps
RDM_0B1613,PRJ_9A9AC6,4,Integrated Analysis,1. Cross-validate experimental and computational results | 2. Identify discrepancies and perform root-cause analysis | 3. Optimize design based on integrated findings
RDM_9BFE58,PRJ_9A9AC6,5,Validation,1. Conduct confirmatory experiments | 2. Benchmark against existing literature | 3. Document uncertainty and error bounds
RDM_5D1028,PRJ_9A9AC6,6,Reporting,1. Prepare final report combining both methodologies | 2. Submit to conference or journal | 3. Archive all artifacts
RDM_5E9742,PRJ_2ADD49,1,Literature Review,1. Perform systematic literature review | 2. Identify experimental and computational components | 3. Define hybrid methodology rationale
RDM_4CFD73,PRJ_2ADD49,2,Experimental Setup,1. Procure equipment and prepare lab setup | 2. Conduct preliminary experiments | 3. Collect baseline experimental data
RDM_4E6868,PRJ_2ADD49,3,Computational Modeling,1. Develop simulation or ML model | 2. Calibrate model with experimental data | 3. Perform virtual parameter sweeps
RDM_8845EF,PRJ_2ADD49,4,Integrated Analysis,1. Cross-validate experimental and computational results | 2. Identify discrepancies and perform root-cause analysis | 3. Optimize design based on integrated findings
RDM_E31B99,PRJ_2ADD49,5,Validation,1. Conduct confirmatory experiments | 2. Benchmark against existing literature | 3. Document uncertainty and error bounds
RDM_2ABB6F,PRJ_2ADD49,6,Reporting,1. Prepare final report combining both methodologies | 2. Submit to conference or journal | 3. Archive all artifacts
RDM_4E9E4F,PRJ_0E9168,1,Literature Review,1. Perform systematic literature review | 2. Identify experimental and computational components | 3. Define hybrid methodology rationale
RDM_B84D50,PRJ_0E9168,2,Experimental Setup,1. Procure equipment and prepare lab setup | 2. Conduct preliminary experiments | 3. Collect baseline experimental data
RDM_2C8CF4,PRJ_0E9168,3,Computational Modeling,1. Develop simulation or ML model | 2. Calibrate model with experimental data | 3. Perform virtual parameter sweeps
RDM_74450E,PRJ_0E9168,4,Integrated Analysis,1. Cross-validate experimental and computational results | 2. Identify discrepancies and perform root-cause analysis | 3. Optimize design based on integrated findings
RDM_76C5A9,PRJ_0E9168,5,Validation,1. Conduct confirmatory experiments | 2. Benchmark against existing literature | 3. Document uncertainty and error bounds
RDM_3D7E3E,PRJ_0E9168,6,Reporting,1. Prepare final report combining both methodologies | 2. Submit to conference or journal | 3. Archive all artifacts
RDM_5D0656,PRJ_A625E2,1,Literature Review,1. Perform systematic literature review | 2. Identify experimental and computational components | 3. Define hybrid methodology rationale
RDM_3C1046,PRJ_A625E2,2,Experimental Setup,1. Procure equipment and prepare lab setup | 2. Conduct preliminary experiments | 3. Collect baseline experimental data
RDM_8FF617,PRJ_A625E2,3,Computational Modeling,1. Develop simulation or ML model | 2. Calibrate model with experimental data | 3. Perform virtual parameter sweeps
RDM_294990,PRJ_A625E2,4,Integrated Analysis,1. Cross-validate experimental and computational results | 2. Identify discrepancies and perform root-cause analysis | 3. Optimize design based on integrated findings
RDM_81C992,PRJ_A625E2,5,Validation,1. Conduct confirmatory experiments | 2. Benchmark against existing literature | 3. Document uncertainty and error bounds
RDM_649A63,PRJ_A625E2,6,Reporting,1. Prepare final report combining both methodologies | 2. Submit to conference or journal | 3. Archive all artifacts
RDM_78F472,PRJ_9E539A,1,Literature Review & Problem Formulation,1. Conduct systematic literature review on topic | 2. Identify research gaps and define problem statement | 3. Prepare literature review document (min 30 papers) | 4. Define hypothesis and success criteria
RDM_3F7C05,PRJ_9E539A,2,Design & Procurement,1. Finalize system architecture and block diagram | 2. Prepare Bill of Materials (BoM) | 3. Procure equipment and consumables | 4. Set up experimental workspace and safety protocols
RDM_951C34,PRJ_9E539A,3,Prototype Development,1. Assemble hardware components | 2. Develop initial firmware/software | 3. Perform bench-level unit tests | 4. Document assembly and calibration procedure
RDM_8546FD,PRJ_9E539A,4,Data Collection,1. Design data collection protocol | 2. Run controlled experiments with replication | 3. Log raw data with timestamps | 4. Perform initial quality check on collected data
RDM_2466ED,PRJ_9E539A,5,Analysis & Modeling,1. Clean and preprocess collected data | 2. Apply statistical/ML models | 3. Visualize results and generate insights | 4. Conduct sensitivity analysis
RDM_F23E3C,PRJ_9E539A,6,Validation & Testing,"1. Compare results against baseline or benchmarks | 2. Conduct blind validation experiments | 3. Document accuracy, precision, recall metrics | 4. Identify failure modes and limitations"
RDM_0479EA,PRJ_9E539A,7,Reporting & Dissemination,"1. Write final project report | 2. Prepare journal/conference manuscript | 3. Create poster or demo presentation | 4. Archive code, data, and documentation on GitHub/Zenodo"
RDM_FF4BCB,PRJ_34C395,1,Literature Review,1. Perform systematic literature review | 2. Identify experimental and computational components | 3. Define hybrid methodology rationale
RDM_E368BF,PRJ_34C395,2,Experimental Setup,1. Procure equipment and prepare lab setup | 2. Conduct preliminary experiments | 3. Collect baseline experimental data
RDM_7D8F2F,PRJ_34C395,3,Computational Modeling,1. Develop simulation or ML model | 2. Calibrate model with experimental data | 3. Perform virtual parameter sweeps
RDM_5C0AE0,PRJ_34C395,4,Integrated Analysis,1. Cross-validate experimental and computational results | 2. Identify discrepancies and perform root-cause analysis | 3. Optimize design based on integrated findings
RDM_09A3D0,PRJ_34C395,5,Validation,1. Conduct confirmatory experiments | 2. Benchmark against existing literature | 3. Document uncertainty and error bounds
RDM_72394A,PRJ_34C395,6,Reporting,1. Prepare final report combining both methodologies | 2. Submit to conference or journal | 3. Archive all artifacts
RDM_C4F3F5,PRJ_E10BEF,1,Literature Review,1. Perform systematic literature review | 2. Identify experimental and computational components | 3. Define hybrid methodology rationale
RDM_D5BA35,PRJ_E10BEF,2,Experimental Setup,1. Procure equipment and prepare lab setup | 2. Conduct preliminary experiments | 3. Collect baseline experimental data
RDM_F5924B,PRJ_E10BEF,3,Computational Modeling,1. Develop simulation or ML model | 2. Calibrate model with experimental data | 3. Perform virtual parameter sweeps
RDM_B6472D,PRJ_E10BEF,4,Integrated Analysis,1. Cross-validate experimental and computational results | 2. Identify discrepancies and perform root-cause analysis | 3. Optimize design based on integrated findings
RDM_F4AB6E,PRJ_E10BEF,5,Validation,1. Conduct confirmatory experiments | 2. Benchmark against existing literature | 3. Document uncertainty and error bounds
RDM_E200D5,PRJ_E10BEF,6,Reporting,1. Prepare final report combining both methodologies | 2. Submit to conference or journal | 3. Archive all artifacts
RDM_0506B7,PRJ_54649E,1,Literature Review & Problem Formulation,1. Conduct systematic literature review on topic | 2. Identify research gaps and define problem statement | 3. Prepare literature review document (min 30 papers) | 4. Define hypothesis and success criteria
RDM_A888AC,PRJ_54649E,2,Design & Procurement,1. Finalize system architecture and block diagram | 2. Prepare Bill of Materials (BoM) | 3. Procure equipment and consumables | 4. Set up experimental workspace and safety protocols
RDM_3308EE,PRJ_54649E,3,Prototype Development,1. Assemble hardware components | 2. Develop initial firmware/software | 3. Perform bench-level unit tests | 4. Document assembly and calibration procedure
RDM_053D69,PRJ_54649E,4,Data Collection,1. Design data collection protocol | 2. Run controlled experiments with replication | 3. Log raw data with timestamps | 4. Perform initial quality check on collected data
RDM_B5D9A0,PRJ_54649E,5,Analysis & Modeling,1. Clean and preprocess collected data | 2. Apply statistical/ML models | 3. Visualize results and generate insights | 4. Conduct sensitivity analysis
RDM_BB8177,PRJ_54649E,6,Validation & Testing,"1. Compare results against baseline or benchmarks | 2. Conduct blind validation experiments | 3. Document accuracy, precision, recall metrics | 4. Identify failure modes and limitations"
RDM_F0D7C2,PRJ_54649E,7,Reporting & Dissemination,"1. Write final project report | 2. Prepare journal/conference manuscript | 3. Create poster or demo presentation | 4. Archive code, data, and documentation on GitHub/Zenodo"
RDM_45621A,PRJ_1F2D32,1,Literature Review,1. Perform systematic literature review | 2. Identify experimental and computational components | 3. Define hybrid methodology rationale
RDM_465568,PRJ_1F2D32,2,Experimental Setup,1. Procure equipment and prepare lab setup | 2. Conduct preliminary experiments | 3. Collect baseline experimental data
RDM_7D361B,PRJ_1F2D32,3,Computational Modeling,1. Develop simulation or ML model | 2. Calibrate model with experimental data | 3. Perform virtual parameter sweeps
RDM_C2EFA0,PRJ_1F2D32,4,Integrated Analysis,1. Cross-validate experimental and computational results | 2. Identify discrepancies and perform root-cause analysis | 3. Optimize design based on integrated findings
RDM_CF190D,PRJ_1F2D32,5,Validation,1. Conduct confirmatory experiments | 2. Benchmark against existing literature | 3. Document uncertainty and error bounds
RDM_7ED5D9,PRJ_1F2D32,6,Reporting,1. Prepare final report combining both methodologies | 2. Submit to conference or journal | 3. Archive all artifacts
RDM_1D7629,PRJ_6B6E81,1,Literature Review & Problem Formulation,1. Conduct systematic literature review on topic | 2. Identify research gaps and define problem statement | 3. Prepare literature review document (min 30 papers) | 4. Define hypothesis and success criteria
RDM_24A0C2,PRJ_6B6E81,2,Design & Procurement,1. Finalize system architecture and block diagram | 2. Prepare Bill of Materials (BoM) | 3. Procure equipment and consumables | 4. Set up experimental workspace and safety protocols
RDM_D7D294,PRJ_6B6E81,3,Prototype Development,1. Assemble hardware components | 2. Develop initial firmware/software | 3. Perform bench-level unit tests | 4. Document assembly and calibration procedure
RDM_8B35A1,PRJ_6B6E81,4,Data Collection,1. Design data collection protocol | 2. Run controlled experiments with replication | 3. Log raw data with timestamps | 4. Perform initial quality check on collected data
RDM_44B78F,PRJ_6B6E81,5,Analysis & Modeling,1. Clean and preprocess collected data | 2. Apply statistical/ML models | 3. Visualize results and generate insights | 4. Conduct sensitivity analysis
RDM_17F264,PRJ_6B6E81,6,Validation & Testing,"1. Compare results against baseline or benchmarks | 2. Conduct blind validation experiments | 3. Document accuracy, precision, recall metrics | 4. Identify failure modes and limitations"
RDM_CFE296,PRJ_6B6E81,7,Reporting & Dissemination,"1. Write final project report | 2. Prepare journal/conference manuscript | 3. Create poster or demo presentation | 4. Archive code, data, and documentation on GitHub/Zenodo"
RDM_C01343,PRJ_932A12,1,Literature Review & Problem Formulation,1. Conduct systematic literature review on topic | 2. Identify research gaps and define problem statement | 3. Prepare literature review document (min 30 papers) | 4. Define hypothesis and success criteria
RDM_548294,PRJ_932A12,2,Design & Procurement,1. Finalize system architecture and block diagram | 2. Prepare Bill of Materials (BoM) | 3. Procure equipment and consumables | 4. Set up experimental workspace and safety protocols
RDM_97CC30,PRJ_932A12,3,Prototype Development,1. Assemble hardware components | 2. Develop initial firmware/software | 3. Perform bench-level unit tests | 4. Document assembly and calibration procedure
RDM_20A0D1,PRJ_932A12,4,Data Collection,1. Design data collection protocol | 2. Run controlled experiments with replication | 3. Log raw data with timestamps | 4. Perform initial quality check on collected data
RDM_191339,PRJ_932A12,5,Analysis & Modeling,1. Clean and preprocess collected data | 2. Apply statistical/ML models | 3. Visualize results and generate insights | 4. Conduct sensitivity analysis
RDM_97F6B7,PRJ_932A12,6,Validation & Testing,"1. Compare results against baseline or benchmarks | 2. Conduct blind validation experiments | 3. Document accuracy, precision, recall metrics | 4. Identify failure modes and limitations"
RDM_60E558,PRJ_932A12,7,Reporting & Dissemination,"1. Write final project report | 2. Prepare journal/conference manuscript | 3. Create poster or demo presentation | 4. Archive code, data, and documentation on GitHub/Zenodo"
RDM_9BCF5F,PRJ_4718BE,1,Literature Review & Problem Formulation,1. Conduct systematic literature review on topic | 2. Identify research gaps and define problem statement | 3. Prepare literature review document (min 30 papers) | 4. Define hypothesis and success criteria
RDM_297856,PRJ_4718BE,2,Design & Procurement,1. Finalize system architecture and block diagram | 2. Prepare Bill of Materials (BoM) | 3. Procure equipment and consumables | 4. Set up experimental workspace and safety protocols
RDM_314D7A,PRJ_4718BE,3,Prototype Development,1. Assemble hardware components | 2. Develop initial firmware/software | 3. Perform bench-level unit tests | 4. Document assembly and calibration procedure
RDM_2D1231,PRJ_4718BE,4,Data Collection,1. Design data collection protocol | 2. Run controlled experiments with replication | 3. Log raw data with timestamps | 4. Perform initial quality check on collected data
RDM_E7DA77,PRJ_4718BE,5,Analysis & Modeling,1. Clean and preprocess collected data | 2. Apply statistical/ML models | 3. Visualize results and generate insights | 4. Conduct sensitivity analysis
RDM_DC7859,PRJ_4718BE,6,Validation & Testing,"1. Compare results against baseline or benchmarks | 2. Conduct blind validation experiments | 3. Document accuracy, precision, recall metrics | 4. Identify failure modes and limitations"
RDM_17E9FE,PRJ_4718BE,7,Reporting & Dissemination,"1. Write final project report | 2. Prepare journal/conference manuscript | 3. Create poster or demo presentation | 4. Archive code, data, and documentation on GitHub/Zenodo"
RDM_DBD1D0,PRJ_2DCBF6,1,Literature Review,1. Perform systematic literature review | 2. Identify experimental and computational components | 3. Define hybrid methodology rationale
RDM_7BED02,PRJ_2DCBF6,2,Experimental Setup,1. Procure equipment and prepare lab setup | 2. Conduct preliminary experiments | 3. Collect baseline experimental data
RDM_C9EC3D,PRJ_2DCBF6,3,Computational Modeling,1. Develop simulation or ML model | 2. Calibrate model with experimental data | 3. Perform virtual parameter sweeps
RDM_2E6F8A,PRJ_2DCBF6,4,Integrated Analysis,1. Cross-validate experimental and computational results | 2. Identify discrepancies and perform root-cause analysis | 3. Optimize design based on integrated findings
RDM_9472A9,PRJ_2DCBF6,5,Validation,1. Conduct confirmatory experiments | 2. Benchmark against existing literature | 3. Document uncertainty and error bounds
RDM_1EE410,PRJ_2DCBF6,6,Reporting,1. Prepare final report combining both methodologies | 2. Submit to conference or journal | 3. Archive all artifacts
RDM_F142CE,PRJ_9C5387,1,Literature Review,1. Perform systematic literature review | 2. Identify experimental and computational components | 3. Define hybrid methodology rationale
RDM_01DBD3,PRJ_9C5387,2,Experimental Setup,1. Procure equipment and prepare lab setup | 2. Conduct preliminary experiments | 3. Collect baseline experimental data
RDM_931498,PRJ_9C5387,3,Computational Modeling,1. Develop simulation or ML model | 2. Calibrate model with experimental data | 3. Perform virtual parameter sweeps
RDM_C611D0,PRJ_9C5387,4,Integrated Analysis,1. Cross-validate experimental and computational results | 2. Identify discrepancies and perform root-cause analysis | 3. Optimize design based on integrated findings
RDM_BA388E,PRJ_9C5387,5,Validation,1. Conduct confirmatory experiments | 2. Benchmark against existing literature | 3. Document uncertainty and error bounds
RDM_CE302A,PRJ_9C5387,6,Reporting,1. Prepare final report combining both methodologies | 2. Submit to conference or journal | 3. Archive all artifacts
RDM_BC30DA,PRJ_B2200D,1,Literature Review,1. Perform systematic literature review | 2. Identify experimental and computational components | 3. Define hybrid methodology rationale
RDM_6263AC,PRJ_B2200D,2,Experimental Setup,1. Procure equipment and prepare lab setup | 2. Conduct preliminary experiments | 3. Collect baseline experimental data
RDM_2AFBF8,PRJ_B2200D,3,Computational Modeling,1. Develop simulation or ML model | 2. Calibrate model with experimental data | 3. Perform virtual parameter sweeps
RDM_F1117B,PRJ_B2200D,4,Integrated Analysis,1. Cross-validate experimental and computational results | 2. Identify discrepancies and perform root-cause analysis | 3. Optimize design based on integrated findings
RDM_8C0857,PRJ_B2200D,5,Validation,1. Conduct confirmatory experiments | 2. Benchmark against existing literature | 3. Document uncertainty and error bounds
RDM_B3B2A9,PRJ_B2200D,6,Reporting,1. Prepare final report combining both methodologies | 2. Submit to conference or journal | 3. Archive all artifacts
RDM_BF03CD,PRJ_B9FA94,1,Literature Review,1. Perform systematic literature review | 2. Identify experimental and computational components | 3. Define hybrid methodology rationale
RDM_7F24A7,PRJ_B9FA94,2,Experimental Setup,1. Procure equipment and prepare lab setup | 2. Conduct preliminary experiments | 3. Collect baseline experimental data
RDM_880412,PRJ_B9FA94,3,Computational Modeling,1. Develop simulation or ML model | 2. Calibrate model with experimental data | 3. Perform virtual parameter sweeps
RDM_3E8C18,PRJ_B9FA94,4,Integrated Analysis,1. Cross-validate experimental and computational results | 2. Identify discrepancies and perform root-cause analysis | 3. Optimize design based on integrated findings
RDM_BE01DA,PRJ_B9FA94,5,Validation,1. Conduct confirmatory experiments | 2. Benchmark against existing literature | 3. Document uncertainty and error bounds
RDM_E89AC4,PRJ_B9FA94,6,Reporting,1. Prepare final report combining both methodologies | 2. Submit to conference or journal | 3. Archive all artifacts
RDM_5CE2A9,PRJ_06F7F0,1,Literature Review,1. Perform systematic literature review | 2. Identify experimental and computational components | 3. Define hybrid methodology rationale
RDM_D59428,PRJ_06F7F0,2,Experimental Setup,1. Procure equipment and prepare lab setup | 2. Conduct preliminary experiments | 3. Collect baseline experimental data
RDM_94206F,PRJ_06F7F0,3,Computational Modeling,1. Develop simulation or ML model | 2. Calibrate model with experimental data | 3. Perform virtual parameter sweeps
RDM_13D7A6,PRJ_06F7F0,4,Integrated Analysis,1. Cross-validate experimental and computational results | 2. Identify discrepancies and perform root-cause analysis | 3. Optimize design based on integrated findings
RDM_61BFB5,PRJ_06F7F0,5,Validation,1. Conduct confirmatory experiments | 2. Benchmark against existing literature | 3. Document uncertainty and error bounds
RDM_867762,PRJ_06F7F0,6,Reporting,1. Prepare final report combining both methodologies | 2. Submit to conference or journal | 3. Archive all artifacts
RDM_6CF341,PRJ_AF52CD,1,Literature Review & Problem Formulation,1. Conduct systematic literature review on topic | 2. Identify research gaps and define problem statement | 3. Prepare literature review document (min 30 papers) | 4. Define hypothesis and success criteria
RDM_1A6112,PRJ_AF52CD,2,Design & Procurement,1. Finalize system architecture and block diagram | 2. Prepare Bill of Materials (BoM) | 3. Procure equipment and consumables | 4. Set up experimental workspace and safety protocols
RDM_FEC9DB,PRJ_AF52CD,3,Prototype Development,1. Assemble hardware components | 2. Develop initial firmware/software | 3. Perform bench-level unit tests | 4. Document assembly and calibration procedure
RDM_62AA97,PRJ_AF52CD,4,Data Collection,1. Design data collection protocol | 2. Run controlled experiments with replication | 3. Log raw data with timestamps | 4. Perform initial quality check on collected data
RDM_C797B2,PRJ_AF52CD,5,Analysis & Modeling,1. Clean and preprocess collected data | 2. Apply statistical/ML models | 3. Visualize results and generate insights | 4. Conduct sensitivity analysis
RDM_380992,PRJ_AF52CD,6,Validation & Testing,"1. Compare results against baseline or benchmarks | 2. Conduct blind validation experiments | 3. Document accuracy, precision, recall metrics | 4. Identify failure modes and limitations"
RDM_EAF150,PRJ_AF52CD,7,Reporting & Dissemination,"1. Write final project report | 2. Prepare journal/conference manuscript | 3. Create poster or demo presentation | 4. Archive code, data, and documentation on GitHub/Zenodo"
RDM_74F59D,PRJ_4FD3C1,1,Literature Review & Problem Formulation,1. Conduct systematic literature review on topic | 2. Identify research gaps and define problem statement | 3. Prepare literature review document (min 30 papers) | 4. Define hypothesis and success criteria
RDM_43F085,PRJ_4FD3C1,2,Design & Procurement,1. Finalize system architecture and block diagram | 2. Prepare Bill of Materials (BoM) | 3. Procure equipment and consumables | 4. Set up experimental workspace and safety protocols
RDM_D86B33,PRJ_4FD3C1,3,Prototype Development,1. Assemble hardware components | 2. Develop initial firmware/software | 3. Perform bench-level unit tests | 4. Document assembly and calibration procedure
RDM_B7B892,PRJ_4FD3C1,4,Data Collection,1. Design data collection protocol | 2. Run controlled experiments with replication | 3. Log raw data with timestamps | 4. Perform initial quality check on collected data
RDM_09CD1D,PRJ_4FD3C1,5,Analysis & Modeling,1. Clean and preprocess collected data | 2. Apply statistical/ML models | 3. Visualize results and generate insights | 4. Conduct sensitivity analysis
RDM_2EC167,PRJ_4FD3C1,6,Validation & Testing,"1. Compare results against baseline or benchmarks | 2. Conduct blind validation experiments | 3. Document accuracy, precision, recall metrics | 4. Identify failure modes and limitations"
RDM_7B6670,PRJ_4FD3C1,7,Reporting & Dissemination,"1. Write final project report | 2. Prepare journal/conference manuscript | 3. Create poster or demo presentation | 4. Archive code, data, and documentation on GitHub/Zenodo"
RDM_E072FE,PRJ_663540,1,Literature Review,1. Perform systematic literature review | 2. Identify experimental and computational components | 3. Define hybrid methodology rationale
RDM_E0651A,PRJ_663540,2,Experimental Setup,1. Procure equipment and prepare lab setup | 2. Conduct preliminary experiments | 3. Collect baseline experimental data
RDM_1F27A0,PRJ_663540,3,Computational Modeling,1. Develop simulation or ML model | 2. Calibrate model with experimental data | 3. Perform virtual parameter sweeps
RDM_BD4920,PRJ_663540,4,Integrated Analysis,1. Cross-validate experimental and computational results | 2. Identify discrepancies and perform root-cause analysis | 3. Optimize design based on integrated findings
RDM_DB4693,PRJ_663540,5,Validation,1. Conduct confirmatory experiments | 2. Benchmark against existing literature | 3. Document uncertainty and error bounds
RDM_1CB96C,PRJ_663540,6,Reporting,1. Prepare final report combining both methodologies | 2. Submit to conference or journal | 3. Archive all artifacts
RDM_4954AF,PRJ_CF435F,1,Literature Review & Problem Formulation,1. Conduct systematic literature review on topic | 2. Identify research gaps and define problem statement | 3. Prepare literature review document (min 30 papers) | 4. Define hypothesis and success criteria
RDM_E34B88,PRJ_CF435F,2,Design & Procurement,1. Finalize system architecture and block diagram | 2. Prepare Bill of Materials (BoM) | 3. Procure equipment and consumables | 4. Set up experimental workspace and safety protocols
RDM_6A9308,PRJ_CF435F,3,Prototype Development,1. Assemble hardware components | 2. Develop initial firmware/software | 3. Perform bench-level unit tests | 4. Document assembly and calibration procedure
RDM_8466C9,PRJ_CF435F,4,Data Collection,1. Design data collection protocol | 2. Run controlled experiments with replication | 3. Log raw data with timestamps | 4. Perform initial quality check on collected data
RDM_271651,PRJ_CF435F,5,Analysis & Modeling,1. Clean and preprocess collected data | 2. Apply statistical/ML models | 3. Visualize results and generate insights | 4. Conduct sensitivity analysis
RDM_9D3492,PRJ_CF435F,6,Validation & Testing,"1. Compare results against baseline or benchmarks | 2. Conduct blind validation experiments | 3. Document accuracy, precision, recall metrics | 4. Identify failure modes and limitations"
RDM_563C12,PRJ_CF435F,7,Reporting & Dissemination,"1. Write final project report | 2. Prepare journal/conference manuscript | 3. Create poster or demo presentation | 4. Archive code, data, and documentation on GitHub/Zenodo"
RDM_A4C770,PRJ_413C4B,1,Literature Review,1. Perform systematic literature review | 2. Identify experimental and computational components | 3. Define hybrid methodology rationale
RDM_BA4FDB,PRJ_413C4B,2,Experimental Setup,1. Procure equipment and prepare lab setup | 2. Conduct preliminary experiments | 3. Collect baseline experimental data
RDM_A6E0FF,PRJ_413C4B,3,Computational Modeling,1. Develop simulation or ML model | 2. Calibrate model with experimental data | 3. Perform virtual parameter sweeps
RDM_2F0E31,PRJ_413C4B,4,Integrated Analysis,1. Cross-validate experimental and computational results | 2. Identify discrepancies and perform root-cause analysis | 3. Optimize design based on integrated findings
RDM_0FC687,PRJ_413C4B,5,Validation,1. Conduct confirmatory experiments | 2. Benchmark against existing literature | 3. Document uncertainty and error bounds
RDM_3E7BCF,PRJ_413C4B,6,Reporting,1. Prepare final report combining both methodologies | 2. Submit to conference or journal | 3. Archive all artifacts
RDM_13EBA3,PRJ_E3BE1E,1,Literature Review & Problem Formulation,1. Conduct systematic literature review on topic | 2. Identify research gaps and define problem statement | 3. Prepare literature review document (min 30 papers) | 4. Define hypothesis and success criteria
RDM_581063,PRJ_E3BE1E,2,Design & Procurement,1. Finalize system architecture and block diagram | 2. Prepare Bill of Materials (BoM) | 3. Procure equipment and consumables | 4. Set up experimental workspace and safety protocols
RDM_45B641,PRJ_E3BE1E,3,Prototype Development,1. Assemble hardware components | 2. Develop initial firmware/software | 3. Perform bench-level unit tests | 4. Document assembly and calibration procedure
RDM_9C30BD,PRJ_E3BE1E,4,Data Collection,1. Design data collection protocol | 2. Run controlled experiments with replication | 3. Log raw data with timestamps | 4. Perform initial quality check on collected data
RDM_8363A9,PRJ_E3BE1E,5,Analysis & Modeling,1. Clean and preprocess collected data | 2. Apply statistical/ML models | 3. Visualize results and generate insights | 4. Conduct sensitivity analysis
RDM_0932F7,PRJ_E3BE1E,6,Validation & Testing,"1. Compare results against baseline or benchmarks | 2. Conduct blind validation experiments | 3. Document accuracy, precision, recall metrics | 4. Identify failure modes and limitations"
RDM_FC3998,PRJ_E3BE1E,7,Reporting & Dissemination,"1. Write final project report | 2. Prepare journal/conference manuscript | 3. Create poster or demo presentation | 4. Archive code, data, and documentation on GitHub/Zenodo"
RDM_1BB8CD,PRJ_BD9E96,1,Literature Review,1. Perform systematic literature review | 2. Identify experimental and computational components | 3. Define hybrid methodology rationale
RDM_0BE8A7,PRJ_BD9E96,2,Experimental Setup,1. Procure equipment and prepare lab setup | 2. Conduct preliminary experiments | 3. Collect baseline experimental data
RDM_910C8F,PRJ_BD9E96,3,Computational Modeling,1. Develop simulation or ML model | 2. Calibrate model with experimental data | 3. Perform virtual parameter sweeps
RDM_B8F1F5,PRJ_BD9E96,4,Integrated Analysis,1. Cross-validate experimental and computational results | 2. Identify discrepancies and perform root-cause analysis | 3. Optimize design based on integrated findings
RDM_6B30B1,PRJ_BD9E96,5,Validation,1. Conduct confirmatory experiments | 2. Benchmark against existing literature | 3. Document uncertainty and error bounds
RDM_F4583F,PRJ_BD9E96,6,Reporting,1. Prepare final report combining both methodologies | 2. Submit to conference or journal | 3. Archive all artifacts
RDM_14E254,PRJ_FB3FBD,1,Literature Review,1. Perform systematic literature review | 2. Identify experimental and computational components | 3. Define hybrid methodology rationale
RDM_215CD2,PRJ_FB3FBD,2,Experimental Setup,1. Procure equipment and prepare lab setup | 2. Conduct preliminary experiments | 3. Collect baseline experimental data
RDM_6BA3D5,PRJ_FB3FBD,3,Computational Modeling,1. Develop simulation or ML model | 2. Calibrate model with experimental data | 3. Perform virtual parameter sweeps
RDM_BEA93B,PRJ_FB3FBD,4,Integrated Analysis,1. Cross-validate experimental and computational results | 2. Identify discrepancies and perform root-cause analysis | 3. Optimize design based on integrated findings
RDM_FB61D4,PRJ_FB3FBD,5,Validation,1. Conduct confirmatory experiments | 2. Benchmark against existing literature | 3. Document uncertainty and error bounds
RDM_561AFB,PRJ_FB3FBD,6,Reporting,1. Prepare final report combining both methodologies | 2. Submit to conference or journal | 3. Archive all artifacts
RDM_98D797,PRJ_E39E59,1,Literature Review & Problem Formulation,1. Conduct systematic literature review on topic | 2. Identify research gaps and define problem statement | 3. Prepare literature review document (min 30 papers) | 4. Define hypothesis and success criteria
RDM_A0B219,PRJ_E39E59,2,Design & Procurement,1. Finalize system architecture and block diagram | 2. Prepare Bill of Materials (BoM) | 3. Procure equipment and consumables | 4. Set up experimental workspace and safety protocols
RDM_1FF456,PRJ_E39E59,3,Prototype Development,1. Assemble hardware components | 2. Develop initial firmware/software | 3. Perform bench-level unit tests | 4. Document assembly and calibration procedure
RDM_39B3A8,PRJ_E39E59,4,Data Collection,1. Design data collection protocol | 2. Run controlled experiments with replication | 3. Log raw data with timestamps | 4. Perform initial quality check on collected data
RDM_7E8945,PRJ_E39E59,5,Analysis & Modeling,1. Clean and preprocess collected data | 2. Apply statistical/ML models | 3. Visualize results and generate insights | 4. Conduct sensitivity analysis
RDM_4C74C1,PRJ_E39E59,6,Validation & Testing,"1. Compare results against baseline or benchmarks | 2. Conduct blind validation experiments | 3. Document accuracy, precision, recall metrics | 4. Identify failure modes and limitations"
RDM_FB2B9B,PRJ_E39E59,7,Reporting & Dissemination,"1. Write final project report | 2. Prepare journal/conference manuscript | 3. Create poster or demo presentation | 4. Archive code, data, and documentation on GitHub/Zenodo"
RDM_7BCD49,PRJ_891B76,1,Literature Review,1. Perform systematic literature review | 2. Identify experimental and computational components | 3. Define hybrid methodology rationale
RDM_5A83CA,PRJ_891B76,2,Experimental Setup,1. Procure equipment and prepare lab setup | 2. Conduct preliminary experiments | 3. Collect baseline experimental data
RDM_42498B,PRJ_891B76,3,Computational Modeling,1. Develop simulation or ML model | 2. Calibrate model with experimental data | 3. Perform virtual parameter sweeps
RDM_19D412,PRJ_891B76,4,Integrated Analysis,1. Cross-validate experimental and computational results | 2. Identify discrepancies and perform root-cause analysis | 3. Optimize design based on integrated findings
RDM_E726CB,PRJ_891B76,5,Validation,1. Conduct confirmatory experiments | 2. Benchmark against existing literature | 3. Document uncertainty and error bounds
RDM_C43FF4,PRJ_891B76,6,Reporting,1. Prepare final report combining both methodologies | 2. Submit to conference or journal | 3. Archive all artifacts
RDM_64D085,PRJ_0AB1F8,1,Literature Review,1. Perform systematic literature review | 2. Identify experimental and computational components | 3. Define hybrid methodology rationale
RDM_C2D4A4,PRJ_0AB1F8,2,Experimental Setup,1. Procure equipment and prepare lab setup | 2. Conduct preliminary experiments | 3. Collect baseline experimental data
RDM_3F2CFB,PRJ_0AB1F8,3,Computational Modeling,1. Develop simulation or ML model | 2. Calibrate model with experimental data | 3. Perform virtual parameter sweeps
RDM_100517,PRJ_0AB1F8,4,Integrated Analysis,1. Cross-validate experimental and computational results | 2. Identify discrepancies and perform root-cause analysis | 3. Optimize design based on integrated findings
RDM_DEBA86,PRJ_0AB1F8,5,Validation,1. Conduct confirmatory experiments | 2. Benchmark against existing literature | 3. Document uncertainty and error bounds
RDM_218500,PRJ_0AB1F8,6,Reporting,1. Prepare final report combining both methodologies | 2. Submit to conference or journal | 3. Archive all artifacts
RDM_09EA9B,PRJ_BA75B1,1,Literature Review & Problem Formulation,1. Conduct systematic literature review on topic | 2. Identify research gaps and define problem statement | 3. Prepare literature review document (min 30 papers) | 4. Define hypothesis and success criteria
RDM_8259C6,PRJ_BA75B1,2,Design & Procurement,1. Finalize system architecture and block diagram | 2. Prepare Bill of Materials (BoM) | 3. Procure equipment and consumables | 4. Set up experimental workspace and safety protocols
RDM_F55B4E,PRJ_BA75B1,3,Prototype Development,1. Assemble hardware components | 2. Develop initial firmware/software | 3. Perform bench-level unit tests | 4. Document assembly and calibration procedure
RDM_DC99E7,PRJ_BA75B1,4,Data Collection,1. Design data collection protocol | 2. Run controlled experiments with replication | 3. Log raw data with timestamps | 4. Perform initial quality check on collected data
RDM_6C415A,PRJ_BA75B1,5,Analysis & Modeling,1. Clean and preprocess collected data | 2. Apply statistical/ML models | 3. Visualize results and generate insights | 4. Conduct sensitivity analysis
RDM_EBBC55,PRJ_BA75B1,6,Validation & Testing,"1. Compare results against baseline or benchmarks | 2. Conduct blind validation experiments | 3. Document accuracy, precision, recall metrics | 4. Identify failure modes and limitations"
RDM_AD1ACB,PRJ_BA75B1,7,Reporting & Dissemination,"1. Write final project report | 2. Prepare journal/conference manuscript | 3. Create poster or demo presentation | 4. Archive code, data, and documentation on GitHub/Zenodo"
RDM_8A5C07,PRJ_B2072A,1,Literature Review,1. Perform systematic literature review | 2. Identify experimental and computational components | 3. Define hybrid methodology rationale
RDM_FAA08C,PRJ_B2072A,2,Experimental Setup,1. Procure equipment and prepare lab setup | 2. Conduct preliminary experiments | 3. Collect baseline experimental data
RDM_715D99,PRJ_B2072A,3,Computational Modeling,1. Develop simulation or ML model | 2. Calibrate model with experimental data | 3. Perform virtual parameter sweeps
RDM_5179C7,PRJ_B2072A,4,Integrated Analysis,1. Cross-validate experimental and computational results | 2. Identify discrepancies and perform root-cause analysis | 3. Optimize design based on integrated findings
RDM_C710F9,PRJ_B2072A,5,Validation,1. Conduct confirmatory experiments | 2. Benchmark against existing literature | 3. Document uncertainty and error bounds
RDM_585D24,PRJ_B2072A,6,Reporting,1. Prepare final report combining both methodologies | 2. Submit to conference or journal | 3. Archive all artifacts
RDM_788C7E,PRJ_6354F6,1,Literature Review,1. Perform systematic literature review | 2. Identify experimental and computational components | 3. Define hybrid methodology rationale
RDM_4DBEE2,PRJ_6354F6,2,Experimental Setup,1. Procure equipment and prepare lab setup | 2. Conduct preliminary experiments | 3. Collect baseline experimental data
RDM_09A6AB,PRJ_6354F6,3,Computational Modeling,1. Develop simulation or ML model | 2. Calibrate model with experimental data | 3. Perform virtual parameter sweeps
RDM_A4083D,PRJ_6354F6,4,Integrated Analysis,1. Cross-validate experimental and computational results | 2. Identify discrepancies and perform root-cause analysis | 3. Optimize design based on integrated findings
RDM_336346,PRJ_6354F6,5,Validation,1. Conduct confirmatory experiments | 2. Benchmark against existing literature | 3. Document uncertainty and error bounds
RDM_BADDE2,PRJ_6354F6,6,Reporting,1. Prepare final report combining both methodologies | 2. Submit to conference or journal | 3. Archive all artifacts
RDM_4CA310,PRJ_A487C6,1,Literature Review & Problem Formulation,1. Conduct systematic literature review on topic | 2. Identify research gaps and define problem statement | 3. Prepare literature review document (min 30 papers) | 4. Define hypothesis and success criteria
RDM_2A49B7,PRJ_A487C6,2,Design & Procurement,1. Finalize system architecture and block diagram | 2. Prepare Bill of Materials (BoM) | 3. Procure equipment and consumables | 4. Set up experimental workspace and safety protocols
RDM_AC6D18,PRJ_A487C6,3,Prototype Development,1. Assemble hardware components | 2. Develop initial firmware/software | 3. Perform bench-level unit tests | 4. Document assembly and calibration procedure
RDM_835F59,PRJ_A487C6,4,Data Collection,1. Design data collection protocol | 2. Run controlled experiments with replication | 3. Log raw data with timestamps | 4. Perform initial quality check on collected data
RDM_18FEF1,PRJ_A487C6,5,Analysis & Modeling,1. Clean and preprocess collected data | 2. Apply statistical/ML models | 3. Visualize results and generate insights | 4. Conduct sensitivity analysis
RDM_C160B2,PRJ_A487C6,6,Validation & Testing,"1. Compare results against baseline or benchmarks | 2. Conduct blind validation experiments | 3. Document accuracy, precision, recall metrics | 4. Identify failure modes and limitations"
RDM_FA36D2,PRJ_A487C6,7,Reporting & Dissemination,"1. Write final project report | 2. Prepare journal/conference manuscript | 3. Create poster or demo presentation | 4. Archive code, data, and documentation on GitHub/Zenodo"
RDM_AB48A8,PRJ_479C06,1,Literature Review & Problem Formulation,1. Conduct systematic literature review on topic | 2. Identify research gaps and define problem statement | 3. Prepare literature review document (min 30 papers) | 4. Define hypothesis and success criteria
RDM_518CC8,PRJ_479C06,2,Design & Procurement,1. Finalize system architecture and block diagram | 2. Prepare Bill of Materials (BoM) | 3. Procure equipment and consumables | 4. Set up experimental workspace and safety protocols
RDM_18380B,PRJ_479C06,3,Prototype Development,1. Assemble hardware components | 2. Develop initial firmware/software | 3. Perform bench-level unit tests | 4. Document assembly and calibration procedure
RDM_0D27C9,PRJ_479C06,4,Data Collection,1. Design data collection protocol | 2. Run controlled experiments with replication | 3. Log raw data with timestamps | 4. Perform initial quality check on collected data
RDM_CFAD95,PRJ_479C06,5,Analysis & Modeling,1. Clean and preprocess collected data | 2. Apply statistical/ML models | 3. Visualize results and generate insights | 4. Conduct sensitivity analysis
RDM_4FDD08,PRJ_479C06,6,Validation & Testing,"1. Compare results against baseline or benchmarks | 2. Conduct blind validation experiments | 3. Document accuracy, precision, recall metrics | 4. Identify failure modes and limitations"
RDM_FD4C3E,PRJ_479C06,7,Reporting & Dissemination,"1. Write final project report | 2. Prepare journal/conference manuscript | 3. Create poster or demo presentation | 4. Archive code, data, and documentation on GitHub/Zenodo"
RDM_B8FE44,PRJ_A744E9,1,Literature Review,1. Perform systematic literature review | 2. Identify experimental and computational components | 3. Define hybrid methodology rationale
RDM_206C7B,PRJ_A744E9,2,Experimental Setup,1. Procure equipment and prepare lab setup | 2. Conduct preliminary experiments | 3. Collect baseline experimental data
RDM_AE5325,PRJ_A744E9,3,Computational Modeling,1. Develop simulation or ML model | 2. Calibrate model with experimental data | 3. Perform virtual parameter sweeps
RDM_B60957,PRJ_A744E9,4,Integrated Analysis,1. Cross-validate experimental and computational results | 2. Identify discrepancies and perform root-cause analysis | 3. Optimize design based on integrated findings
RDM_54EA20,PRJ_A744E9,5,Validation,1. Conduct confirmatory experiments | 2. Benchmark against existing literature | 3. Document uncertainty and error bounds
RDM_11742D,PRJ_A744E9,6,Reporting,1. Prepare final report combining both methodologies | 2. Submit to conference or journal | 3. Archive all artifacts
RDM_0B17DE,PRJ_1A8828,1,Literature Review & Problem Formulation,1. Conduct systematic literature review on topic | 2. Identify research gaps and define problem statement | 3. Prepare literature review document (min 30 papers) | 4. Define hypothesis and success criteria
RDM_BF8805,PRJ_1A8828,2,Design & Procurement,1. Finalize system architecture and block diagram | 2. Prepare Bill of Materials (BoM) | 3. Procure equipment and consumables | 4. Set up experimental workspace and safety protocols
RDM_3487D8,PRJ_1A8828,3,Prototype Development,1. Assemble hardware components | 2. Develop initial firmware/software | 3. Perform bench-level unit tests | 4. Document assembly and calibration procedure
RDM_3FC9B0,PRJ_1A8828,4,Data Collection,1. Design data collection protocol | 2. Run controlled experiments with replication | 3. Log raw data with timestamps | 4. Perform initial quality check on collected data
RDM_026243,PRJ_1A8828,5,Analysis & Modeling,1. Clean and preprocess collected data | 2. Apply statistical/ML models | 3. Visualize results and generate insights | 4. Conduct sensitivity analysis
RDM_A4E4A3,PRJ_1A8828,6,Validation & Testing,"1. Compare results against baseline or benchmarks | 2. Conduct blind validation experiments | 3. Document accuracy, precision, recall metrics | 4. Identify failure modes and limitations"
RDM_07C4DB,PRJ_1A8828,7,Reporting & Dissemination,"1. Write final project report | 2. Prepare journal/conference manuscript | 3. Create poster or demo presentation | 4. Archive code, data, and documentation on GitHub/Zenodo"
RDM_EFB948,PRJ_0E71D3,1,Literature Review & Problem Formulation,1. Conduct systematic literature review on topic | 2. Identify research gaps and define problem statement | 3. Prepare literature review document (min 30 papers) | 4. Define hypothesis and success criteria
RDM_24E77A,PRJ_0E71D3,2,Design & Procurement,1. Finalize system architecture and block diagram | 2. Prepare Bill of Materials (BoM) | 3. Procure equipment and consumables | 4. Set up experimental workspace and safety protocols
RDM_93A296,PRJ_0E71D3,3,Prototype Development,1. Assemble hardware components | 2. Develop initial firmware/software | 3. Perform bench-level unit tests | 4. Document assembly and calibration procedure
RDM_6BB7A1,PRJ_0E71D3,4,Data Collection,1. Design data collection protocol | 2. Run controlled experiments with replication | 3. Log raw data with timestamps | 4. Perform initial quality check on collected data
RDM_4E8C4F,PRJ_0E71D3,5,Analysis & Modeling,1. Clean and preprocess collected data | 2. Apply statistical/ML models | 3. Visualize results and generate insights | 4. Conduct sensitivity analysis
RDM_AAD48F,PRJ_0E71D3,6,Validation & Testing,"1. Compare results against baseline or benchmarks | 2. Conduct blind validation experiments | 3. Document accuracy, precision, recall metrics | 4. Identify failure modes and limitations"
RDM_790EE9,PRJ_0E71D3,7,Reporting & Dissemination,"1. Write final project report | 2. Prepare journal/conference manuscript | 3. Create poster or demo presentation | 4. Archive code, data, and documentation on GitHub/Zenodo"
RDM_847B01,PRJ_22803C,1,Literature Review,1. Perform systematic literature review | 2. Identify experimental and computational components | 3. Define hybrid methodology rationale
RDM_A52CB7,PRJ_22803C,2,Experimental Setup,1. Procure equipment and prepare lab setup | 2. Conduct preliminary experiments | 3. Collect baseline experimental data
RDM_4B4F1B,PRJ_22803C,3,Computational Modeling,1. Develop simulation or ML model | 2. Calibrate model with experimental data | 3. Perform virtual parameter sweeps
RDM_35BE8E,PRJ_22803C,4,Integrated Analysis,1. Cross-validate experimental and computational results | 2. Identify discrepancies and perform root-cause analysis | 3. Optimize design based on integrated findings
RDM_5B2D26,PRJ_22803C,5,Validation,1. Conduct confirmatory experiments | 2. Benchmark against existing literature | 3. Document uncertainty and error bounds
RDM_AABD8E,PRJ_22803C,6,Reporting,1. Prepare final report combining both methodologies | 2. Submit to conference or journal | 3. Archive all artifacts
RDM_4E64D1,PRJ_DDB3E7,1,Literature Review & Problem Formulation,1. Conduct systematic literature review on topic | 2. Identify research gaps and define problem statement | 3. Prepare literature review document (min 30 papers) | 4. Define hypothesis and success criteria
RDM_544C5C,PRJ_DDB3E7,2,Design & Procurement,1. Finalize system architecture and block diagram | 2. Prepare Bill of Materials (BoM) | 3. Procure equipment and consumables | 4. Set up experimental workspace and safety protocols
RDM_E5B444,PRJ_DDB3E7,3,Prototype Development,1. Assemble hardware components | 2. Develop initial firmware/software | 3. Perform bench-level unit tests | 4. Document assembly and calibration procedure
RDM_4E5F55,PRJ_DDB3E7,4,Data Collection,1. Design data collection protocol | 2. Run controlled experiments with replication | 3. Log raw data with timestamps | 4. Perform initial quality check on collected data
RDM_212875,PRJ_DDB3E7,5,Analysis & Modeling,1. Clean and preprocess collected data | 2. Apply statistical/ML models | 3. Visualize results and generate insights | 4. Conduct sensitivity analysis
RDM_2D53DB,PRJ_DDB3E7,6,Validation & Testing,"1. Compare results against baseline or benchmarks | 2. Conduct blind validation experiments | 3. Document accuracy, precision, recall metrics | 4. Identify failure modes and limitations"
RDM_EB659D,PRJ_DDB3E7,7,Reporting & Dissemination,"1. Write final project report | 2. Prepare journal/conference manuscript | 3. Create poster or demo presentation | 4. Archive code, data, and documentation on GitHub/Zenodo"
RDM_9CC9D0,PRJ_949359,1,Literature Review & Problem Formulation,1. Conduct systematic literature review on topic | 2. Identify research gaps and define problem statement | 3. Prepare literature review document (min 30 papers) | 4. Define hypothesis and success criteria
RDM_8F00F2,PRJ_949359,2,Design & Procurement,1. Finalize system architecture and block diagram | 2. Prepare Bill of Materials (BoM) | 3. Procure equipment and consumables | 4. Set up experimental workspace and safety protocols
RDM_5A1857,PRJ_949359,3,Prototype Development,1. Assemble hardware components | 2. Develop initial firmware/software | 3. Perform bench-level unit tests | 4. Document assembly and calibration procedure
RDM_8D5D94,PRJ_949359,4,Data Collection,1. Design data collection protocol | 2. Run controlled experiments with replication | 3. Log raw data with timestamps | 4. Perform initial quality check on collected data
RDM_92C5CF,PRJ_949359,5,Analysis & Modeling,1. Clean and preprocess collected data | 2. Apply statistical/ML models | 3. Visualize results and generate insights | 4. Conduct sensitivity analysis
RDM_2455AD,PRJ_949359,6,Validation & Testing,"1. Compare results against baseline or benchmarks | 2. Conduct blind validation experiments | 3. Document accuracy, precision, recall metrics | 4. Identify failure modes and limitations"
RDM_A92635,PRJ_949359,7,Reporting & Dissemination,"1. Write final project report | 2. Prepare journal/conference manuscript | 3. Create poster or demo presentation | 4. Archive code, data, and documentation on GitHub/Zenodo"
RDM_3DDDFD,PRJ_12D569,1,Literature Review & Problem Formulation,1. Conduct systematic literature review on topic | 2. Identify research gaps and define problem statement | 3. Prepare literature review document (min 30 papers) | 4. Define hypothesis and success criteria
RDM_04E01B,PRJ_12D569,2,Design & Procurement,1. Finalize system architecture and block diagram | 2. Prepare Bill of Materials (BoM) | 3. Procure equipment and consumables | 4. Set up experimental workspace and safety protocols
RDM_98A499,PRJ_12D569,3,Prototype Development,1. Assemble hardware components | 2. Develop initial firmware/software | 3. Perform bench-level unit tests | 4. Document assembly and calibration procedure
RDM_35E12D,PRJ_12D569,4,Data Collection,1. Design data collection protocol | 2. Run controlled experiments with replication | 3. Log raw data with timestamps | 4. Perform initial quality check on collected data
RDM_39937E,PRJ_12D569,5,Analysis & Modeling,1. Clean and preprocess collected data | 2. Apply statistical/ML models | 3. Visualize results and generate insights | 4. Conduct sensitivity analysis
RDM_FDDA75,PRJ_12D569,6,Validation & Testing,"1. Compare results against baseline or benchmarks | 2. Conduct blind validation experiments | 3. Document accuracy, precision, recall metrics | 4. Identify failure modes and limitations"
RDM_928B84,PRJ_12D569,7,Reporting & Dissemination,"1. Write final project report | 2. Prepare journal/conference manuscript | 3. Create poster or demo presentation | 4. Archive code, data, and documentation on GitHub/Zenodo"
RDM_3DF1B6,PRJ_F98B36,1,Literature Review & Problem Formulation,1. Conduct systematic literature review on topic | 2. Identify research gaps and define problem statement | 3. Prepare literature review document (min 30 papers) | 4. Define hypothesis and success criteria
RDM_E1D1A9,PRJ_F98B36,2,Design & Procurement,1. Finalize system architecture and block diagram | 2. Prepare Bill of Materials (BoM) | 3. Procure equipment and consumables | 4. Set up experimental workspace and safety protocols
RDM_6F41D9,PRJ_F98B36,3,Prototype Development,1. Assemble hardware components | 2. Develop initial firmware/software | 3. Perform bench-level unit tests | 4. Document assembly and calibration procedure
RDM_154472,PRJ_F98B36,4,Data Collection,1. Design data collection protocol | 2. Run controlled experiments with replication | 3. Log raw data with timestamps | 4. Perform initial quality check on collected data
RDM_B9EB1E,PRJ_F98B36,5,Analysis & Modeling,1. Clean and preprocess collected data | 2. Apply statistical/ML models | 3. Visualize results and generate insights | 4. Conduct sensitivity analysis
RDM_15A8ED,PRJ_F98B36,6,Validation & Testing,"1. Compare results against baseline or benchmarks | 2. Conduct blind validation experiments | 3. Document accuracy, precision, recall metrics | 4. Identify failure modes and limitations"
RDM_30CF51,PRJ_F98B36,7,Reporting & Dissemination,"1. Write final project report | 2. Prepare journal/conference manuscript | 3. Create poster or demo presentation | 4. Archive code, data, and documentation on GitHub/Zenodo"
RDM_415B63,PRJ_63D717,1,Literature Review,1. Perform systematic literature review | 2. Identify experimental and computational components | 3. Define hybrid methodology rationale
RDM_3EA563,PRJ_63D717,2,Experimental Setup,1. Procure equipment and prepare lab setup | 2. Conduct preliminary experiments | 3. Collect baseline experimental data
RDM_209795,PRJ_63D717,3,Computational Modeling,1. Develop simulation or ML model | 2. Calibrate model with experimental data | 3. Perform virtual parameter sweeps
RDM_C92A4A,PRJ_63D717,4,Integrated Analysis,1. Cross-validate experimental and computational results | 2. Identify discrepancies and perform root-cause analysis | 3. Optimize design based on integrated findings
RDM_6BC2F9,PRJ_63D717,5,Validation,1. Conduct confirmatory experiments | 2. Benchmark against existing literature | 3. Document uncertainty and error bounds
RDM_F869E0,PRJ_63D717,6,Reporting,1. Prepare final report combining both methodologies | 2. Submit to conference or journal | 3. Archive all artifacts
RDM_20A0A9,PRJ_51C9AE,1,Literature Review & Problem Formulation,1. Conduct systematic literature review on topic | 2. Identify research gaps and define problem statement | 3. Prepare literature review document (min 30 papers) | 4. Define hypothesis and success criteria
RDM_1696DF,PRJ_51C9AE,2,Design & Procurement,1. Finalize system architecture and block diagram | 2. Prepare Bill of Materials (BoM) | 3. Procure equipment and consumables | 4. Set up experimental workspace and safety protocols
RDM_548BF2,PRJ_51C9AE,3,Prototype Development,1. Assemble hardware components | 2. Develop initial firmware/software | 3. Perform bench-level unit tests | 4. Document assembly and calibration procedure
RDM_B995D5,PRJ_51C9AE,4,Data Collection,1. Design data collection protocol | 2. Run controlled experiments with replication | 3. Log raw data with timestamps | 4. Perform initial quality check on collected data
RDM_0BB086,PRJ_51C9AE,5,Analysis & Modeling,1. Clean and preprocess collected data | 2. Apply statistical/ML models | 3. Visualize results and generate insights | 4. Conduct sensitivity analysis
RDM_F3E545,PRJ_51C9AE,6,Validation & Testing,"1. Compare results against baseline or benchmarks | 2. Conduct blind validation experiments | 3. Document accuracy, precision, recall metrics | 4. Identify failure modes and limitations"
RDM_E897EE,PRJ_51C9AE,7,Reporting & Dissemination,"1. Write final project report | 2. Prepare journal/conference manuscript | 3. Create poster or demo presentation | 4. Archive code, data, and documentation on GitHub/Zenodo"
RDM_BE018D,PRJ_794618,1,Literature Review,1. Perform systematic literature review | 2. Identify experimental and computational components | 3. Define hybrid methodology rationale
RDM_C369B2,PRJ_794618,2,Experimental Setup,1. Procure equipment and prepare lab setup | 2. Conduct preliminary experiments | 3. Collect baseline experimental data
RDM_C28CE7,PRJ_794618,3,Computational Modeling,1. Develop simulation or ML model | 2. Calibrate model with experimental data | 3. Perform virtual parameter sweeps
RDM_0C8D0C,PRJ_794618,4,Integrated Analysis,1. Cross-validate experimental and computational results | 2. Identify discrepancies and perform root-cause analysis | 3. Optimize design based on integrated findings
RDM_16346E,PRJ_794618,5,Validation,1. Conduct confirmatory experiments | 2. Benchmark against existing literature | 3. Document uncertainty and error bounds
RDM_4A8C97,PRJ_794618,6,Reporting,1. Prepare final report combining both methodologies | 2. Submit to conference or journal | 3. Archive all artifacts
RDM_29A521,PRJ_1969AC,1,Literature Review & Problem Formulation,1. Conduct systematic literature review on topic | 2. Identify research gaps and define problem statement | 3. Prepare literature review document (min 30 papers) | 4. Define hypothesis and success criteria
RDM_821508,PRJ_1969AC,2,Design & Procurement,1. Finalize system architecture and block diagram | 2. Prepare Bill of Materials (BoM) | 3. Procure equipment and consumables | 4. Set up experimental workspace and safety protocols
RDM_19B1DD,PRJ_1969AC,3,Prototype Development,1. Assemble hardware components | 2. Develop initial firmware/software | 3. Perform bench-level unit tests | 4. Document assembly and calibration procedure
RDM_44F921,PRJ_1969AC,4,Data Collection,1. Design data collection protocol | 2. Run controlled experiments with replication | 3. Log raw data with timestamps | 4. Perform initial quality check on collected data
RDM_16B645,PRJ_1969AC,5,Analysis & Modeling,1. Clean and preprocess collected data | 2. Apply statistical/ML models | 3. Visualize results and generate insights | 4. Conduct sensitivity analysis
RDM_B0D02E,PRJ_1969AC,6,Validation & Testing,"1. Compare results against baseline or benchmarks | 2. Conduct blind validation experiments | 3. Document accuracy, precision, recall metrics | 4. Identify failure modes and limitations"
RDM_B65463,PRJ_1969AC,7,Reporting & Dissemination,"1. Write final project report | 2. Prepare journal/conference manuscript | 3. Create poster or demo presentation | 4. Archive code, data, and documentation on GitHub/Zenodo"
RDM_CFFDCE,PRJ_3CC431,1,Literature Review,1. Perform systematic literature review | 2. Identify experimental and computational components | 3. Define hybrid methodology rationale
RDM_6C76FD,PRJ_3CC431,2,Experimental Setup,1. Procure equipment and prepare lab setup | 2. Conduct preliminary experiments | 3. Collect baseline experimental data
RDM_AC9B09,PRJ_3CC431,3,Computational Modeling,1. Develop simulation or ML model | 2. Calibrate model with experimental data | 3. Perform virtual parameter sweeps
RDM_BBC981,PRJ_3CC431,4,Integrated Analysis,1. Cross-validate experimental and computational results | 2. Identify discrepancies and perform root-cause analysis | 3. Optimize design based on integrated findings
RDM_512AD5,PRJ_3CC431,5,Validation,1. Conduct confirmatory experiments | 2. Benchmark against existing literature | 3. Document uncertainty and error bounds
RDM_B2E284,PRJ_3CC431,6,Reporting,1. Prepare final report combining both methodologies | 2. Submit to conference or journal | 3. Archive all artifacts
RDM_3CA8F3,PRJ_880162,1,Literature Review,1. Perform systematic literature review | 2. Identify experimental and computational components | 3. Define hybrid methodology rationale
RDM_571E3C,PRJ_880162,2,Experimental Setup,1. Procure equipment and prepare lab setup | 2. Conduct preliminary experiments | 3. Collect baseline experimental data
RDM_26D96C,PRJ_880162,3,Computational Modeling,1. Develop simulation or ML model | 2. Calibrate model with experimental data | 3. Perform virtual parameter sweeps
RDM_3D3166,PRJ_880162,4,Integrated Analysis,1. Cross-validate experimental and computational results | 2. Identify discrepancies and perform root-cause analysis | 3. Optimize design based on integrated findings
RDM_D75695,PRJ_880162,5,Validation,1. Conduct confirmatory experiments | 2. Benchmark against existing literature | 3. Document uncertainty and error bounds
RDM_A72DCD,PRJ_880162,6,Reporting,1. Prepare final report combining both methodologies | 2. Submit to conference or journal | 3. Archive all artifacts
RDM_574DA4,PRJ_E1EBB0,1,Literature Review,1. Perform systematic literature review | 2. Identify experimental and computational components | 3. Define hybrid methodology rationale
RDM_12890E,PRJ_E1EBB0,2,Experimental Setup,1. Procure equipment and prepare lab setup | 2. Conduct preliminary experiments | 3. Collect baseline experimental data
RDM_E12D67,PRJ_E1EBB0,3,Computational Modeling,1. Develop simulation or ML model | 2. Calibrate model with experimental data | 3. Perform virtual parameter sweeps
RDM_B44083,PRJ_E1EBB0,4,Integrated Analysis,1. Cross-validate experimental and computational results | 2. Identify discrepancies and perform root-cause analysis | 3. Optimize design based on integrated findings
RDM_BEADE0,PRJ_E1EBB0,5,Validation,1. Conduct confirmatory experiments | 2. Benchmark against existing literature | 3. Document uncertainty and error bounds
RDM_822376,PRJ_E1EBB0,6,Reporting,1. Prepare final report combining both methodologies | 2. Submit to conference or journal | 3. Archive all artifacts
RDM_B6EE5B,PRJ_CB1603,1,Literature Review,1. Perform systematic literature review | 2. Identify experimental and computational components | 3. Define hybrid methodology rationale
RDM_98AB0E,PRJ_CB1603,2,Experimental Setup,1. Procure equipment and prepare lab setup | 2. Conduct preliminary experiments | 3. Collect baseline experimental data
RDM_A88926,PRJ_CB1603,3,Computational Modeling,1. Develop simulation or ML model | 2. Calibrate model with experimental data | 3. Perform virtual parameter sweeps
RDM_3F86D1,PRJ_CB1603,4,Integrated Analysis,1. Cross-validate experimental and computational results | 2. Identify discrepancies and perform root-cause analysis | 3. Optimize design based on integrated findings
RDM_C8B952,PRJ_CB1603,5,Validation,1. Conduct confirmatory experiments | 2. Benchmark against existing literature | 3. Document uncertainty and error bounds
RDM_D29EE9,PRJ_CB1603,6,Reporting,1. Prepare final report combining both methodologies | 2. Submit to conference or journal | 3. Archive all artifacts
RDM_8AF98A,PRJ_BD0490,1,Problem Scoping & Literature Review,"1. Define problem formally with inputs, outputs, and objectives | 2. Review state-of-the-art models and benchmarks | 3. Identify datasets and evaluation metrics | 4. Prepare related work summary"
RDM_779FBA,PRJ_BD0490,2,Dataset Preparation,"1. Identify and download relevant public datasets | 2. Perform exploratory data analysis (EDA) | 3. Handle missing values, outliers, and class imbalance | 4. Split data into train/validation/test sets"
RDM_09DE70,PRJ_BD0490,3,Model Architecture Design,1. Propose candidate model architectures | 2. Implement baseline model | 3. Define loss functions and evaluation metrics | 4. Set up experiment tracking (MLflow/W&B)
RDM_BBA353,PRJ_BD0490,4,Training & Optimization,1. Train baseline model and log results | 2. Perform hyperparameter tuning (grid/random/Bayesian search) | 3. Apply regularization and augmentation strategies | 4. Analyze learning curves and convergence
RDM_6D7877,PRJ_BD0490,5,Evaluation & Ablation,1. Evaluate on held-out test set | 2. Conduct ablation studies for each component | 3. Compare with state-of-the-art benchmarks | 4. Perform error analysis on failure cases
RDM_71B181,PRJ_BD0490,6,Deployment & Reporting,1. Package model as REST API (FastAPI/Flask) | 2. Containerize with Docker | 3. Write final report and create demo | 4. Publish code and model weights on GitHub
RDM_81946D,PRJ_BFDF37,1,Problem Scoping & Literature Review,"1. Define problem formally with inputs, outputs, and objectives | 2. Review state-of-the-art models and benchmarks | 3. Identify datasets and evaluation metrics | 4. Prepare related work summary"
RDM_D7F787,PRJ_BFDF37,2,Dataset Preparation,"1. Identify and download relevant public datasets | 2. Perform exploratory data analysis (EDA) | 3. Handle missing values, outliers, and class imbalance | 4. Split data into train/validation/test sets"
RDM_246D24,PRJ_BFDF37,3,Model Architecture Design,1. Propose candidate model architectures | 2. Implement baseline model | 3. Define loss functions and evaluation metrics | 4. Set up experiment tracking (MLflow/W&B)
RDM_84683B,PRJ_BFDF37,4,Training & Optimization,1. Train baseline model and log results | 2. Perform hyperparameter tuning (grid/random/Bayesian search) | 3. Apply regularization and augmentation strategies | 4. Analyze learning curves and convergence
RDM_E67795,PRJ_BFDF37,5,Evaluation & Ablation,1. Evaluate on held-out test set | 2. Conduct ablation studies for each component | 3. Compare with state-of-the-art benchmarks | 4. Perform error analysis on failure cases
RDM_74CB30,PRJ_BFDF37,6,Deployment & Reporting,1. Package model as REST API (FastAPI/Flask) | 2. Containerize with Docker | 3. Write final report and create demo | 4. Publish code and model weights on GitHub
RDM_592C02,PRJ_D73030,1,Literature Review & Problem Formulation,1. Conduct systematic literature review on topic | 2. Identify research gaps and define problem statement | 3. Prepare literature review document (min 30 papers) | 4. Define hypothesis and success criteria
RDM_A099F0,PRJ_D73030,2,Design & Procurement,1. Finalize system architecture and block diagram | 2. Prepare Bill of Materials (BoM) | 3. Procure equipment and consumables | 4. Set up experimental workspace and safety protocols
RDM_969A91,PRJ_D73030,3,Prototype Development,1. Assemble hardware components | 2. Develop initial firmware/software | 3. Perform bench-level unit tests | 4. Document assembly and calibration procedure
RDM_EF87E9,PRJ_D73030,4,Data Collection,1. Design data collection protocol | 2. Run controlled experiments with replication | 3. Log raw data with timestamps | 4. Perform initial quality check on collected data
RDM_AA503D,PRJ_D73030,5,Analysis & Modeling,1. Clean and preprocess collected data | 2. Apply statistical/ML models | 3. Visualize results and generate insights | 4. Conduct sensitivity analysis
RDM_2D165E,PRJ_D73030,6,Validation & Testing,"1. Compare results against baseline or benchmarks | 2. Conduct blind validation experiments | 3. Document accuracy, precision, recall metrics | 4. Identify failure modes and limitations"
RDM_83E8D8,PRJ_D73030,7,Reporting & Dissemination,"1. Write final project report | 2. Prepare journal/conference manuscript | 3. Create poster or demo presentation | 4. Archive code, data, and documentation on GitHub/Zenodo"
RDM_ABB236,PRJ_D2674D,1,Literature Review,1. Perform systematic literature review | 2. Identify experimental and computational components | 3. Define hybrid methodology rationale
RDM_C30CB6,PRJ_D2674D,2,Experimental Setup,1. Procure equipment and prepare lab setup | 2. Conduct preliminary experiments | 3. Collect baseline experimental data
RDM_8A898B,PRJ_D2674D,3,Computational Modeling,1. Develop simulation or ML model | 2. Calibrate model with experimental data | 3. Perform virtual parameter sweeps
RDM_17C45B,PRJ_D2674D,4,Integrated Analysis,1. Cross-validate experimental and computational results | 2. Identify discrepancies and perform root-cause analysis | 3. Optimize design based on integrated findings
RDM_FC3EC5,PRJ_D2674D,5,Validation,1. Conduct confirmatory experiments | 2. Benchmark against existing literature | 3. Document uncertainty and error bounds
RDM_EEB8BB,PRJ_D2674D,6,Reporting,1. Prepare final report combining both methodologies | 2. Submit to conference or journal | 3. Archive all artifacts
RDM_64C325,PRJ_122E0B,1,Literature Review & Problem Formulation,1. Conduct systematic literature review on topic | 2. Identify research gaps and define problem statement | 3. Prepare literature review document (min 30 papers) | 4. Define hypothesis and success criteria
RDM_588953,PRJ_122E0B,2,Design & Procurement,1. Finalize system architecture and block diagram | 2. Prepare Bill of Materials (BoM) | 3. Procure equipment and consumables | 4. Set up experimental workspace and safety protocols
RDM_AF226B,PRJ_122E0B,3,Prototype Development,1. Assemble hardware components | 2. Develop initial firmware/software | 3. Perform bench-level unit tests | 4. Document assembly and calibration procedure
RDM_AD8EDF,PRJ_122E0B,4,Data Collection,1. Design data collection protocol | 2. Run controlled experiments with replication | 3. Log raw data with timestamps | 4. Perform initial quality check on collected data
RDM_FE3EB1,PRJ_122E0B,5,Analysis & Modeling,1. Clean and preprocess collected data | 2. Apply statistical/ML models | 3. Visualize results and generate insights | 4. Conduct sensitivity analysis
RDM_827508,PRJ_122E0B,6,Validation & Testing,"1. Compare results against baseline or benchmarks | 2. Conduct blind validation experiments | 3. Document accuracy, precision, recall metrics | 4. Identify failure modes and limitations"
RDM_F2860B,PRJ_122E0B,7,Reporting & Dissemination,"1. Write final project report | 2. Prepare journal/conference manuscript | 3. Create poster or demo presentation | 4. Archive code, data, and documentation on GitHub/Zenodo"
RDM_88188E,PRJ_1A4F34,1,Literature Review,1. Perform systematic literature review | 2. Identify experimental and computational components | 3. Define hybrid methodology rationale
RDM_C3D3A7,PRJ_1A4F34,2,Experimental Setup,1. Procure equipment and prepare lab setup | 2. Conduct preliminary experiments | 3. Collect baseline experimental data
RDM_93FD9E,PRJ_1A4F34,3,Computational Modeling,1. Develop simulation or ML model | 2. Calibrate model with experimental data | 3. Perform virtual parameter sweeps
RDM_E68112,PRJ_1A4F34,4,Integrated Analysis,1. Cross-validate experimental and computational results | 2. Identify discrepancies and perform root-cause analysis | 3. Optimize design based on integrated findings
RDM_4621D8,PRJ_1A4F34,5,Validation,1. Conduct confirmatory experiments | 2. Benchmark against existing literature | 3. Document uncertainty and error bounds
RDM_42BA37,PRJ_1A4F34,6,Reporting,1. Prepare final report combining both methodologies | 2. Submit to conference or journal | 3. Archive all artifacts
RDM_8F3012,PRJ_5EE24B,1,Problem Scoping & Literature Review,"1. Define problem formally with inputs, outputs, and objectives | 2. Review state-of-the-art models and benchmarks | 3. Identify datasets and evaluation metrics | 4. Prepare related work summary"
RDM_91445D,PRJ_5EE24B,2,Dataset Preparation,"1. Identify and download relevant public datasets | 2. Perform exploratory data analysis (EDA) | 3. Handle missing values, outliers, and class imbalance | 4. Split data into train/validation/test sets"
RDM_16E538,PRJ_5EE24B,3,Model Architecture Design,1. Propose candidate model architectures | 2. Implement baseline model | 3. Define loss functions and evaluation metrics | 4. Set up experiment tracking (MLflow/W&B)
RDM_CAA16C,PRJ_5EE24B,4,Training & Optimization,1. Train baseline model and log results | 2. Perform hyperparameter tuning (grid/random/Bayesian search) | 3. Apply regularization and augmentation strategies | 4. Analyze learning curves and convergence
RDM_16262E,PRJ_5EE24B,5,Evaluation & Ablation,1. Evaluate on held-out test set | 2. Conduct ablation studies for each component | 3. Compare with state-of-the-art benchmarks | 4. Perform error analysis on failure cases
RDM_4E079E,PRJ_5EE24B,6,Deployment & Reporting,1. Package model as REST API (FastAPI/Flask) | 2. Containerize with Docker | 3. Write final report and create demo | 4. Publish code and model weights on GitHub
RDM_0C60F6,PRJ_7E23BD,1,Literature Review & Problem Formulation,1. Conduct systematic literature review on topic | 2. Identify research gaps and define problem statement | 3. Prepare literature review document (min 30 papers) | 4. Define hypothesis and success criteria
RDM_6534D7,PRJ_7E23BD,2,Design & Procurement,1. Finalize system architecture and block diagram | 2. Prepare Bill of Materials (BoM) | 3. Procure equipment and consumables | 4. Set up experimental workspace and safety protocols
RDM_278B9E,PRJ_7E23BD,3,Prototype Development,1. Assemble hardware components | 2. Develop initial firmware/software | 3. Perform bench-level unit tests | 4. Document assembly and calibration procedure
RDM_63364D,PRJ_7E23BD,4,Data Collection,1. Design data collection protocol | 2. Run controlled experiments with replication | 3. Log raw data with timestamps | 4. Perform initial quality check on collected data
RDM_54BCA0,PRJ_7E23BD,5,Analysis & Modeling,1. Clean and preprocess collected data | 2. Apply statistical/ML models | 3. Visualize results and generate insights | 4. Conduct sensitivity analysis
RDM_12AB7B,PRJ_7E23BD,6,Validation & Testing,"1. Compare results against baseline or benchmarks | 2. Conduct blind validation experiments | 3. Document accuracy, precision, recall metrics | 4. Identify failure modes and limitations"
RDM_CBEE51,PRJ_7E23BD,7,Reporting & Dissemination,"1. Write final project report | 2. Prepare journal/conference manuscript | 3. Create poster or demo presentation | 4. Archive code, data, and documentation on GitHub/Zenodo"
RDM_566546,PRJ_44C712,1,Literature Review,1. Perform systematic literature review | 2. Identify experimental and computational components | 3. Define hybrid methodology rationale
RDM_47B8BF,PRJ_44C712,2,Experimental Setup,1. Procure equipment and prepare lab setup | 2. Conduct preliminary experiments | 3. Collect baseline experimental data
RDM_349DA4,PRJ_44C712,3,Computational Modeling,1. Develop simulation or ML model | 2. Calibrate model with experimental data | 3. Perform virtual parameter sweeps
RDM_456937,PRJ_44C712,4,Integrated Analysis,1. Cross-validate experimental and computational results | 2. Identify discrepancies and perform root-cause analysis | 3. Optimize design based on integrated findings
RDM_10C603,PRJ_44C712,5,Validation,1. Conduct confirmatory experiments | 2. Benchmark against existing literature | 3. Document uncertainty and error bounds
RDM_E8DDA6,PRJ_44C712,6,Reporting,1. Prepare final report combining both methodologies | 2. Submit to conference or journal | 3. Archive all artifacts
RDM_404CFD,PRJ_284F7C,1,Problem Scoping & Literature Review,"1. Define problem formally with inputs, outputs, and objectives | 2. Review state-of-the-art models and benchmarks | 3. Identify datasets and evaluation metrics | 4. Prepare related work summary"
RDM_0CD71B,PRJ_284F7C,2,Dataset Preparation,"1. Identify and download relevant public datasets | 2. Perform exploratory data analysis (EDA) | 3. Handle missing values, outliers, and class imbalance | 4. Split data into train/validation/test sets"
RDM_FD7265,PRJ_284F7C,3,Model Architecture Design,1. Propose candidate model architectures | 2. Implement baseline model | 3. Define loss functions and evaluation metrics | 4. Set up experiment tracking (MLflow/W&B)
RDM_BD10EE,PRJ_284F7C,4,Training & Optimization,1. Train baseline model and log results | 2. Perform hyperparameter tuning (grid/random/Bayesian search) | 3. Apply regularization and augmentation strategies | 4. Analyze learning curves and convergence
RDM_E2AA34,PRJ_284F7C,5,Evaluation & Ablation,1. Evaluate on held-out test set | 2. Conduct ablation studies for each component | 3. Compare with state-of-the-art benchmarks | 4. Perform error analysis on failure cases
RDM_52C068,PRJ_284F7C,6,Deployment & Reporting,1. Package model as REST API (FastAPI/Flask) | 2. Containerize with Docker | 3. Write final report and create demo | 4. Publish code and model weights on GitHub
RDM_6DA898,PRJ_5C6A8E,1,Literature Review & Problem Formulation,1. Conduct systematic literature review on topic | 2. Identify research gaps and define problem statement | 3. Prepare literature review document (min 30 papers) | 4. Define hypothesis and success criteria
RDM_66054A,PRJ_5C6A8E,2,Design & Procurement,1. Finalize system architecture and block diagram | 2. Prepare Bill of Materials (BoM) | 3. Procure equipment and consumables | 4. Set up experimental workspace and safety protocols
RDM_FCF5EA,PRJ_5C6A8E,3,Prototype Development,1. Assemble hardware components | 2. Develop initial firmware/software | 3. Perform bench-level unit tests | 4. Document assembly and calibration procedure
RDM_0367DC,PRJ_5C6A8E,4,Data Collection,1. Design data collection protocol | 2. Run controlled experiments with replication | 3. Log raw data with timestamps | 4. Perform initial quality check on collected data
RDM_2C8F9A,PRJ_5C6A8E,5,Analysis & Modeling,1. Clean and preprocess collected data | 2. Apply statistical/ML models | 3. Visualize results and generate insights | 4. Conduct sensitivity analysis
RDM_B4F004,PRJ_5C6A8E,6,Validation & Testing,"1. Compare results against baseline or benchmarks | 2. Conduct blind validation experiments | 3. Document accuracy, precision, recall metrics | 4. Identify failure modes and limitations"
RDM_0AE731,PRJ_5C6A8E,7,Reporting & Dissemination,"1. Write final project report | 2. Prepare journal/conference manuscript | 3. Create poster or demo presentation | 4. Archive code, data, and documentation on GitHub/Zenodo"
RDM_7BC905,PRJ_8CFA60,1,Literature Review & Problem Formulation,1. Conduct systematic literature review on topic | 2. Identify research gaps and define problem statement | 3. Prepare literature review document (min 30 papers) | 4. Define hypothesis and success criteria
RDM_C75183,PRJ_8CFA60,2,Design & Procurement,1. Finalize system architecture and block diagram | 2. Prepare Bill of Materials (BoM) | 3. Procure equipment and consumables | 4. Set up experimental workspace and safety protocols
RDM_EAAE3F,PRJ_8CFA60,3,Prototype Development,1. Assemble hardware components | 2. Develop initial firmware/software | 3. Perform bench-level unit tests | 4. Document assembly and calibration procedure
RDM_93B081,PRJ_8CFA60,4,Data Collection,1. Design data collection protocol | 2. Run controlled experiments with replication | 3. Log raw data with timestamps | 4. Perform initial quality check on collected data
RDM_107474,PRJ_8CFA60,5,Analysis & Modeling,1. Clean and preprocess collected data | 2. Apply statistical/ML models | 3. Visualize results and generate insights | 4. Conduct sensitivity analysis
RDM_DEDF5C,PRJ_8CFA60,6,Validation & Testing,"1. Compare results against baseline or benchmarks | 2. Conduct blind validation experiments | 3. Document accuracy, precision, recall metrics | 4. Identify failure modes and limitations"
RDM_3814EA,PRJ_8CFA60,7,Reporting & Dissemination,"1. Write final project report | 2. Prepare journal/conference manuscript | 3. Create poster or demo presentation | 4. Archive code, data, and documentation on GitHub/Zenodo"
RDM_0D471B,PRJ_0152FF,1,Literature Review & Problem Formulation,1. Conduct systematic literature review on topic | 2. Identify research gaps and define problem statement | 3. Prepare literature review document (min 30 papers) | 4. Define hypothesis and success criteria
RDM_2E5587,PRJ_0152FF,2,Design & Procurement,1. Finalize system architecture and block diagram | 2. Prepare Bill of Materials (BoM) | 3. Procure equipment and consumables | 4. Set up experimental workspace and safety protocols
RDM_29A08F,PRJ_0152FF,3,Prototype Development,1. Assemble hardware components | 2. Develop initial firmware/software | 3. Perform bench-level unit tests | 4. Document assembly and calibration procedure
RDM_8D9865,PRJ_0152FF,4,Data Collection,1. Design data collection protocol | 2. Run controlled experiments with replication | 3. Log raw data with timestamps | 4. Perform initial quality check on collected data
RDM_1692CF,PRJ_0152FF,5,Analysis & Modeling,1. Clean and preprocess collected data | 2. Apply statistical/ML models | 3. Visualize results and generate insights | 4. Conduct sensitivity analysis
RDM_CB93AD,PRJ_0152FF,6,Validation & Testing,"1. Compare results against baseline or benchmarks | 2. Conduct blind validation experiments | 3. Document accuracy, precision, recall metrics | 4. Identify failure modes and limitations"
RDM_F72799,PRJ_0152FF,7,Reporting & Dissemination,"1. Write final project report | 2. Prepare journal/conference manuscript | 3. Create poster or demo presentation | 4. Archive code, data, and documentation on GitHub/Zenodo"
RDM_07ED43,PRJ_C248F0,1,Literature Review,1. Perform systematic literature review | 2. Identify experimental and computational components | 3. Define hybrid methodology rationale
RDM_20C2D3,PRJ_C248F0,2,Experimental Setup,1. Procure equipment and prepare lab setup | 2. Conduct preliminary experiments | 3. Collect baseline experimental data
RDM_156882,PRJ_C248F0,3,Computational Modeling,1. Develop simulation or ML model | 2. Calibrate model with experimental data | 3. Perform virtual parameter sweeps
RDM_2DCEE5,PRJ_C248F0,4,Integrated Analysis,1. Cross-validate experimental and computational results | 2. Identify discrepancies and perform root-cause analysis | 3. Optimize design based on integrated findings
RDM_6668DF,PRJ_C248F0,5,Validation,1. Conduct confirmatory experiments | 2. Benchmark against existing literature | 3. Document uncertainty and error bounds
RDM_FDF797,PRJ_C248F0,6,Reporting,1. Prepare final report combining both methodologies | 2. Submit to conference or journal | 3. Archive all artifacts
RDM_07AA6E,PRJ_59550D,1,Literature Review & Problem Formulation,1. Conduct systematic literature review on topic | 2. Identify research gaps and define problem statement | 3. Prepare literature review document (min 30 papers) | 4. Define hypothesis and success criteria
RDM_751D74,PRJ_59550D,2,Design & Procurement,1. Finalize system architecture and block diagram | 2. Prepare Bill of Materials (BoM) | 3. Procure equipment and consumables | 4. Set up experimental workspace and safety protocols
RDM_A20C01,PRJ_59550D,3,Prototype Development,1. Assemble hardware components | 2. Develop initial firmware/software | 3. Perform bench-level unit tests | 4. Document assembly and calibration procedure
RDM_99AC79,PRJ_59550D,4,Data Collection,1. Design data collection protocol | 2. Run controlled experiments with replication | 3. Log raw data with timestamps | 4. Perform initial quality check on collected data
RDM_CFDAA7,PRJ_59550D,5,Analysis & Modeling,1. Clean and preprocess collected data | 2. Apply statistical/ML models | 3. Visualize results and generate insights | 4. Conduct sensitivity analysis
RDM_68058C,PRJ_59550D,6,Validation & Testing,"1. Compare results against baseline or benchmarks | 2. Conduct blind validation experiments | 3. Document accuracy, precision, recall metrics | 4. Identify failure modes and limitations"
RDM_7888B9,PRJ_59550D,7,Reporting & Dissemination,"1. Write final project report | 2. Prepare journal/conference manuscript | 3. Create poster or demo presentation | 4. Archive code, data, and documentation on GitHub/Zenodo"
RDM_B2B26C,PRJ_92D0C3,1,Literature Review,1. Perform systematic literature review | 2. Identify experimental and computational components | 3. Define hybrid methodology rationale
RDM_C46BA7,PRJ_92D0C3,2,Experimental Setup,1. Procure equipment and prepare lab setup | 2. Conduct preliminary experiments | 3. Collect baseline experimental data
RDM_89D7B5,PRJ_92D0C3,3,Computational Modeling,1. Develop simulation or ML model | 2. Calibrate model with experimental data | 3. Perform virtual parameter sweeps
RDM_1B2BC4,PRJ_92D0C3,4,Integrated Analysis,1. Cross-validate experimental and computational results | 2. Identify discrepancies and perform root-cause analysis | 3. Optimize design based on integrated findings
RDM_A5BD89,PRJ_92D0C3,5,Validation,1. Conduct confirmatory experiments | 2. Benchmark against existing literature | 3. Document uncertainty and error bounds
RDM_EE7A64,PRJ_92D0C3,6,Reporting,1. Prepare final report combining both methodologies | 2. Submit to conference or journal | 3. Archive all artifacts
RDM_46A509,PRJ_EEA067,1,Literature Review & Problem Formulation,1. Conduct systematic literature review on topic | 2. Identify research gaps and define problem statement | 3. Prepare literature review document (min 30 papers) | 4. Define hypothesis and success criteria
RDM_48C058,PRJ_EEA067,2,Design & Procurement,1. Finalize system architecture and block diagram | 2. Prepare Bill of Materials (BoM) | 3. Procure equipment and consumables | 4. Set up experimental workspace and safety protocols
RDM_654005,PRJ_EEA067,3,Prototype Development,1. Assemble hardware components | 2. Develop initial firmware/software | 3. Perform bench-level unit tests | 4. Document assembly and calibration procedure
RDM_FCAB85,PRJ_EEA067,4,Data Collection,1. Design data collection protocol | 2. Run controlled experiments with replication | 3. Log raw data with timestamps | 4. Perform initial quality check on collected data
RDM_38DC42,PRJ_EEA067,5,Analysis & Modeling,1. Clean and preprocess collected data | 2. Apply statistical/ML models | 3. Visualize results and generate insights | 4. Conduct sensitivity analysis
RDM_A4E7B1,PRJ_EEA067,6,Validation & Testing,"1. Compare results against baseline or benchmarks | 2. Conduct blind validation experiments | 3. Document accuracy, precision, recall metrics | 4. Identify failure modes and limitations"
RDM_0FBC99,PRJ_EEA067,7,Reporting & Dissemination,"1. Write final project report | 2. Prepare journal/conference manuscript | 3. Create poster or demo presentation | 4. Archive code, data, and documentation on GitHub/Zenodo"
RDM_B4C34A,PRJ_BC6FF2,1,Problem Scoping & Literature Review,"1. Define problem formally with inputs, outputs, and objectives | 2. Review state-of-the-art models and benchmarks | 3. Identify datasets and evaluation metrics | 4. Prepare related work summary"
RDM_AC2061,PRJ_BC6FF2,2,Dataset Preparation,"1. Identify and download relevant public datasets | 2. Perform exploratory data analysis (EDA) | 3. Handle missing values, outliers, and class imbalance | 4. Split data into train/validation/test sets"
RDM_636F31,PRJ_BC6FF2,3,Model Architecture Design,1. Propose candidate model architectures | 2. Implement baseline model | 3. Define loss functions and evaluation metrics | 4. Set up experiment tracking (MLflow/W&B)
RDM_980EFD,PRJ_BC6FF2,4,Training & Optimization,1. Train baseline model and log results | 2. Perform hyperparameter tuning (grid/random/Bayesian search) | 3. Apply regularization and augmentation strategies | 4. Analyze learning curves and convergence
RDM_3EE17E,PRJ_BC6FF2,5,Evaluation & Ablation,1. Evaluate on held-out test set | 2. Conduct ablation studies for each component | 3. Compare with state-of-the-art benchmarks | 4. Perform error analysis on failure cases
RDM_5A0E35,PRJ_BC6FF2,6,Deployment & Reporting,1. Package model as REST API (FastAPI/Flask) | 2. Containerize with Docker | 3. Write final report and create demo | 4. Publish code and model weights on GitHub
RDM_2EE19E,PRJ_7D6AAD,1,Problem Scoping & Literature Review,"1. Define problem formally with inputs, outputs, and objectives | 2. Review state-of-the-art models and benchmarks | 3. Identify datasets and evaluation metrics | 4. Prepare related work summary"
RDM_74CC65,PRJ_7D6AAD,2,Dataset Preparation,"1. Identify and download relevant public datasets | 2. Perform exploratory data analysis (EDA) | 3. Handle missing values, outliers, and class imbalance | 4. Split data into train/validation/test sets"
RDM_FD0019,PRJ_7D6AAD,3,Model Architecture Design,1. Propose candidate model architectures | 2. Implement baseline model | 3. Define loss functions and evaluation metrics | 4. Set up experiment tracking (MLflow/W&B)
RDM_E483D7,PRJ_7D6AAD,4,Training & Optimization,1. Train baseline model and log results | 2. Perform hyperparameter tuning (grid/random/Bayesian search) | 3. Apply regularization and augmentation strategies | 4. Analyze learning curves and convergence
RDM_6DF93A,PRJ_7D6AAD,5,Evaluation & Ablation,1. Evaluate on held-out test set | 2. Conduct ablation studies for each component | 3. Compare with state-of-the-art benchmarks | 4. Perform error analysis on failure cases
RDM_C2852A,PRJ_7D6AAD,6,Deployment & Reporting,1. Package model as REST API (FastAPI/Flask) | 2. Containerize with Docker | 3. Write final report and create demo | 4. Publish code and model weights on GitHub
RDM_7462DB,PRJ_5697C8,1,Literature Review,1. Perform systematic literature review | 2. Identify experimental and computational components | 3. Define hybrid methodology rationale
RDM_A246EF,PRJ_5697C8,2,Experimental Setup,1. Procure equipment and prepare lab setup | 2. Conduct preliminary experiments | 3. Collect baseline experimental data
RDM_089DDD,PRJ_5697C8,3,Computational Modeling,1. Develop simulation or ML model | 2. Calibrate model with experimental data | 3. Perform virtual parameter sweeps
RDM_60477F,PRJ_5697C8,4,Integrated Analysis,1. Cross-validate experimental and computational results | 2. Identify discrepancies and perform root-cause analysis | 3. Optimize design based on integrated findings
RDM_97EC89,PRJ_5697C8,5,Validation,1. Conduct confirmatory experiments | 2. Benchmark against existing literature | 3. Document uncertainty and error bounds
RDM_D37A49,PRJ_5697C8,6,Reporting,1. Prepare final report combining both methodologies | 2. Submit to conference or journal | 3. Archive all artifacts
RDM_70CF1D,PRJ_8016D9,1,Problem Scoping & Literature Review,"1. Define problem formally with inputs, outputs, and objectives | 2. Review state-of-the-art models and benchmarks | 3. Identify datasets and evaluation metrics | 4. Prepare related work summary"
RDM_93120C,PRJ_8016D9,2,Dataset Preparation,"1. Identify and download relevant public datasets | 2. Perform exploratory data analysis (EDA) | 3. Handle missing values, outliers, and class imbalance | 4. Split data into train/validation/test sets"
RDM_902176,PRJ_8016D9,3,Model Architecture Design,1. Propose candidate model architectures | 2. Implement baseline model | 3. Define loss functions and evaluation metrics | 4. Set up experiment tracking (MLflow/W&B)
RDM_0EC87E,PRJ_8016D9,4,Training & Optimization,1. Train baseline model and log results | 2. Perform hyperparameter tuning (grid/random/Bayesian search) | 3. Apply regularization and augmentation strategies | 4. Analyze learning curves and convergence
RDM_4A2C3D,PRJ_8016D9,5,Evaluation & Ablation,1. Evaluate on held-out test set | 2. Conduct ablation studies for each component | 3. Compare with state-of-the-art benchmarks | 4. Perform error analysis on failure cases
RDM_2BF626,PRJ_8016D9,6,Deployment & Reporting,1. Package model as REST API (FastAPI/Flask) | 2. Containerize with Docker | 3. Write final report and create demo | 4. Publish code and model weights on GitHub
RDM_D101CD,PRJ_2B0CA6,1,Literature Review,1. Perform systematic literature review | 2. Identify experimental and computational components | 3. Define hybrid methodology rationale
RDM_FD4BF2,PRJ_2B0CA6,2,Experimental Setup,1. Procure equipment and prepare lab setup | 2. Conduct preliminary experiments | 3. Collect baseline experimental data
RDM_965147,PRJ_2B0CA6,3,Computational Modeling,1. Develop simulation or ML model | 2. Calibrate model with experimental data | 3. Perform virtual parameter sweeps
RDM_12E549,PRJ_2B0CA6,4,Integrated Analysis,1. Cross-validate experimental and computational results | 2. Identify discrepancies and perform root-cause analysis | 3. Optimize design based on integrated findings
RDM_C6C415,PRJ_2B0CA6,5,Validation,1. Conduct confirmatory experiments | 2. Benchmark against existing literature | 3. Document uncertainty and error bounds
RDM_04BBA8,PRJ_2B0CA6,6,Reporting,1. Prepare final report combining both methodologies | 2. Submit to conference or journal | 3. Archive all artifacts
RDM_4B3754,PRJ_6BCEDC,1,Literature Review & Problem Formulation,1. Conduct systematic literature review on topic | 2. Identify research gaps and define problem statement | 3. Prepare literature review document (min 30 papers) | 4. Define hypothesis and success criteria
RDM_DCB1C8,PRJ_6BCEDC,2,Design & Procurement,1. Finalize system architecture and block diagram | 2. Prepare Bill of Materials (BoM) | 3. Procure equipment and consumables | 4. Set up experimental workspace and safety protocols
RDM_98B6E4,PRJ_6BCEDC,3,Prototype Development,1. Assemble hardware components | 2. Develop initial firmware/software | 3. Perform bench-level unit tests | 4. Document assembly and calibration procedure
RDM_B453C2,PRJ_6BCEDC,4,Data Collection,1. Design data collection protocol | 2. Run controlled experiments with replication | 3. Log raw data with timestamps | 4. Perform initial quality check on collected data
RDM_AE2F9A,PRJ_6BCEDC,5,Analysis & Modeling,1. Clean and preprocess collected data | 2. Apply statistical/ML models | 3. Visualize results and generate insights | 4. Conduct sensitivity analysis
RDM_235848,PRJ_6BCEDC,6,Validation & Testing,"1. Compare results against baseline or benchmarks | 2. Conduct blind validation experiments | 3. Document accuracy, precision, recall metrics | 4. Identify failure modes and limitations"
RDM_B9EE6A,PRJ_6BCEDC,7,Reporting & Dissemination,"1. Write final project report | 2. Prepare journal/conference manuscript | 3. Create poster or demo presentation | 4. Archive code, data, and documentation on GitHub/Zenodo"
RDM_0233E3,PRJ_D5427F,1,Literature Review & Problem Formulation,1. Conduct systematic literature review on topic | 2. Identify research gaps and define problem statement | 3. Prepare literature review document (min 30 papers) | 4. Define hypothesis and success criteria
RDM_DE6465,PRJ_D5427F,2,Design & Procurement,1. Finalize system architecture and block diagram | 2. Prepare Bill of Materials (BoM) | 3. Procure equipment and consumables | 4. Set up experimental workspace and safety protocols
RDM_F01198,PRJ_D5427F,3,Prototype Development,1. Assemble hardware components | 2. Develop initial firmware/software | 3. Perform bench-level unit tests | 4. Document assembly and calibration procedure
RDM_D12890,PRJ_D5427F,4,Data Collection,1. Design data collection protocol | 2. Run controlled experiments with replication | 3. Log raw data with timestamps | 4. Perform initial quality check on collected data
RDM_3C7614,PRJ_D5427F,5,Analysis & Modeling,1. Clean and preprocess collected data | 2. Apply statistical/ML models | 3. Visualize results and generate insights | 4. Conduct sensitivity analysis
RDM_19757F,PRJ_D5427F,6,Validation & Testing,"1. Compare results against baseline or benchmarks | 2. Conduct blind validation experiments | 3. Document accuracy, precision, recall metrics | 4. Identify failure modes and limitations"
RDM_8AAF76,PRJ_D5427F,7,Reporting & Dissemination,"1. Write final project report | 2. Prepare journal/conference manuscript | 3. Create poster or demo presentation | 4. Archive code, data, and documentation on GitHub/Zenodo"
RDM_BB57C5,PRJ_E1E839,1,Literature Review & Problem Formulation,1. Conduct systematic literature review on topic | 2. Identify research gaps and define problem statement | 3. Prepare literature review document (min 30 papers) | 4. Define hypothesis and success criteria
RDM_6B1715,PRJ_E1E839,2,Design & Procurement,1. Finalize system architecture and block diagram | 2. Prepare Bill of Materials (BoM) | 3. Procure equipment and consumables | 4. Set up experimental workspace and safety protocols
RDM_C62BA6,PRJ_E1E839,3,Prototype Development,1. Assemble hardware components | 2. Develop initial firmware/software | 3. Perform bench-level unit tests | 4. Document assembly and calibration procedure
RDM_8BD50C,PRJ_E1E839,4,Data Collection,1. Design data collection protocol | 2. Run controlled experiments with replication | 3. Log raw data with timestamps | 4. Perform initial quality check on collected data
RDM_0B42CB,PRJ_E1E839,5,Analysis & Modeling,1. Clean and preprocess collected data | 2. Apply statistical/ML models | 3. Visualize results and generate insights | 4. Conduct sensitivity analysis
RDM_15E379,PRJ_E1E839,6,Validation & Testing,"1. Compare results against baseline or benchmarks | 2. Conduct blind validation experiments | 3. Document accuracy, precision, recall metrics | 4. Identify failure modes and limitations"
RDM_ED8E39,PRJ_E1E839,7,Reporting & Dissemination,"1. Write final project report | 2. Prepare journal/conference manuscript | 3. Create poster or demo presentation | 4. Archive code, data, and documentation on GitHub/Zenodo"
RDM_FBDB42,PRJ_8EF221,1,Literature Review & Problem Formulation,1. Conduct systematic literature review on topic | 2. Identify research gaps and define problem statement | 3. Prepare literature review document (min 30 papers) | 4. Define hypothesis and success criteria
RDM_1B0AB6,PRJ_8EF221,2,Design & Procurement,1. Finalize system architecture and block diagram | 2. Prepare Bill of Materials (BoM) | 3. Procure equipment and consumables | 4. Set up experimental workspace and safety protocols
RDM_8724C9,PRJ_8EF221,3,Prototype Development,1. Assemble hardware components | 2. Develop initial firmware/software | 3. Perform bench-level unit tests | 4. Document assembly and calibration procedure
RDM_8A5F7D,PRJ_8EF221,4,Data Collection,1. Design data collection protocol | 2. Run controlled experiments with replication | 3. Log raw data with timestamps | 4. Perform initial quality check on collected data
RDM_303B6A,PRJ_8EF221,5,Analysis & Modeling,1. Clean and preprocess collected data | 2. Apply statistical/ML models | 3. Visualize results and generate insights | 4. Conduct sensitivity analysis
RDM_05431F,PRJ_8EF221,6,Validation & Testing,"1. Compare results against baseline or benchmarks | 2. Conduct blind validation experiments | 3. Document accuracy, precision, recall metrics | 4. Identify failure modes and limitations"
RDM_97E40B,PRJ_8EF221,7,Reporting & Dissemination,"1. Write final project report | 2. Prepare journal/conference manuscript | 3. Create poster or demo presentation | 4. Archive code, data, and documentation on GitHub/Zenodo"
RDM_C69682,PRJ_00F769,1,Literature Review & Problem Formulation,1. Conduct systematic literature review on topic | 2. Identify research gaps and define problem statement | 3. Prepare literature review document (min 30 papers) | 4. Define hypothesis and success criteria
RDM_BC6CAA,PRJ_00F769,2,Design & Procurement,1. Finalize system architecture and block diagram | 2. Prepare Bill of Materials (BoM) | 3. Procure equipment and consumables | 4. Set up experimental workspace and safety protocols
RDM_F4610D,PRJ_00F769,3,Prototype Development,1. Assemble hardware components | 2. Develop initial firmware/software | 3. Perform bench-level unit tests | 4. Document assembly and calibration procedure
RDM_10BF10,PRJ_00F769,4,Data Collection,1. Design data collection protocol | 2. Run controlled experiments with replication | 3. Log raw data with timestamps | 4. Perform initial quality check on collected data
RDM_3610F2,PRJ_00F769,5,Analysis & Modeling,1. Clean and preprocess collected data | 2. Apply statistical/ML models | 3. Visualize results and generate insights | 4. Conduct sensitivity analysis
RDM_D07A48,PRJ_00F769,6,Validation & Testing,"1. Compare results against baseline or benchmarks | 2. Conduct blind validation experiments | 3. Document accuracy, precision, recall metrics | 4. Identify failure modes and limitations"
RDM_B3ADBF,PRJ_00F769,7,Reporting & Dissemination,"1. Write final project report | 2. Prepare journal/conference manuscript | 3. Create poster or demo presentation | 4. Archive code, data, and documentation on GitHub/Zenodo"
RDM_65E97F,PRJ_6DDD4C,1,Literature Review,1. Perform systematic literature review | 2. Identify experimental and computational components | 3. Define hybrid methodology rationale
RDM_5AC892,PRJ_6DDD4C,2,Experimental Setup,1. Procure equipment and prepare lab setup | 2. Conduct preliminary experiments | 3. Collect baseline experimental data
RDM_0CE49F,PRJ_6DDD4C,3,Computational Modeling,1. Develop simulation or ML model | 2. Calibrate model with experimental data | 3. Perform virtual parameter sweeps
RDM_3A2365,PRJ_6DDD4C,4,Integrated Analysis,1. Cross-validate experimental and computational results | 2. Identify discrepancies and perform root-cause analysis | 3. Optimize design based on integrated findings
RDM_57E6BD,PRJ_6DDD4C,5,Validation,1. Conduct confirmatory experiments | 2. Benchmark against existing literature | 3. Document uncertainty and error bounds
RDM_2DC095,PRJ_6DDD4C,6,Reporting,1. Prepare final report combining both methodologies | 2. Submit to conference or journal | 3. Archive all artifacts
RDM_ECEA40,PRJ_85855B,1,Problem Scoping & Literature Review,"1. Define problem formally with inputs, outputs, and objectives | 2. Review state-of-the-art models and benchmarks | 3. Identify datasets and evaluation metrics | 4. Prepare related work summary"
RDM_C478CF,PRJ_85855B,2,Dataset Preparation,"1. Identify and download relevant public datasets | 2. Perform exploratory data analysis (EDA) | 3. Handle missing values, outliers, and class imbalance | 4. Split data into train/validation/test sets"
RDM_80141C,PRJ_85855B,3,Model Architecture Design,1. Propose candidate model architectures | 2. Implement baseline model | 3. Define loss functions and evaluation metrics | 4. Set up experiment tracking (MLflow/W&B)
RDM_3C7831,PRJ_85855B,4,Training & Optimization,1. Train baseline model and log results | 2. Perform hyperparameter tuning (grid/random/Bayesian search) | 3. Apply regularization and augmentation strategies | 4. Analyze learning curves and convergence
RDM_30E3E7,PRJ_85855B,5,Evaluation & Ablation,1. Evaluate on held-out test set | 2. Conduct ablation studies for each component | 3. Compare with state-of-the-art benchmarks | 4. Perform error analysis on failure cases
RDM_FB2D94,PRJ_85855B,6,Deployment & Reporting,1. Package model as REST API (FastAPI/Flask) | 2. Containerize with Docker | 3. Write final report and create demo | 4. Publish code and model weights on GitHub
RDM_DA9A63,PRJ_71F0EA,1,Problem Scoping & Literature Review,"1. Define problem formally with inputs, outputs, and objectives | 2. Review state-of-the-art models and benchmarks | 3. Identify datasets and evaluation metrics | 4. Prepare related work summary"
RDM_A359C8,PRJ_71F0EA,2,Dataset Preparation,"1. Identify and download relevant public datasets | 2. Perform exploratory data analysis (EDA) | 3. Handle missing values, outliers, and class imbalance | 4. Split data into train/validation/test sets"
RDM_4E7D43,PRJ_71F0EA,3,Model Architecture Design,1. Propose candidate model architectures | 2. Implement baseline model | 3. Define loss functions and evaluation metrics | 4. Set up experiment tracking (MLflow/W&B)
RDM_09E08E,PRJ_71F0EA,4,Training & Optimization,1. Train baseline model and log results | 2. Perform hyperparameter tuning (grid/random/Bayesian search) | 3. Apply regularization and augmentation strategies | 4. Analyze learning curves and convergence
RDM_E29547,PRJ_71F0EA,5,Evaluation & Ablation,1. Evaluate on held-out test set | 2. Conduct ablation studies for each component | 3. Compare with state-of-the-art benchmarks | 4. Perform error analysis on failure cases
RDM_F4D353,PRJ_71F0EA,6,Deployment & Reporting,1. Package model as REST API (FastAPI/Flask) | 2. Containerize with Docker | 3. Write final report and create demo | 4. Publish code and model weights on GitHub
RDM_7B2EB1,PRJ_C8E202,1,Literature Review & Problem Formulation,1. Conduct systematic literature review on topic | 2. Identify research gaps and define problem statement | 3. Prepare literature review document (min 30 papers) | 4. Define hypothesis and success criteria
RDM_DD0296,PRJ_C8E202,2,Design & Procurement,1. Finalize system architecture and block diagram | 2. Prepare Bill of Materials (BoM) | 3. Procure equipment and consumables | 4. Set up experimental workspace and safety protocols
RDM_44EE10,PRJ_C8E202,3,Prototype Development,1. Assemble hardware components | 2. Develop initial firmware/software | 3. Perform bench-level unit tests | 4. Document assembly and calibration procedure
RDM_B56458,PRJ_C8E202,4,Data Collection,1. Design data collection protocol | 2. Run controlled experiments with replication | 3. Log raw data with timestamps | 4. Perform initial quality check on collected data
RDM_5ECC8D,PRJ_C8E202,5,Analysis & Modeling,1. Clean and preprocess collected data | 2. Apply statistical/ML models | 3. Visualize results and generate insights | 4. Conduct sensitivity analysis
RDM_236565,PRJ_C8E202,6,Validation & Testing,"1. Compare results against baseline or benchmarks | 2. Conduct blind validation experiments | 3. Document accuracy, precision, recall metrics | 4. Identify failure modes and limitations"
RDM_1B9730,PRJ_C8E202,7,Reporting & Dissemination,"1. Write final project report | 2. Prepare journal/conference manuscript | 3. Create poster or demo presentation | 4. Archive code, data, and documentation on GitHub/Zenodo"
RDM_BC923D,PRJ_17D21A,1,Literature Review,1. Perform systematic literature review | 2. Identify experimental and computational components | 3. Define hybrid methodology rationale
RDM_A09535,PRJ_17D21A,2,Experimental Setup,1. Procure equipment and prepare lab setup | 2. Conduct preliminary experiments | 3. Collect baseline experimental data
RDM_A98C38,PRJ_17D21A,3,Computational Modeling,1. Develop simulation or ML model | 2. Calibrate model with experimental data | 3. Perform virtual parameter sweeps
RDM_E1387F,PRJ_17D21A,4,Integrated Analysis,1. Cross-validate experimental and computational results | 2. Identify discrepancies and perform root-cause analysis | 3. Optimize design based on integrated findings
RDM_214778,PRJ_17D21A,5,Validation,1. Conduct confirmatory experiments | 2. Benchmark against existing literature | 3. Document uncertainty and error bounds
RDM_2076DA,PRJ_17D21A,6,Reporting,1. Prepare final report combining both methodologies | 2. Submit to conference or journal | 3. Archive all artifacts
RDM_A5D4AB,PRJ_252F58,1,Literature Review,1. Perform systematic literature review | 2. Identify experimental and computational components | 3. Define hybrid methodology rationale
RDM_92AD90,PRJ_252F58,2,Experimental Setup,1. Procure equipment and prepare lab setup | 2. Conduct preliminary experiments | 3. Collect baseline experimental data
RDM_06138F,PRJ_252F58,3,Computational Modeling,1. Develop simulation or ML model | 2. Calibrate model with experimental data | 3. Perform virtual parameter sweeps
RDM_23707E,PRJ_252F58,4,Integrated Analysis,1. Cross-validate experimental and computational results | 2. Identify discrepancies and perform root-cause analysis | 3. Optimize design based on integrated findings
RDM_99671F,PRJ_252F58,5,Validation,1. Conduct confirmatory experiments | 2. Benchmark against existing literature | 3. Document uncertainty and error bounds
RDM_9794E1,PRJ_252F58,6,Reporting,1. Prepare final report combining both methodologies | 2. Submit to conference or journal | 3. Archive all artifacts
RDM_22F03C,PRJ_8C970F,1,Literature Review & Problem Formulation,1. Conduct systematic literature review on topic | 2. Identify research gaps and define problem statement | 3. Prepare literature review document (min 30 papers) | 4. Define hypothesis and success criteria
RDM_B0BA77,PRJ_8C970F,2,Design & Procurement,1. Finalize system architecture and block diagram | 2. Prepare Bill of Materials (BoM) | 3. Procure equipment and consumables | 4. Set up experimental workspace and safety protocols
RDM_2C18EF,PRJ_8C970F,3,Prototype Development,1. Assemble hardware components | 2. Develop initial firmware/software | 3. Perform bench-level unit tests | 4. Document assembly and calibration procedure
RDM_61FF64,PRJ_8C970F,4,Data Collection,1. Design data collection protocol | 2. Run controlled experiments with replication | 3. Log raw data with timestamps | 4. Perform initial quality check on collected data
RDM_25E5DA,PRJ_8C970F,5,Analysis & Modeling,1. Clean and preprocess collected data | 2. Apply statistical/ML models | 3. Visualize results and generate insights | 4. Conduct sensitivity analysis
RDM_CAFFDA,PRJ_8C970F,6,Validation & Testing,"1. Compare results against baseline or benchmarks | 2. Conduct blind validation experiments | 3. Document accuracy, precision, recall metrics | 4. Identify failure modes and limitations"
RDM_51B3A0,PRJ_8C970F,7,Reporting & Dissemination,"1. Write final project report | 2. Prepare journal/conference manuscript | 3. Create poster or demo presentation | 4. Archive code, data, and documentation on GitHub/Zenodo"
RDM_43A170,PRJ_B76642,1,Problem Scoping & Literature Review,"1. Define problem formally with inputs, outputs, and objectives | 2. Review state-of-the-art models and benchmarks | 3. Identify datasets and evaluation metrics | 4. Prepare related work summary"
RDM_DDF963,PRJ_B76642,2,Dataset Preparation,"1. Identify and download relevant public datasets | 2. Perform exploratory data analysis (EDA) | 3. Handle missing values, outliers, and class imbalance | 4. Split data into train/validation/test sets"
RDM_381E66,PRJ_B76642,3,Model Architecture Design,1. Propose candidate model architectures | 2. Implement baseline model | 3. Define loss functions and evaluation metrics | 4. Set up experiment tracking (MLflow/W&B)
RDM_617C80,PRJ_B76642,4,Training & Optimization,1. Train baseline model and log results | 2. Perform hyperparameter tuning (grid/random/Bayesian search) | 3. Apply regularization and augmentation strategies | 4. Analyze learning curves and convergence
RDM_14436C,PRJ_B76642,5,Evaluation & Ablation,1. Evaluate on held-out test set | 2. Conduct ablation studies for each component | 3. Compare with state-of-the-art benchmarks | 4. Perform error analysis on failure cases
RDM_9EADFA,PRJ_B76642,6,Deployment & Reporting,1. Package model as REST API (FastAPI/Flask) | 2. Containerize with Docker | 3. Write final report and create demo | 4. Publish code and model weights on GitHub
RDM_FD3E9F,PRJ_815C4B,1,Literature Review & Problem Formulation,1. Conduct systematic literature review on topic | 2. Identify research gaps and define problem statement | 3. Prepare literature review document (min 30 papers) | 4. Define hypothesis and success criteria
RDM_4D1ABA,PRJ_815C4B,2,Design & Procurement,1. Finalize system architecture and block diagram | 2. Prepare Bill of Materials (BoM) | 3. Procure equipment and consumables | 4. Set up experimental workspace and safety protocols
RDM_7ABCA6,PRJ_815C4B,3,Prototype Development,1. Assemble hardware components | 2. Develop initial firmware/software | 3. Perform bench-level unit tests | 4. Document assembly and calibration procedure
RDM_A3137F,PRJ_815C4B,4,Data Collection,1. Design data collection protocol | 2. Run controlled experiments with replication | 3. Log raw data with timestamps | 4. Perform initial quality check on collected data
RDM_52782E,PRJ_815C4B,5,Analysis & Modeling,1. Clean and preprocess collected data | 2. Apply statistical/ML models | 3. Visualize results and generate insights | 4. Conduct sensitivity analysis
RDM_B9BBED,PRJ_815C4B,6,Validation & Testing,"1. Compare results against baseline or benchmarks | 2. Conduct blind validation experiments | 3. Document accuracy, precision, recall metrics | 4. Identify failure modes and limitations"
RDM_FB174A,PRJ_815C4B,7,Reporting & Dissemination,"1. Write final project report | 2. Prepare journal/conference manuscript | 3. Create poster or demo presentation | 4. Archive code, data, and documentation on GitHub/Zenodo"
RDM_B8681A,PRJ_1004D2,1,Problem Scoping & Literature Review,"1. Define problem formally with inputs, outputs, and objectives | 2. Review state-of-the-art models and benchmarks | 3. Identify datasets and evaluation metrics | 4. Prepare related work summary"
RDM_5197B6,PRJ_1004D2,2,Dataset Preparation,"1. Identify and download relevant public datasets | 2. Perform exploratory data analysis (EDA) | 3. Handle missing values, outliers, and class imbalance | 4. Split data into train/validation/test sets"
RDM_475CF0,PRJ_1004D2,3,Model Architecture Design,1. Propose candidate model architectures | 2. Implement baseline model | 3. Define loss functions and evaluation metrics | 4. Set up experiment tracking (MLflow/W&B)
RDM_7B6576,PRJ_1004D2,4,Training & Optimization,1. Train baseline model and log results | 2. Perform hyperparameter tuning (grid/random/Bayesian search) | 3. Apply regularization and augmentation strategies | 4. Analyze learning curves and convergence
RDM_BC1B7E,PRJ_1004D2,5,Evaluation & Ablation,1. Evaluate on held-out test set | 2. Conduct ablation studies for each component | 3. Compare with state-of-the-art benchmarks | 4. Perform error analysis on failure cases
RDM_8D936C,PRJ_1004D2,6,Deployment & Reporting,1. Package model as REST API (FastAPI/Flask) | 2. Containerize with Docker | 3. Write final report and create demo | 4. Publish code and model weights on GitHub
RDM_9414B8,PRJ_5B355F,1,Problem Scoping & Literature Review,"1. Define problem formally with inputs, outputs, and objectives | 2. Review state-of-the-art models and benchmarks | 3. Identify datasets and evaluation metrics | 4. Prepare related work summary"
RDM_CACB66,PRJ_5B355F,2,Dataset Preparation,"1. Identify and download relevant public datasets | 2. Perform exploratory data analysis (EDA) | 3. Handle missing values, outliers, and class imbalance | 4. Split data into train/validation/test sets"
RDM_96B6F9,PRJ_5B355F,3,Model Architecture Design,1. Propose candidate model architectures | 2. Implement baseline model | 3. Define loss functions and evaluation metrics | 4. Set up experiment tracking (MLflow/W&B)
RDM_C105AD,PRJ_5B355F,4,Training & Optimization,1. Train baseline model and log results | 2. Perform hyperparameter tuning (grid/random/Bayesian search) | 3. Apply regularization and augmentation strategies | 4. Analyze learning curves and convergence
RDM_F97085,PRJ_5B355F,5,Evaluation & Ablation,1. Evaluate on held-out test set | 2. Conduct ablation studies for each component | 3. Compare with state-of-the-art benchmarks | 4. Perform error analysis on failure cases
RDM_E0434A,PRJ_5B355F,6,Deployment & Reporting,1. Package model as REST API (FastAPI/Flask) | 2. Containerize with Docker | 3. Write final report and create demo | 4. Publish code and model weights on GitHub
RDM_45DE69,PRJ_3DFEFD,1,Problem Scoping & Literature Review,"1. Define problem formally with inputs, outputs, and objectives | 2. Review state-of-the-art models and benchmarks | 3. Identify datasets and evaluation metrics | 4. Prepare related work summary"
RDM_EED7A6,PRJ_3DFEFD,2,Dataset Preparation,"1. Identify and download relevant public datasets | 2. Perform exploratory data analysis (EDA) | 3. Handle missing values, outliers, and class imbalance | 4. Split data into train/validation/test sets"
RDM_1AA14A,PRJ_3DFEFD,3,Model Architecture Design,1. Propose candidate model architectures | 2. Implement baseline model | 3. Define loss functions and evaluation metrics | 4. Set up experiment tracking (MLflow/W&B)
RDM_CBBFBB,PRJ_3DFEFD,4,Training & Optimization,1. Train baseline model and log results | 2. Perform hyperparameter tuning (grid/random/Bayesian search) | 3. Apply regularization and augmentation strategies | 4. Analyze learning curves and convergence
RDM_73C0AF,PRJ_3DFEFD,5,Evaluation & Ablation,1. Evaluate on held-out test set | 2. Conduct ablation studies for each component | 3. Compare with state-of-the-art benchmarks | 4. Perform error analysis on failure cases
RDM_97A9AE,PRJ_3DFEFD,6,Deployment & Reporting,1. Package model as REST API (FastAPI/Flask) | 2. Containerize with Docker | 3. Write final report and create demo | 4. Publish code and model weights on GitHub
RDM_B0AAC7,PRJ_089B2A,1,Problem Scoping & Literature Review,"1. Define problem formally with inputs, outputs, and objectives | 2. Review state-of-the-art models and benchmarks | 3. Identify datasets and evaluation metrics | 4. Prepare related work summary"
RDM_458ACB,PRJ_089B2A,2,Dataset Preparation,"1. Identify and download relevant public datasets | 2. Perform exploratory data analysis (EDA) | 3. Handle missing values, outliers, and class imbalance | 4. Split data into train/validation/test sets"
RDM_3A2653,PRJ_089B2A,3,Model Architecture Design,1. Propose candidate model architectures | 2. Implement baseline model | 3. Define loss functions and evaluation metrics | 4. Set up experiment tracking (MLflow/W&B)
RDM_B82EB9,PRJ_089B2A,4,Training & Optimization,1. Train baseline model and log results | 2. Perform hyperparameter tuning (grid/random/Bayesian search) | 3. Apply regularization and augmentation strategies | 4. Analyze learning curves and convergence
RDM_3CED19,PRJ_089B2A,5,Evaluation & Ablation,1. Evaluate on held-out test set | 2. Conduct ablation studies for each component | 3. Compare with state-of-the-art benchmarks | 4. Perform error analysis on failure cases
RDM_8CD651,PRJ_089B2A,6,Deployment & Reporting,1. Package model as REST API (FastAPI/Flask) | 2. Containerize with Docker | 3. Write final report and create demo | 4. Publish code and model weights on GitHub
RDM_7D682D,PRJ_D19351,1,Problem Scoping & Literature Review,"1. Define problem formally with inputs, outputs, and objectives | 2. Review state-of-the-art models and benchmarks | 3. Identify datasets and evaluation metrics | 4. Prepare related work summary"
RDM_B9C079,PRJ_D19351,2,Dataset Preparation,"1. Identify and download relevant public datasets | 2. Perform exploratory data analysis (EDA) | 3. Handle missing values, outliers, and class imbalance | 4. Split data into train/validation/test sets"
RDM_E7A693,PRJ_D19351,3,Model Architecture Design,1. Propose candidate model architectures | 2. Implement baseline model | 3. Define loss functions and evaluation metrics | 4. Set up experiment tracking (MLflow/W&B)
RDM_3D8753,PRJ_D19351,4,Training & Optimization,1. Train baseline model and log results | 2. Perform hyperparameter tuning (grid/random/Bayesian search) | 3. Apply regularization and augmentation strategies | 4. Analyze learning curves and convergence
RDM_70463D,PRJ_D19351,5,Evaluation & Ablation,1. Evaluate on held-out test set | 2. Conduct ablation studies for each component | 3. Compare with state-of-the-art benchmarks | 4. Perform error analysis on failure cases
RDM_A170B8,PRJ_D19351,6,Deployment & Reporting,1. Package model as REST API (FastAPI/Flask) | 2. Containerize with Docker | 3. Write final report and create demo | 4. Publish code and model weights on GitHub
RDM_1C5F78,PRJ_6E90C9,1,Literature Review & Problem Formulation,1. Conduct systematic literature review on topic | 2. Identify research gaps and define problem statement | 3. Prepare literature review document (min 30 papers) | 4. Define hypothesis and success criteria
RDM_4B1FC6,PRJ_6E90C9,2,Design & Procurement,1. Finalize system architecture and block diagram | 2. Prepare Bill of Materials (BoM) | 3. Procure equipment and consumables | 4. Set up experimental workspace and safety protocols
RDM_60D407,PRJ_6E90C9,3,Prototype Development,1. Assemble hardware components | 2. Develop initial firmware/software | 3. Perform bench-level unit tests | 4. Document assembly and calibration procedure
RDM_F61557,PRJ_6E90C9,4,Data Collection,1. Design data collection protocol | 2. Run controlled experiments with replication | 3. Log raw data with timestamps | 4. Perform initial quality check on collected data
RDM_2C59D1,PRJ_6E90C9,5,Analysis & Modeling,1. Clean and preprocess collected data | 2. Apply statistical/ML models | 3. Visualize results and generate insights | 4. Conduct sensitivity analysis
RDM_1DB975,PRJ_6E90C9,6,Validation & Testing,"1. Compare results against baseline or benchmarks | 2. Conduct blind validation experiments | 3. Document accuracy, precision, recall metrics | 4. Identify failure modes and limitations"
RDM_83C59D,PRJ_6E90C9,7,Reporting & Dissemination,"1. Write final project report | 2. Prepare journal/conference manuscript | 3. Create poster or demo presentation | 4. Archive code, data, and documentation on GitHub/Zenodo"
RDM_460415,PRJ_6AE09C,1,Literature Review & Problem Formulation,1. Conduct systematic literature review on topic | 2. Identify research gaps and define problem statement | 3. Prepare literature review document (min 30 papers) | 4. Define hypothesis and success criteria
RDM_BDE446,PRJ_6AE09C,2,Design & Procurement,1. Finalize system architecture and block diagram | 2. Prepare Bill of Materials (BoM) | 3. Procure equipment and consumables | 4. Set up experimental workspace and safety protocols
RDM_2642E2,PRJ_6AE09C,3,Prototype Development,1. Assemble hardware components | 2. Develop initial firmware/software | 3. Perform bench-level unit tests | 4. Document assembly and calibration procedure
RDM_210845,PRJ_6AE09C,4,Data Collection,1. Design data collection protocol | 2. Run controlled experiments with replication | 3. Log raw data with timestamps | 4. Perform initial quality check on collected data
RDM_582582,PRJ_6AE09C,5,Analysis & Modeling,1. Clean and preprocess collected data | 2. Apply statistical/ML models | 3. Visualize results and generate insights | 4. Conduct sensitivity analysis
RDM_285D2D,PRJ_6AE09C,6,Validation & Testing,"1. Compare results against baseline or benchmarks | 2. Conduct blind validation experiments | 3. Document accuracy, precision, recall metrics | 4. Identify failure modes and limitations"
RDM_86A696,PRJ_6AE09C,7,Reporting & Dissemination,"1. Write final project report | 2. Prepare journal/conference manuscript | 3. Create poster or demo presentation | 4. Archive code, data, and documentation on GitHub/Zenodo"
RDM_47BFDF,PRJ_1962B2,1,Problem Scoping & Literature Review,"1. Define problem formally with inputs, outputs, and objectives | 2. Review state-of-the-art models and benchmarks | 3. Identify datasets and evaluation metrics | 4. Prepare related work summary"
RDM_2B78F2,PRJ_1962B2,2,Dataset Preparation,"1. Identify and download relevant public datasets | 2. Perform exploratory data analysis (EDA) | 3. Handle missing values, outliers, and class imbalance | 4. Split data into train/validation/test sets"
RDM_CCD7FC,PRJ_1962B2,3,Model Architecture Design,1. Propose candidate model architectures | 2. Implement baseline model | 3. Define loss functions and evaluation metrics | 4. Set up experiment tracking (MLflow/W&B)
RDM_1DF9AD,PRJ_1962B2,4,Training & Optimization,1. Train baseline model and log results | 2. Perform hyperparameter tuning (grid/random/Bayesian search) | 3. Apply regularization and augmentation strategies | 4. Analyze learning curves and convergence
RDM_2CECF4,PRJ_1962B2,5,Evaluation & Ablation,1. Evaluate on held-out test set | 2. Conduct ablation studies for each component | 3. Compare with state-of-the-art benchmarks | 4. Perform error analysis on failure cases
RDM_A3444B,PRJ_1962B2,6,Deployment & Reporting,1. Package model as REST API (FastAPI/Flask) | 2. Containerize with Docker | 3. Write final report and create demo | 4. Publish code and model weights on GitHub
RDM_FFB5C7,PRJ_22FA32,1,Problem Scoping & Literature Review,"1. Define problem formally with inputs, outputs, and objectives | 2. Review state-of-the-art models and benchmarks | 3. Identify datasets and evaluation metrics | 4. Prepare related work summary"
RDM_510E54,PRJ_22FA32,2,Dataset Preparation,"1. Identify and download relevant public datasets | 2. Perform exploratory data analysis (EDA) | 3. Handle missing values, outliers, and class imbalance | 4. Split data into train/validation/test sets"
RDM_A30243,PRJ_22FA32,3,Model Architecture Design,1. Propose candidate model architectures | 2. Implement baseline model | 3. Define loss functions and evaluation metrics | 4. Set up experiment tracking (MLflow/W&B)
RDM_E58A62,PRJ_22FA32,4,Training & Optimization,1. Train baseline model and log results | 2. Perform hyperparameter tuning (grid/random/Bayesian search) | 3. Apply regularization and augmentation strategies | 4. Analyze learning curves and convergence
RDM_726013,PRJ_22FA32,5,Evaluation & Ablation,1. Evaluate on held-out test set | 2. Conduct ablation studies for each component | 3. Compare with state-of-the-art benchmarks | 4. Perform error analysis on failure cases
RDM_E177F3,PRJ_22FA32,6,Deployment & Reporting,1. Package model as REST API (FastAPI/Flask) | 2. Containerize with Docker | 3. Write final report and create demo | 4. Publish code and model weights on GitHub
RDM_C3F089,PRJ_C64438,1,Literature Review & Problem Formulation,1. Conduct systematic literature review on topic | 2. Identify research gaps and define problem statement | 3. Prepare literature review document (min 30 papers) | 4. Define hypothesis and success criteria
RDM_749118,PRJ_C64438,2,Design & Procurement,1. Finalize system architecture and block diagram | 2. Prepare Bill of Materials (BoM) | 3. Procure equipment and consumables | 4. Set up experimental workspace and safety protocols
RDM_BE7D35,PRJ_C64438,3,Prototype Development,1. Assemble hardware components | 2. Develop initial firmware/software | 3. Perform bench-level unit tests | 4. Document assembly and calibration procedure
RDM_D2FBE4,PRJ_C64438,4,Data Collection,1. Design data collection protocol | 2. Run controlled experiments with replication | 3. Log raw data with timestamps | 4. Perform initial quality check on collected data
RDM_6C1EE5,PRJ_C64438,5,Analysis & Modeling,1. Clean and preprocess collected data | 2. Apply statistical/ML models | 3. Visualize results and generate insights | 4. Conduct sensitivity analysis
RDM_BDFC8A,PRJ_C64438,6,Validation & Testing,"1. Compare results against baseline or benchmarks | 2. Conduct blind validation experiments | 3. Document accuracy, precision, recall metrics | 4. Identify failure modes and limitations"
RDM_F6F8F5,PRJ_C64438,7,Reporting & Dissemination,"1. Write final project report | 2. Prepare journal/conference manuscript | 3. Create poster or demo presentation | 4. Archive code, data, and documentation on GitHub/Zenodo"
RDM_B50AAF,PRJ_3344DC,1,Literature Review & Problem Formulation,1. Conduct systematic literature review on topic | 2. Identify research gaps and define problem statement | 3. Prepare literature review document (min 30 papers) | 4. Define hypothesis and success criteria
RDM_F40166,PRJ_3344DC,2,Design & Procurement,1. Finalize system architecture and block diagram | 2. Prepare Bill of Materials (BoM) | 3. Procure equipment and consumables | 4. Set up experimental workspace and safety protocols
RDM_2AB294,PRJ_3344DC,3,Prototype Development,1. Assemble hardware components | 2. Develop initial firmware/software | 3. Perform bench-level unit tests | 4. Document assembly and calibration procedure
RDM_4D826F,PRJ_3344DC,4,Data Collection,1. Design data collection protocol | 2. Run controlled experiments with replication | 3. Log raw data with timestamps | 4. Perform initial quality check on collected data
RDM_A04CC6,PRJ_3344DC,5,Analysis & Modeling,1. Clean and preprocess collected data | 2. Apply statistical/ML models | 3. Visualize results and generate insights | 4. Conduct sensitivity analysis
RDM_818723,PRJ_3344DC,6,Validation & Testing,"1. Compare results against baseline or benchmarks | 2. Conduct blind validation experiments | 3. Document accuracy, precision, recall metrics | 4. Identify failure modes and limitations"
RDM_139C97,PRJ_3344DC,7,Reporting & Dissemination,"1. Write final project report | 2. Prepare journal/conference manuscript | 3. Create poster or demo presentation | 4. Archive code, data, and documentation on GitHub/Zenodo"
RDM_16FEA0,PRJ_F9B9C6,1,Problem Scoping & Literature Review,"1. Define problem formally with inputs, outputs, and objectives | 2. Review state-of-the-art models and benchmarks | 3. Identify datasets and evaluation metrics | 4. Prepare related work summary"
RDM_B44960,PRJ_F9B9C6,2,Dataset Preparation,"1. Identify and download relevant public datasets | 2. Perform exploratory data analysis (EDA) | 3. Handle missing values, outliers, and class imbalance | 4. Split data into train/validation/test sets"
RDM_E0106A,PRJ_F9B9C6,3,Model Architecture Design,1. Propose candidate model architectures | 2. Implement baseline model | 3. Define loss functions and evaluation metrics | 4. Set up experiment tracking (MLflow/W&B)
RDM_C93158,PRJ_F9B9C6,4,Training & Optimization,1. Train baseline model and log results | 2. Perform hyperparameter tuning (grid/random/Bayesian search) | 3. Apply regularization and augmentation strategies | 4. Analyze learning curves and convergence
RDM_7A3C1C,PRJ_F9B9C6,5,Evaluation & Ablation,1. Evaluate on held-out test set | 2. Conduct ablation studies for each component | 3. Compare with state-of-the-art benchmarks | 4. Perform error analysis on failure cases
RDM_19967D,PRJ_F9B9C6,6,Deployment & Reporting,1. Package model as REST API (FastAPI/Flask) | 2. Containerize with Docker | 3. Write final report and create demo | 4. Publish code and model weights on GitHub
RDM_24FB5B,PRJ_D59EAB,1,Literature Review,1. Perform systematic literature review | 2. Identify experimental and computational components | 3. Define hybrid methodology rationale
RDM_4630D7,PRJ_D59EAB,2,Experimental Setup,1. Procure equipment and prepare lab setup | 2. Conduct preliminary experiments | 3. Collect baseline experimental data
RDM_460089,PRJ_D59EAB,3,Computational Modeling,1. Develop simulation or ML model | 2. Calibrate model with experimental data | 3. Perform virtual parameter sweeps
RDM_EBBD9E,PRJ_D59EAB,4,Integrated Analysis,1. Cross-validate experimental and computational results | 2. Identify discrepancies and perform root-cause analysis | 3. Optimize design based on integrated findings
RDM_84AA86,PRJ_D59EAB,5,Validation,1. Conduct confirmatory experiments | 2. Benchmark against existing literature | 3. Document uncertainty and error bounds
RDM_87D28B,PRJ_D59EAB,6,Reporting,1. Prepare final report combining both methodologies | 2. Submit to conference or journal | 3. Archive all artifacts
RDM_20C55C,PRJ_B983C4,1,Literature Review,1. Perform systematic literature review | 2. Identify experimental and computational components | 3. Define hybrid methodology rationale
RDM_CF4F0F,PRJ_B983C4,2,Experimental Setup,1. Procure equipment and prepare lab setup | 2. Conduct preliminary experiments | 3. Collect baseline experimental data
RDM_7EF348,PRJ_B983C4,3,Computational Modeling,1. Develop simulation or ML model | 2. Calibrate model with experimental data | 3. Perform virtual parameter sweeps
RDM_9092FA,PRJ_B983C4,4,Integrated Analysis,1. Cross-validate experimental and computational results | 2. Identify discrepancies and perform root-cause analysis | 3. Optimize design based on integrated findings
RDM_96BEB9,PRJ_B983C4,5,Validation,1. Conduct confirmatory experiments | 2. Benchmark against existing literature | 3. Document uncertainty and error bounds
RDM_192218,PRJ_B983C4,6,Reporting,1. Prepare final report combining both methodologies | 2. Submit to conference or journal | 3. Archive all artifacts
RDM_F791B6,PRJ_1AF5FF,1,Literature Review & Problem Formulation,1. Conduct systematic literature review on topic | 2. Identify research gaps and define problem statement | 3. Prepare literature review document (min 30 papers) | 4. Define hypothesis and success criteria
RDM_A19E39,PRJ_1AF5FF,2,Design & Procurement,1. Finalize system architecture and block diagram | 2. Prepare Bill of Materials (BoM) | 3. Procure equipment and consumables | 4. Set up experimental workspace and safety protocols
RDM_46F51E,PRJ_1AF5FF,3,Prototype Development,1. Assemble hardware components | 2. Develop initial firmware/software | 3. Perform bench-level unit tests | 4. Document assembly and calibration procedure
RDM_53622D,PRJ_1AF5FF,4,Data Collection,1. Design data collection protocol | 2. Run controlled experiments with replication | 3. Log raw data with timestamps | 4. Perform initial quality check on collected data
RDM_63A6E7,PRJ_1AF5FF,5,Analysis & Modeling,1. Clean and preprocess collected data | 2. Apply statistical/ML models | 3. Visualize results and generate insights | 4. Conduct sensitivity analysis
RDM_F66BA1,PRJ_1AF5FF,6,Validation & Testing,"1. Compare results against baseline or benchmarks | 2. Conduct blind validation experiments | 3. Document accuracy, precision, recall metrics | 4. Identify failure modes and limitations"
RDM_D7D1C7,PRJ_1AF5FF,7,Reporting & Dissemination,"1. Write final project report | 2. Prepare journal/conference manuscript | 3. Create poster or demo presentation | 4. Archive code, data, and documentation on GitHub/Zenodo"
RDM_8DEA42,PRJ_9ACF31,1,Literature Review & Problem Formulation,1. Conduct systematic literature review on topic | 2. Identify research gaps and define problem statement | 3. Prepare literature review document (min 30 papers) | 4. Define hypothesis and success criteria
RDM_0C9874,PRJ_9ACF31,2,Design & Procurement,1. Finalize system architecture and block diagram | 2. Prepare Bill of Materials (BoM) | 3. Procure equipment and consumables | 4. Set up experimental workspace and safety protocols
RDM_A07DFC,PRJ_9ACF31,3,Prototype Development,1. Assemble hardware components | 2. Develop initial firmware/software | 3. Perform bench-level unit tests | 4. Document assembly and calibration procedure
RDM_99FC48,PRJ_9ACF31,4,Data Collection,1. Design data collection protocol | 2. Run controlled experiments with replication | 3. Log raw data with timestamps | 4. Perform initial quality check on collected data
RDM_96D49E,PRJ_9ACF31,5,Analysis & Modeling,1. Clean and preprocess collected data | 2. Apply statistical/ML models | 3. Visualize results and generate insights | 4. Conduct sensitivity analysis
RDM_0AD444,PRJ_9ACF31,6,Validation & Testing,"1. Compare results against baseline or benchmarks | 2. Conduct blind validation experiments | 3. Document accuracy, precision, recall metrics | 4. Identify failure modes and limitations"
RDM_DC18EC,PRJ_9ACF31,7,Reporting & Dissemination,"1. Write final project report | 2. Prepare journal/conference manuscript | 3. Create poster or demo presentation | 4. Archive code, data, and documentation on GitHub/Zenodo"
RDM_03AE23,PRJ_3A7D65,1,Literature Review,1. Perform systematic literature review | 2. Identify experimental and computational components | 3. Define hybrid methodology rationale
RDM_02476A,PRJ_3A7D65,2,Experimental Setup,1. Procure equipment and prepare lab setup | 2. Conduct preliminary experiments | 3. Collect baseline experimental data
RDM_D442C5,PRJ_3A7D65,3,Computational Modeling,1. Develop simulation or ML model | 2. Calibrate model with experimental data | 3. Perform virtual parameter sweeps
RDM_209F8B,PRJ_3A7D65,4,Integrated Analysis,1. Cross-validate experimental and computational results | 2. Identify discrepancies and perform root-cause analysis | 3. Optimize design based on integrated findings
RDM_608A22,PRJ_3A7D65,5,Validation,1. Conduct confirmatory experiments | 2. Benchmark against existing literature | 3. Document uncertainty and error bounds
RDM_EC3975,PRJ_3A7D65,6,Reporting,1. Prepare final report combining both methodologies | 2. Submit to conference or journal | 3. Archive all artifacts
RDM_75CFD7,PRJ_DEC8B1,1,Literature Review,1. Perform systematic literature review | 2. Identify experimental and computational components | 3. Define hybrid methodology rationale
RDM_EE04CD,PRJ_DEC8B1,2,Experimental Setup,1. Procure equipment and prepare lab setup | 2. Conduct preliminary experiments | 3. Collect baseline experimental data
RDM_070821,PRJ_DEC8B1,3,Computational Modeling,1. Develop simulation or ML model | 2. Calibrate model with experimental data | 3. Perform virtual parameter sweeps
RDM_BFA806,PRJ_DEC8B1,4,Integrated Analysis,1. Cross-validate experimental and computational results | 2. Identify discrepancies and perform root-cause analysis | 3. Optimize design based on integrated findings
RDM_2500E1,PRJ_DEC8B1,5,Validation,1. Conduct confirmatory experiments | 2. Benchmark against existing literature | 3. Document uncertainty and error bounds
RDM_BD3060,PRJ_DEC8B1,6,Reporting,1. Prepare final report combining both methodologies | 2. Submit to conference or journal | 3. Archive all artifacts
RDM_4CB2F0,PRJ_30BD94,1,Literature Review,1. Perform systematic literature review | 2. Identify experimental and computational components | 3. Define hybrid methodology rationale
RDM_1451B0,PRJ_30BD94,2,Experimental Setup,1. Procure equipment and prepare lab setup | 2. Conduct preliminary experiments | 3. Collect baseline experimental data
RDM_5E0D50,PRJ_30BD94,3,Computational Modeling,1. Develop simulation or ML model | 2. Calibrate model with experimental data | 3. Perform virtual parameter sweeps
RDM_A1F128,PRJ_30BD94,4,Integrated Analysis,1. Cross-validate experimental and computational results | 2. Identify discrepancies and perform root-cause analysis | 3. Optimize design based on integrated findings
RDM_7DE251,PRJ_30BD94,5,Validation,1. Conduct confirmatory experiments | 2. Benchmark against existing literature | 3. Document uncertainty and error bounds
RDM_27CD95,PRJ_30BD94,6,Reporting,1. Prepare final report combining both methodologies | 2. Submit to conference or journal | 3. Archive all artifacts
RDM_F70FC5,PRJ_12F1DA,1,Problem Scoping & Literature Review,"1. Define problem formally with inputs, outputs, and objectives | 2. Review state-of-the-art models and benchmarks | 3. Identify datasets and evaluation metrics | 4. Prepare related work summary"
RDM_4E2ECC,PRJ_12F1DA,2,Dataset Preparation,"1. Identify and download relevant public datasets | 2. Perform exploratory data analysis (EDA) | 3. Handle missing values, outliers, and class imbalance | 4. Split data into train/validation/test sets"
RDM_8C4905,PRJ_12F1DA,3,Model Architecture Design,1. Propose candidate model architectures | 2. Implement baseline model | 3. Define loss functions and evaluation metrics | 4. Set up experiment tracking (MLflow/W&B)
RDM_0685F6,PRJ_12F1DA,4,Training & Optimization,1. Train baseline model and log results | 2. Perform hyperparameter tuning (grid/random/Bayesian search) | 3. Apply regularization and augmentation strategies | 4. Analyze learning curves and convergence
RDM_5BF851,PRJ_12F1DA,5,Evaluation & Ablation,1. Evaluate on held-out test set | 2. Conduct ablation studies for each component | 3. Compare with state-of-the-art benchmarks | 4. Perform error analysis on failure cases
RDM_1FFAE4,PRJ_12F1DA,6,Deployment & Reporting,1. Package model as REST API (FastAPI/Flask) | 2. Containerize with Docker | 3. Write final report and create demo | 4. Publish code and model weights on GitHub
RDM_F559C6,PRJ_7B7890,1,Problem Scoping & Literature Review,"1. Define problem formally with inputs, outputs, and objectives | 2. Review state-of-the-art models and benchmarks | 3. Identify datasets and evaluation metrics | 4. Prepare related work summary"
RDM_1167AF,PRJ_7B7890,2,Dataset Preparation,"1. Identify and download relevant public datasets | 2. Perform exploratory data analysis (EDA) | 3. Handle missing values, outliers, and class imbalance | 4. Split data into train/validation/test sets"
RDM_E303CE,PRJ_7B7890,3,Model Architecture Design,1. Propose candidate model architectures | 2. Implement baseline model | 3. Define loss functions and evaluation metrics | 4. Set up experiment tracking (MLflow/W&B)
RDM_1413BB,PRJ_7B7890,4,Training & Optimization,1. Train baseline model and log results | 2. Perform hyperparameter tuning (grid/random/Bayesian search) | 3. Apply regularization and augmentation strategies | 4. Analyze learning curves and convergence
RDM_E37650,PRJ_7B7890,5,Evaluation & Ablation,1. Evaluate on held-out test set | 2. Conduct ablation studies for each component | 3. Compare with state-of-the-art benchmarks | 4. Perform error analysis on failure cases
RDM_7ED2D1,PRJ_7B7890,6,Deployment & Reporting,1. Package model as REST API (FastAPI/Flask) | 2. Containerize with Docker | 3. Write final report and create demo | 4. Publish code and model weights on GitHub
RDM_18BD2C,PRJ_E9122A,1,Literature Review & Problem Formulation,1. Conduct systematic literature review on topic | 2. Identify research gaps and define problem statement | 3. Prepare literature review document (min 30 papers) | 4. Define hypothesis and success criteria
RDM_D9329F,PRJ_E9122A,2,Design & Procurement,1. Finalize system architecture and block diagram | 2. Prepare Bill of Materials (BoM) | 3. Procure equipment and consumables | 4. Set up experimental workspace and safety protocols
RDM_A212B4,PRJ_E9122A,3,Prototype Development,1. Assemble hardware components | 2. Develop initial firmware/software | 3. Perform bench-level unit tests | 4. Document assembly and calibration procedure
RDM_9103B2,PRJ_E9122A,4,Data Collection,1. Design data collection protocol | 2. Run controlled experiments with replication | 3. Log raw data with timestamps | 4. Perform initial quality check on collected data
RDM_346F8E,PRJ_E9122A,5,Analysis & Modeling,1. Clean and preprocess collected data | 2. Apply statistical/ML models | 3. Visualize results and generate insights | 4. Conduct sensitivity analysis
RDM_1ADD3F,PRJ_E9122A,6,Validation & Testing,"1. Compare results against baseline or benchmarks | 2. Conduct blind validation experiments | 3. Document accuracy, precision, recall metrics | 4. Identify failure modes and limitations"
RDM_71E663,PRJ_E9122A,7,Reporting & Dissemination,"1. Write final project report | 2. Prepare journal/conference manuscript | 3. Create poster or demo presentation | 4. Archive code, data, and documentation on GitHub/Zenodo"
RDM_CF4333,PRJ_F22C5B,1,Problem Scoping & Literature Review,"1. Define problem formally with inputs, outputs, and objectives | 2. Review state-of-the-art models and benchmarks | 3. Identify datasets and evaluation metrics | 4. Prepare related work summary"
RDM_2541D4,PRJ_F22C5B,2,Dataset Preparation,"1. Identify and download relevant public datasets | 2. Perform exploratory data analysis (EDA) | 3. Handle missing values, outliers, and class imbalance | 4. Split data into train/validation/test sets"
RDM_3354E8,PRJ_F22C5B,3,Model Architecture Design,1. Propose candidate model architectures | 2. Implement baseline model | 3. Define loss functions and evaluation metrics | 4. Set up experiment tracking (MLflow/W&B)
RDM_B08A3E,PRJ_F22C5B,4,Training & Optimization,1. Train baseline model and log results | 2. Perform hyperparameter tuning (grid/random/Bayesian search) | 3. Apply regularization and augmentation strategies | 4. Analyze learning curves and convergence
RDM_4527D5,PRJ_F22C5B,5,Evaluation & Ablation,1. Evaluate on held-out test set | 2. Conduct ablation studies for each component | 3. Compare with state-of-the-art benchmarks | 4. Perform error analysis on failure cases
RDM_B9F5AC,PRJ_F22C5B,6,Deployment & Reporting,1. Package model as REST API (FastAPI/Flask) | 2. Containerize with Docker | 3. Write final report and create demo | 4. Publish code and model weights on GitHub
RDM_4B2296,PRJ_EA89D9,1,Literature Review & Problem Formulation,1. Conduct systematic literature review on topic | 2. Identify research gaps and define problem statement | 3. Prepare literature review document (min 30 papers) | 4. Define hypothesis and success criteria
RDM_ED9170,PRJ_EA89D9,2,Design & Procurement,1. Finalize system architecture and block diagram | 2. Prepare Bill of Materials (BoM) | 3. Procure equipment and consumables | 4. Set up experimental workspace and safety protocols
RDM_7BB27E,PRJ_EA89D9,3,Prototype Development,1. Assemble hardware components | 2. Develop initial firmware/software | 3. Perform bench-level unit tests | 4. Document assembly and calibration procedure
RDM_636EA5,PRJ_EA89D9,4,Data Collection,1. Design data collection protocol | 2. Run controlled experiments with replication | 3. Log raw data with timestamps | 4. Perform initial quality check on collected data
RDM_27FF8F,PRJ_EA89D9,5,Analysis & Modeling,1. Clean and preprocess collected data | 2. Apply statistical/ML models | 3. Visualize results and generate insights | 4. Conduct sensitivity analysis
RDM_8B88EA,PRJ_EA89D9,6,Validation & Testing,"1. Compare results against baseline or benchmarks | 2. Conduct blind validation experiments | 3. Document accuracy, precision, recall metrics | 4. Identify failure modes and limitations"
RDM_775CA9,PRJ_EA89D9,7,Reporting & Dissemination,"1. Write final project report | 2. Prepare journal/conference manuscript | 3. Create poster or demo presentation | 4. Archive code, data, and documentation on GitHub/Zenodo"
RDM_C3DC3B,PRJ_B7F2CE,1,Literature Review,1. Perform systematic literature review | 2. Identify experimental and computational components | 3. Define hybrid methodology rationale
RDM_B8F66B,PRJ_B7F2CE,2,Experimental Setup,1. Procure equipment and prepare lab setup | 2. Conduct preliminary experiments | 3. Collect baseline experimental data
RDM_C85916,PRJ_B7F2CE,3,Computational Modeling,1. Develop simulation or ML model | 2. Calibrate model with experimental data | 3. Perform virtual parameter sweeps
RDM_78A91F,PRJ_B7F2CE,4,Integrated Analysis,1. Cross-validate experimental and computational results | 2. Identify discrepancies and perform root-cause analysis | 3. Optimize design based on integrated findings
RDM_EF6717,PRJ_B7F2CE,5,Validation,1. Conduct confirmatory experiments | 2. Benchmark against existing literature | 3. Document uncertainty and error bounds
RDM_85A6B9,PRJ_B7F2CE,6,Reporting,1. Prepare final report combining both methodologies | 2. Submit to conference or journal | 3. Archive all artifacts
RDM_946BD4,PRJ_33E253,1,Literature Review,1. Perform systematic literature review | 2. Identify experimental and computational components | 3. Define hybrid methodology rationale
RDM_94B50E,PRJ_33E253,2,Experimental Setup,1. Procure equipment and prepare lab setup | 2. Conduct preliminary experiments | 3. Collect baseline experimental data
RDM_9900D6,PRJ_33E253,3,Computational Modeling,1. Develop simulation or ML model | 2. Calibrate model with experimental data | 3. Perform virtual parameter sweeps
RDM_77E9DB,PRJ_33E253,4,Integrated Analysis,1. Cross-validate experimental and computational results | 2. Identify discrepancies and perform root-cause analysis | 3. Optimize design based on integrated findings
RDM_B6914C,PRJ_33E253,5,Validation,1. Conduct confirmatory experiments | 2. Benchmark against existing literature | 3. Document uncertainty and error bounds
RDM_18BB9D,PRJ_33E253,6,Reporting,1. Prepare final report combining both methodologies | 2. Submit to conference or journal | 3. Archive all artifacts
RDM_215CD8,PRJ_115750,1,Literature Review,1. Perform systematic literature review | 2. Identify experimental and computational components | 3. Define hybrid methodology rationale
RDM_46AD69,PRJ_115750,2,Experimental Setup,1. Procure equipment and prepare lab setup | 2. Conduct preliminary experiments | 3. Collect baseline experimental data
RDM_DCF541,PRJ_115750,3,Computational Modeling,1. Develop simulation or ML model | 2. Calibrate model with experimental data | 3. Perform virtual parameter sweeps
RDM_AA2DA9,PRJ_115750,4,Integrated Analysis,1. Cross-validate experimental and computational results | 2. Identify discrepancies and perform root-cause analysis | 3. Optimize design based on integrated findings
RDM_6DBFDB,PRJ_115750,5,Validation,1. Conduct confirmatory experiments | 2. Benchmark against existing literature | 3. Document uncertainty and error bounds
RDM_5EC024,PRJ_115750,6,Reporting,1. Prepare final report combining both methodologies | 2. Submit to conference or journal | 3. Archive all artifacts
RDM_B0335C,PRJ_13FCFC,1,Problem Scoping & Literature Review,"1. Define problem formally with inputs, outputs, and objectives | 2. Review state-of-the-art models and benchmarks | 3. Identify datasets and evaluation metrics | 4. Prepare related work summary"
RDM_923FA7,PRJ_13FCFC,2,Dataset Preparation,"1. Identify and download relevant public datasets | 2. Perform exploratory data analysis (EDA) | 3. Handle missing values, outliers, and class imbalance | 4. Split data into train/validation/test sets"
RDM_E579BD,PRJ_13FCFC,3,Model Architecture Design,1. Propose candidate model architectures | 2. Implement baseline model | 3. Define loss functions and evaluation metrics | 4. Set up experiment tracking (MLflow/W&B)
RDM_10C514,PRJ_13FCFC,4,Training & Optimization,1. Train baseline model and log results | 2. Perform hyperparameter tuning (grid/random/Bayesian search) | 3. Apply regularization and augmentation strategies | 4. Analyze learning curves and convergence
RDM_FCB486,PRJ_13FCFC,5,Evaluation & Ablation,1. Evaluate on held-out test set | 2. Conduct ablation studies for each component | 3. Compare with state-of-the-art benchmarks | 4. Perform error analysis on failure cases
RDM_E4D9CC,PRJ_13FCFC,6,Deployment & Reporting,1. Package model as REST API (FastAPI/Flask) | 2. Containerize with Docker | 3. Write final report and create demo | 4. Publish code and model weights on GitHub
RDM_93589E,PRJ_472097,1,Literature Review & Problem Formulation,1. Conduct systematic literature review on topic | 2. Identify research gaps and define problem statement | 3. Prepare literature review document (min 30 papers) | 4. Define hypothesis and success criteria
RDM_BBCEA1,PRJ_472097,2,Design & Procurement,1. Finalize system architecture and block diagram | 2. Prepare Bill of Materials (BoM) | 3. Procure equipment and consumables | 4. Set up experimental workspace and safety protocols
RDM_FDFC6A,PRJ_472097,3,Prototype Development,1. Assemble hardware components | 2. Develop initial firmware/software | 3. Perform bench-level unit tests | 4. Document assembly and calibration procedure
RDM_2E8276,PRJ_472097,4,Data Collection,1. Design data collection protocol | 2. Run controlled experiments with replication | 3. Log raw data with timestamps | 4. Perform initial quality check on collected data
RDM_EEC153,PRJ_472097,5,Analysis & Modeling,1. Clean and preprocess collected data | 2. Apply statistical/ML models | 3. Visualize results and generate insights | 4. Conduct sensitivity analysis
RDM_9FA23E,PRJ_472097,6,Validation & Testing,"1. Compare results against baseline or benchmarks | 2. Conduct blind validation experiments | 3. Document accuracy, precision, recall metrics | 4. Identify failure modes and limitations"
RDM_431A2B,PRJ_472097,7,Reporting & Dissemination,"1. Write final project report | 2. Prepare journal/conference manuscript | 3. Create poster or demo presentation | 4. Archive code, data, and documentation on GitHub/Zenodo"
RDM_E0BDD7,PRJ_CE1AC5,1,Problem Scoping & Literature Review,"1. Define problem formally with inputs, outputs, and objectives | 2. Review state-of-the-art models and benchmarks | 3. Identify datasets and evaluation metrics | 4. Prepare related work summary"
RDM_DB2DAB,PRJ_CE1AC5,2,Dataset Preparation,"1. Identify and download relevant public datasets | 2. Perform exploratory data analysis (EDA) | 3. Handle missing values, outliers, and class imbalance | 4. Split data into train/validation/test sets"
RDM_949F34,PRJ_CE1AC5,3,Model Architecture Design,1. Propose candidate model architectures | 2. Implement baseline model | 3. Define loss functions and evaluation metrics | 4. Set up experiment tracking (MLflow/W&B)
RDM_6DD45D,PRJ_CE1AC5,4,Training & Optimization,1. Train baseline model and log results | 2. Perform hyperparameter tuning (grid/random/Bayesian search) | 3. Apply regularization and augmentation strategies | 4. Analyze learning curves and convergence
RDM_38770B,PRJ_CE1AC5,5,Evaluation & Ablation,1. Evaluate on held-out test set | 2. Conduct ablation studies for each component | 3. Compare with state-of-the-art benchmarks | 4. Perform error analysis on failure cases
RDM_CFB8AD,PRJ_CE1AC5,6,Deployment & Reporting,1. Package model as REST API (FastAPI/Flask) | 2. Containerize with Docker | 3. Write final report and create demo | 4. Publish code and model weights on GitHub
RDM_9B591A,PRJ_AC2EB6,1,Literature Review & Problem Formulation,1. Conduct systematic literature review on topic | 2. Identify research gaps and define problem statement | 3. Prepare literature review document (min 30 papers) | 4. Define hypothesis and success criteria
RDM_511976,PRJ_AC2EB6,2,Design & Procurement,1. Finalize system architecture and block diagram | 2. Prepare Bill of Materials (BoM) | 3. Procure equipment and consumables | 4. Set up experimental workspace and safety protocols
RDM_6E600E,PRJ_AC2EB6,3,Prototype Development,1. Assemble hardware components | 2. Develop initial firmware/software | 3. Perform bench-level unit tests | 4. Document assembly and calibration procedure
RDM_F41367,PRJ_AC2EB6,4,Data Collection,1. Design data collection protocol | 2. Run controlled experiments with replication | 3. Log raw data with timestamps | 4. Perform initial quality check on collected data
RDM_793E93,PRJ_AC2EB6,5,Analysis & Modeling,1. Clean and preprocess collected data | 2. Apply statistical/ML models | 3. Visualize results and generate insights | 4. Conduct sensitivity analysis
RDM_1D1946,PRJ_AC2EB6,6,Validation & Testing,"1. Compare results against baseline or benchmarks | 2. Conduct blind validation experiments | 3. Document accuracy, precision, recall metrics | 4. Identify failure modes and limitations"
RDM_EFFD31,PRJ_AC2EB6,7,Reporting & Dissemination,"1. Write final project report | 2. Prepare journal/conference manuscript | 3. Create poster or demo presentation | 4. Archive code, data, and documentation on GitHub/Zenodo"
RDM_0FF167,PRJ_350FE9,1,Literature Review,1. Perform systematic literature review | 2. Identify experimental and computational components | 3. Define hybrid methodology rationale
RDM_58145E,PRJ_350FE9,2,Experimental Setup,1. Procure equipment and prepare lab setup | 2. Conduct preliminary experiments | 3. Collect baseline experimental data
RDM_A561C6,PRJ_350FE9,3,Computational Modeling,1. Develop simulation or ML model | 2. Calibrate model with experimental data | 3. Perform virtual parameter sweeps
RDM_856AD9,PRJ_350FE9,4,Integrated Analysis,1. Cross-validate experimental and computational results | 2. Identify discrepancies and perform root-cause analysis | 3. Optimize design based on integrated findings
RDM_485EA1,PRJ_350FE9,5,Validation,1. Conduct confirmatory experiments | 2. Benchmark against existing literature | 3. Document uncertainty and error bounds
RDM_0F5F4C,PRJ_350FE9,6,Reporting,1. Prepare final report combining both methodologies | 2. Submit to conference or journal | 3. Archive all artifacts
RDM_476B05,PRJ_1BAB02,1,Problem Scoping & Literature Review,"1. Define problem formally with inputs, outputs, and objectives | 2. Review state-of-the-art models and benchmarks | 3. Identify datasets and evaluation metrics | 4. Prepare related work summary"
RDM_57E672,PRJ_1BAB02,2,Dataset Preparation,"1. Identify and download relevant public datasets | 2. Perform exploratory data analysis (EDA) | 3. Handle missing values, outliers, and class imbalance | 4. Split data into train/validation/test sets"
RDM_C2BF9A,PRJ_1BAB02,3,Model Architecture Design,1. Propose candidate model architectures | 2. Implement baseline model | 3. Define loss functions and evaluation metrics | 4. Set up experiment tracking (MLflow/W&B)
RDM_77520C,PRJ_1BAB02,4,Training & Optimization,1. Train baseline model and log results | 2. Perform hyperparameter tuning (grid/random/Bayesian search) | 3. Apply regularization and augmentation strategies | 4. Analyze learning curves and convergence
RDM_C1DB32,PRJ_1BAB02,5,Evaluation & Ablation,1. Evaluate on held-out test set | 2. Conduct ablation studies for each component | 3. Compare with state-of-the-art benchmarks | 4. Perform error analysis on failure cases
RDM_F59ECC,PRJ_1BAB02,6,Deployment & Reporting,1. Package model as REST API (FastAPI/Flask) | 2. Containerize with Docker | 3. Write final report and create demo | 4. Publish code and model weights on GitHub
RDM_0EA929,PRJ_6D0084,1,Literature Review,1. Perform systematic literature review | 2. Identify experimental and computational components | 3. Define hybrid methodology rationale
RDM_9FA192,PRJ_6D0084,2,Experimental Setup,1. Procure equipment and prepare lab setup | 2. Conduct preliminary experiments | 3. Collect baseline experimental data
RDM_B52E4C,PRJ_6D0084,3,Computational Modeling,1. Develop simulation or ML model | 2. Calibrate model with experimental data | 3. Perform virtual parameter sweeps
RDM_4D3C98,PRJ_6D0084,4,Integrated Analysis,1. Cross-validate experimental and computational results | 2. Identify discrepancies and perform root-cause analysis | 3. Optimize design based on integrated findings
RDM_0391E2,PRJ_6D0084,5,Validation,1. Conduct confirmatory experiments | 2. Benchmark against existing literature | 3. Document uncertainty and error bounds
RDM_F4BFF4,PRJ_6D0084,6,Reporting,1. Prepare final report combining both methodologies | 2. Submit to conference or journal | 3. Archive all artifacts
RDM_C2F48B,PRJ_D261A9,1,Problem Scoping & Literature Review,"1. Define problem formally with inputs, outputs, and objectives | 2. Review state-of-the-art models and benchmarks | 3. Identify datasets and evaluation metrics | 4. Prepare related work summary"
RDM_C41A0D,PRJ_D261A9,2,Dataset Preparation,"1. Identify and download relevant public datasets | 2. Perform exploratory data analysis (EDA) | 3. Handle missing values, outliers, and class imbalance | 4. Split data into train/validation/test sets"
RDM_4FB398,PRJ_D261A9,3,Model Architecture Design,1. Propose candidate model architectures | 2. Implement baseline model | 3. Define loss functions and evaluation metrics | 4. Set up experiment tracking (MLflow/W&B)
RDM_F89343,PRJ_D261A9,4,Training & Optimization,1. Train baseline model and log results | 2. Perform hyperparameter tuning (grid/random/Bayesian search) | 3. Apply regularization and augmentation strategies | 4. Analyze learning curves and convergence
RDM_D26A68,PRJ_D261A9,5,Evaluation & Ablation,1. Evaluate on held-out test set | 2. Conduct ablation studies for each component | 3. Compare with state-of-the-art benchmarks | 4. Perform error analysis on failure cases
RDM_E014A5,PRJ_D261A9,6,Deployment & Reporting,1. Package model as REST API (FastAPI/Flask) | 2. Containerize with Docker | 3. Write final report and create demo | 4. Publish code and model weights on GitHub
RDM_F53D1D,PRJ_C71C71,1,Literature Review,1. Perform systematic literature review | 2. Identify experimental and computational components | 3. Define hybrid methodology rationale
RDM_1D2D51,PRJ_C71C71,2,Experimental Setup,1. Procure equipment and prepare lab setup | 2. Conduct preliminary experiments | 3. Collect baseline experimental data
RDM_B34E29,PRJ_C71C71,3,Computational Modeling,1. Develop simulation or ML model | 2. Calibrate model with experimental data | 3. Perform virtual parameter sweeps
RDM_C02B3D,PRJ_C71C71,4,Integrated Analysis,1. Cross-validate experimental and computational results | 2. Identify discrepancies and perform root-cause analysis | 3. Optimize design based on integrated findings
RDM_9915DC,PRJ_C71C71,5,Validation,1. Conduct confirmatory experiments | 2. Benchmark against existing literature | 3. Document uncertainty and error bounds
RDM_A7BF18,PRJ_C71C71,6,Reporting,1. Prepare final report combining both methodologies | 2. Submit to conference or journal | 3. Archive all artifacts
RDM_BA35D1,PRJ_1820A3,1,Literature Review,1. Perform systematic literature review | 2. Identify experimental and computational components | 3. Define hybrid methodology rationale
RDM_4460D1,PRJ_1820A3,2,Experimental Setup,1. Procure equipment and prepare lab setup | 2. Conduct preliminary experiments | 3. Collect baseline experimental data
RDM_FDB690,PRJ_1820A3,3,Computational Modeling,1. Develop simulation or ML model | 2. Calibrate model with experimental data | 3. Perform virtual parameter sweeps
RDM_42C7C2,PRJ_1820A3,4,Integrated Analysis,1. Cross-validate experimental and computational results | 2. Identify discrepancies and perform root-cause analysis | 3. Optimize design based on integrated findings
RDM_71C4FB,PRJ_1820A3,5,Validation,1. Conduct confirmatory experiments | 2. Benchmark against existing literature | 3. Document uncertainty and error bounds
RDM_BE4D93,PRJ_1820A3,6,Reporting,1. Prepare final report combining both methodologies | 2. Submit to conference or journal | 3. Archive all artifacts
RDM_0262DE,PRJ_44C61F,1,Literature Review & Problem Formulation,1. Conduct systematic literature review on topic | 2. Identify research gaps and define problem statement | 3. Prepare literature review document (min 30 papers) | 4. Define hypothesis and success criteria
RDM_E5D76C,PRJ_44C61F,2,Design & Procurement,1. Finalize system architecture and block diagram | 2. Prepare Bill of Materials (BoM) | 3. Procure equipment and consumables | 4. Set up experimental workspace and safety protocols
RDM_7FB844,PRJ_44C61F,3,Prototype Development,1. Assemble hardware components | 2. Develop initial firmware/software | 3. Perform bench-level unit tests | 4. Document assembly and calibration procedure
RDM_8D9D15,PRJ_44C61F,4,Data Collection,1. Design data collection protocol | 2. Run controlled experiments with replication | 3. Log raw data with timestamps | 4. Perform initial quality check on collected data
RDM_06B4BD,PRJ_44C61F,5,Analysis & Modeling,1. Clean and preprocess collected data | 2. Apply statistical/ML models | 3. Visualize results and generate insights | 4. Conduct sensitivity analysis
RDM_C6496A,PRJ_44C61F,6,Validation & Testing,"1. Compare results against baseline or benchmarks | 2. Conduct blind validation experiments | 3. Document accuracy, precision, recall metrics | 4. Identify failure modes and limitations"
RDM_2D7DC6,PRJ_44C61F,7,Reporting & Dissemination,"1. Write final project report | 2. Prepare journal/conference manuscript | 3. Create poster or demo presentation | 4. Archive code, data, and documentation on GitHub/Zenodo"
RDM_87B969,PRJ_2D793A,1,Literature Review,1. Perform systematic literature review | 2. Identify experimental and computational components | 3. Define hybrid methodology rationale
RDM_7689A8,PRJ_2D793A,2,Experimental Setup,1. Procure equipment and prepare lab setup | 2. Conduct preliminary experiments | 3. Collect baseline experimental data
RDM_71BA02,PRJ_2D793A,3,Computational Modeling,1. Develop simulation or ML model | 2. Calibrate model with experimental data | 3. Perform virtual parameter sweeps
RDM_FA3D1E,PRJ_2D793A,4,Integrated Analysis,1. Cross-validate experimental and computational results | 2. Identify discrepancies and perform root-cause analysis | 3. Optimize design based on integrated findings
RDM_AB5130,PRJ_2D793A,5,Validation,1. Conduct confirmatory experiments | 2. Benchmark against existing literature | 3. Document uncertainty and error bounds
RDM_07C878,PRJ_2D793A,6,Reporting,1. Prepare final report combining both methodologies | 2. Submit to conference or journal | 3. Archive all artifacts
RDM_B8DB85,PRJ_B5277A,1,Literature Review,1. Perform systematic literature review | 2. Identify experimental and computational components | 3. Define hybrid methodology rationale
RDM_A8CFF1,PRJ_B5277A,2,Experimental Setup,1. Procure equipment and prepare lab setup | 2. Conduct preliminary experiments | 3. Collect baseline experimental data
RDM_17AD88,PRJ_B5277A,3,Computational Modeling,1. Develop simulation or ML model | 2. Calibrate model with experimental data | 3. Perform virtual parameter sweeps
RDM_5DC571,PRJ_B5277A,4,Integrated Analysis,1. Cross-validate experimental and computational results | 2. Identify discrepancies and perform root-cause analysis | 3. Optimize design based on integrated findings
RDM_E92A8B,PRJ_B5277A,5,Validation,1. Conduct confirmatory experiments | 2. Benchmark against existing literature | 3. Document uncertainty and error bounds
RDM_78274F,PRJ_B5277A,6,Reporting,1. Prepare final report combining both methodologies | 2. Submit to conference or journal | 3. Archive all artifacts
RDM_36218F,PRJ_9570E5,1,Literature Review,1. Perform systematic literature review | 2. Identify experimental and computational components | 3. Define hybrid methodology rationale
RDM_1871AB,PRJ_9570E5,2,Experimental Setup,1. Procure equipment and prepare lab setup | 2. Conduct preliminary experiments | 3. Collect baseline experimental data
RDM_8465BF,PRJ_9570E5,3,Computational Modeling,1. Develop simulation or ML model | 2. Calibrate model with experimental data | 3. Perform virtual parameter sweeps
RDM_7FDC5C,PRJ_9570E5,4,Integrated Analysis,1. Cross-validate experimental and computational results | 2. Identify discrepancies and perform root-cause analysis | 3. Optimize design based on integrated findings
RDM_84E4D9,PRJ_9570E5,5,Validation,1. Conduct confirmatory experiments | 2. Benchmark against existing literature | 3. Document uncertainty and error bounds
RDM_86D985,PRJ_9570E5,6,Reporting,1. Prepare final report combining both methodologies | 2. Submit to conference or journal | 3. Archive all artifacts
RDM_98EFF6,PRJ_BBB911,1,Literature Review & Problem Formulation,1. Conduct systematic literature review on topic | 2. Identify research gaps and define problem statement | 3. Prepare literature review document (min 30 papers) | 4. Define hypothesis and success criteria
RDM_E16DBE,PRJ_BBB911,2,Design & Procurement,1. Finalize system architecture and block diagram | 2. Prepare Bill of Materials (BoM) | 3. Procure equipment and consumables | 4. Set up experimental workspace and safety protocols
RDM_E0CEB4,PRJ_BBB911,3,Prototype Development,1. Assemble hardware components | 2. Develop initial firmware/software | 3. Perform bench-level unit tests | 4. Document assembly and calibration procedure
RDM_42945B,PRJ_BBB911,4,Data Collection,1. Design data collection protocol | 2. Run controlled experiments with replication | 3. Log raw data with timestamps | 4. Perform initial quality check on collected data
RDM_C74123,PRJ_BBB911,5,Analysis & Modeling,1. Clean and preprocess collected data | 2. Apply statistical/ML models | 3. Visualize results and generate insights | 4. Conduct sensitivity analysis
RDM_018A85,PRJ_BBB911,6,Validation & Testing,"1. Compare results against baseline or benchmarks | 2. Conduct blind validation experiments | 3. Document accuracy, precision, recall metrics | 4. Identify failure modes and limitations"
RDM_732081,PRJ_BBB911,7,Reporting & Dissemination,"1. Write final project report | 2. Prepare journal/conference manuscript | 3. Create poster or demo presentation | 4. Archive code, data, and documentation on GitHub/Zenodo"
RDM_14F302,PRJ_338461,1,Literature Review & Problem Formulation,1. Conduct systematic literature review on topic | 2. Identify research gaps and define problem statement | 3. Prepare literature review document (min 30 papers) | 4. Define hypothesis and success criteria
RDM_7DCAA3,PRJ_338461,2,Design & Procurement,1. Finalize system architecture and block diagram | 2. Prepare Bill of Materials (BoM) | 3. Procure equipment and consumables | 4. Set up experimental workspace and safety protocols
RDM_C9E493,PRJ_338461,3,Prototype Development,1. Assemble hardware components | 2. Develop initial firmware/software | 3. Perform bench-level unit tests | 4. Document assembly and calibration procedure
RDM_B42787,PRJ_338461,4,Data Collection,1. Design data collection protocol | 2. Run controlled experiments with replication | 3. Log raw data with timestamps | 4. Perform initial quality check on collected data
RDM_5C8C9A,PRJ_338461,5,Analysis & Modeling,1. Clean and preprocess collected data | 2. Apply statistical/ML models | 3. Visualize results and generate insights | 4. Conduct sensitivity analysis
RDM_6A600D,PRJ_338461,6,Validation & Testing,"1. Compare results against baseline or benchmarks | 2. Conduct blind validation experiments | 3. Document accuracy, precision, recall metrics | 4. Identify failure modes and limitations"
RDM_FA23A3,PRJ_338461,7,Reporting & Dissemination,"1. Write final project report | 2. Prepare journal/conference manuscript | 3. Create poster or demo presentation | 4. Archive code, data, and documentation on GitHub/Zenodo"
RDM_868042,PRJ_626BE8,1,Literature Review & Problem Formulation,1. Conduct systematic literature review on topic | 2. Identify research gaps and define problem statement | 3. Prepare literature review document (min 30 papers) | 4. Define hypothesis and success criteria
RDM_4567D5,PRJ_626BE8,2,Design & Procurement,1. Finalize system architecture and block diagram | 2. Prepare Bill of Materials (BoM) | 3. Procure equipment and consumables | 4. Set up experimental workspace and safety protocols
RDM_0E9E4C,PRJ_626BE8,3,Prototype Development,1. Assemble hardware components | 2. Develop initial firmware/software | 3. Perform bench-level unit tests | 4. Document assembly and calibration procedure
RDM_4E71BD,PRJ_626BE8,4,Data Collection,1. Design data collection protocol | 2. Run controlled experiments with replication | 3. Log raw data with timestamps | 4. Perform initial quality check on collected data
RDM_56063D,PRJ_626BE8,5,Analysis & Modeling,1. Clean and preprocess collected data | 2. Apply statistical/ML models | 3. Visualize results and generate insights | 4. Conduct sensitivity analysis
RDM_F87D10,PRJ_626BE8,6,Validation & Testing,"1. Compare results against baseline or benchmarks | 2. Conduct blind validation experiments | 3. Document accuracy, precision, recall metrics | 4. Identify failure modes and limitations"
RDM_5AA62D,PRJ_626BE8,7,Reporting & Dissemination,"1. Write final project report | 2. Prepare journal/conference manuscript | 3. Create poster or demo presentation | 4. Archive code, data, and documentation on GitHub/Zenodo"
RDM_A8AD62,PRJ_817928,1,Problem Scoping & Literature Review,"1. Define problem formally with inputs, outputs, and objectives | 2. Review state-of-the-art models and benchmarks | 3. Identify datasets and evaluation metrics | 4. Prepare related work summary"
RDM_3584B6,PRJ_817928,2,Dataset Preparation,"1. Identify and download relevant public datasets | 2. Perform exploratory data analysis (EDA) | 3. Handle missing values, outliers, and class imbalance | 4. Split data into train/validation/test sets"
RDM_7719EC,PRJ_817928,3,Model Architecture Design,1. Propose candidate model architectures | 2. Implement baseline model | 3. Define loss functions and evaluation metrics | 4. Set up experiment tracking (MLflow/W&B)
RDM_CE835B,PRJ_817928,4,Training & Optimization,1. Train baseline model and log results | 2. Perform hyperparameter tuning (grid/random/Bayesian search) | 3. Apply regularization and augmentation strategies | 4. Analyze learning curves and convergence
RDM_BE39C6,PRJ_817928,5,Evaluation & Ablation,1. Evaluate on held-out test set | 2. Conduct ablation studies for each component | 3. Compare with state-of-the-art benchmarks | 4. Perform error analysis on failure cases
RDM_C7732E,PRJ_817928,6,Deployment & Reporting,1. Package model as REST API (FastAPI/Flask) | 2. Containerize with Docker | 3. Write final report and create demo | 4. Publish code and model weights on GitHub
RDM_1E6B5C,PRJ_2184F8,1,Problem Scoping & Literature Review,"1. Define problem formally with inputs, outputs, and objectives | 2. Review state-of-the-art models and benchmarks | 3. Identify datasets and evaluation metrics | 4. Prepare related work summary"
RDM_793208,PRJ_2184F8,2,Dataset Preparation,"1. Identify and download relevant public datasets | 2. Perform exploratory data analysis (EDA) | 3. Handle missing values, outliers, and class imbalance | 4. Split data into train/validation/test sets"
RDM_9124E7,PRJ_2184F8,3,Model Architecture Design,1. Propose candidate model architectures | 2. Implement baseline model | 3. Define loss functions and evaluation metrics | 4. Set up experiment tracking (MLflow/W&B)
RDM_31ACFC,PRJ_2184F8,4,Training & Optimization,1. Train baseline model and log results | 2. Perform hyperparameter tuning (grid/random/Bayesian search) | 3. Apply regularization and augmentation strategies | 4. Analyze learning curves and convergence
RDM_CFCB89,PRJ_2184F8,5,Evaluation & Ablation,1. Evaluate on held-out test set | 2. Conduct ablation studies for each component | 3. Compare with state-of-the-art benchmarks | 4. Perform error analysis on failure cases
RDM_246B9B,PRJ_2184F8,6,Deployment & Reporting,1. Package model as REST API (FastAPI/Flask) | 2. Containerize with Docker | 3. Write final report and create demo | 4. Publish code and model weights on GitHub
RDM_D6530D,PRJ_C4DE8A,1,Problem Scoping & Literature Review,"1. Define problem formally with inputs, outputs, and objectives | 2. Review state-of-the-art models and benchmarks | 3. Identify datasets and evaluation metrics | 4. Prepare related work summary"
RDM_FE6978,PRJ_C4DE8A,2,Dataset Preparation,"1. Identify and download relevant public datasets | 2. Perform exploratory data analysis (EDA) | 3. Handle missing values, outliers, and class imbalance | 4. Split data into train/validation/test sets"
RDM_501BB2,PRJ_C4DE8A,3,Model Architecture Design,1. Propose candidate model architectures | 2. Implement baseline model | 3. Define loss functions and evaluation metrics | 4. Set up experiment tracking (MLflow/W&B)
RDM_74A684,PRJ_C4DE8A,4,Training & Optimization,1. Train baseline model and log results | 2. Perform hyperparameter tuning (grid/random/Bayesian search) | 3. Apply regularization and augmentation strategies | 4. Analyze learning curves and convergence
RDM_7E3268,PRJ_C4DE8A,5,Evaluation & Ablation,1. Evaluate on held-out test set | 2. Conduct ablation studies for each component | 3. Compare with state-of-the-art benchmarks | 4. Perform error analysis on failure cases
RDM_C2BCB2,PRJ_C4DE8A,6,Deployment & Reporting,1. Package model as REST API (FastAPI/Flask) | 2. Containerize with Docker | 3. Write final report and create demo | 4. Publish code and model weights on GitHub
RDM_0A9FE5,PRJ_DA12E4,1,Literature Review,1. Perform systematic literature review | 2. Identify experimental and computational components | 3. Define hybrid methodology rationale
RDM_6F878D,PRJ_DA12E4,2,Experimental Setup,1. Procure equipment and prepare lab setup | 2. Conduct preliminary experiments | 3. Collect baseline experimental data
RDM_96C4DF,PRJ_DA12E4,3,Computational Modeling,1. Develop simulation or ML model | 2. Calibrate model with experimental data | 3. Perform virtual parameter sweeps
RDM_7E86A6,PRJ_DA12E4,4,Integrated Analysis,1. Cross-validate experimental and computational results | 2. Identify discrepancies and perform root-cause analysis | 3. Optimize design based on integrated findings
RDM_A7D4FF,PRJ_DA12E4,5,Validation,1. Conduct confirmatory experiments | 2. Benchmark against existing literature | 3. Document uncertainty and error bounds
RDM_4F222D,PRJ_DA12E4,6,Reporting,1. Prepare final report combining both methodologies | 2. Submit to conference or journal | 3. Archive all artifacts
RDM_C4F612,PRJ_7FD267,1,Problem Scoping & Literature Review,"1. Define problem formally with inputs, outputs, and objectives | 2. Review state-of-the-art models and benchmarks | 3. Identify datasets and evaluation metrics | 4. Prepare related work summary"
RDM_744661,PRJ_7FD267,2,Dataset Preparation,"1. Identify and download relevant public datasets | 2. Perform exploratory data analysis (EDA) | 3. Handle missing values, outliers, and class imbalance | 4. Split data into train/validation/test sets"
RDM_C67058,PRJ_7FD267,3,Model Architecture Design,1. Propose candidate model architectures | 2. Implement baseline model | 3. Define loss functions and evaluation metrics | 4. Set up experiment tracking (MLflow/W&B)
RDM_7FE77E,PRJ_7FD267,4,Training & Optimization,1. Train baseline model and log results | 2. Perform hyperparameter tuning (grid/random/Bayesian search) | 3. Apply regularization and augmentation strategies | 4. Analyze learning curves and convergence
RDM_2DFBEE,PRJ_7FD267,5,Evaluation & Ablation,1. Evaluate on held-out test set | 2. Conduct ablation studies for each component | 3. Compare with state-of-the-art benchmarks | 4. Perform error analysis on failure cases
RDM_6084AA,PRJ_7FD267,6,Deployment & Reporting,1. Package model as REST API (FastAPI/Flask) | 2. Containerize with Docker | 3. Write final report and create demo | 4. Publish code and model weights on GitHub
RDM_DFA7F0,PRJ_9AF34A,1,Problem Scoping & Literature Review,"1. Define problem formally with inputs, outputs, and objectives | 2. Review state-of-the-art models and benchmarks | 3. Identify datasets and evaluation metrics | 4. Prepare related work summary"
RDM_017E10,PRJ_9AF34A,2,Dataset Preparation,"1. Identify and download relevant public datasets | 2. Perform exploratory data analysis (EDA) | 3. Handle missing values, outliers, and class imbalance | 4. Split data into train/validation/test sets"
RDM_1D0B69,PRJ_9AF34A,3,Model Architecture Design,1. Propose candidate model architectures | 2. Implement baseline model | 3. Define loss functions and evaluation metrics | 4. Set up experiment tracking (MLflow/W&B)
RDM_ACA17D,PRJ_9AF34A,4,Training & Optimization,1. Train baseline model and log results | 2. Perform hyperparameter tuning (grid/random/Bayesian search) | 3. Apply regularization and augmentation strategies | 4. Analyze learning curves and convergence
RDM_21F4ED,PRJ_9AF34A,5,Evaluation & Ablation,1. Evaluate on held-out test set | 2. Conduct ablation studies for each component | 3. Compare with state-of-the-art benchmarks | 4. Perform error analysis on failure cases
RDM_336A86,PRJ_9AF34A,6,Deployment & Reporting,1. Package model as REST API (FastAPI/Flask) | 2. Containerize with Docker | 3. Write final report and create demo | 4. Publish code and model weights on GitHub
RDM_C69BF0,PRJ_E2319C,1,Literature Review & Problem Formulation,1. Conduct systematic literature review on topic | 2. Identify research gaps and define problem statement | 3. Prepare literature review document (min 30 papers) | 4. Define hypothesis and success criteria
RDM_22D230,PRJ_E2319C,2,Design & Procurement,1. Finalize system architecture and block diagram | 2. Prepare Bill of Materials (BoM) | 3. Procure equipment and consumables | 4. Set up experimental workspace and safety protocols
RDM_8D5FCE,PRJ_E2319C,3,Prototype Development,1. Assemble hardware components | 2. Develop initial firmware/software | 3. Perform bench-level unit tests | 4. Document assembly and calibration procedure
RDM_D75831,PRJ_E2319C,4,Data Collection,1. Design data collection protocol | 2. Run controlled experiments with replication | 3. Log raw data with timestamps | 4. Perform initial quality check on collected data
RDM_772CAC,PRJ_E2319C,5,Analysis & Modeling,1. Clean and preprocess collected data | 2. Apply statistical/ML models | 3. Visualize results and generate insights | 4. Conduct sensitivity analysis
RDM_40FB16,PRJ_E2319C,6,Validation & Testing,"1. Compare results against baseline or benchmarks | 2. Conduct blind validation experiments | 3. Document accuracy, precision, recall metrics | 4. Identify failure modes and limitations"
RDM_A90346,PRJ_E2319C,7,Reporting & Dissemination,"1. Write final project report | 2. Prepare journal/conference manuscript | 3. Create poster or demo presentation | 4. Archive code, data, and documentation on GitHub/Zenodo"
RDM_F6A192,PRJ_FCC1BB,1,Literature Review & Problem Formulation,1. Conduct systematic literature review on topic | 2. Identify research gaps and define problem statement | 3. Prepare literature review document (min 30 papers) | 4. Define hypothesis and success criteria
RDM_C99554,PRJ_FCC1BB,2,Design & Procurement,1. Finalize system architecture and block diagram | 2. Prepare Bill of Materials (BoM) | 3. Procure equipment and consumables | 4. Set up experimental workspace and safety protocols
RDM_87900E,PRJ_FCC1BB,3,Prototype Development,1. Assemble hardware components | 2. Develop initial firmware/software | 3. Perform bench-level unit tests | 4. Document assembly and calibration procedure
RDM_541CD8,PRJ_FCC1BB,4,Data Collection,1. Design data collection protocol | 2. Run controlled experiments with replication | 3. Log raw data with timestamps | 4. Perform initial quality check on collected data
RDM_525B1F,PRJ_FCC1BB,5,Analysis & Modeling,1. Clean and preprocess collected data | 2. Apply statistical/ML models | 3. Visualize results and generate insights | 4. Conduct sensitivity analysis
RDM_B6DAA0,PRJ_FCC1BB,6,Validation & Testing,"1. Compare results against baseline or benchmarks | 2. Conduct blind validation experiments | 3. Document accuracy, precision, recall metrics | 4. Identify failure modes and limitations"
RDM_C0F017,PRJ_FCC1BB,7,Reporting & Dissemination,"1. Write final project report | 2. Prepare journal/conference manuscript | 3. Create poster or demo presentation | 4. Archive code, data, and documentation on GitHub/Zenodo"
RDM_9B2A30,PRJ_5F568E,1,Problem Scoping & Literature Review,"1. Define problem formally with inputs, outputs, and objectives | 2. Review state-of-the-art models and benchmarks | 3. Identify datasets and evaluation metrics | 4. Prepare related work summary"
RDM_1F361A,PRJ_5F568E,2,Dataset Preparation,"1. Identify and download relevant public datasets | 2. Perform exploratory data analysis (EDA) | 3. Handle missing values, outliers, and class imbalance | 4. Split data into train/validation/test sets"
RDM_E69A00,PRJ_5F568E,3,Model Architecture Design,1. Propose candidate model architectures | 2. Implement baseline model | 3. Define loss functions and evaluation metrics | 4. Set up experiment tracking (MLflow/W&B)
RDM_93601C,PRJ_5F568E,4,Training & Optimization,1. Train baseline model and log results | 2. Perform hyperparameter tuning (grid/random/Bayesian search) | 3. Apply regularization and augmentation strategies | 4. Analyze learning curves and convergence
RDM_1E5E29,PRJ_5F568E,5,Evaluation & Ablation,1. Evaluate on held-out test set | 2. Conduct ablation studies for each component | 3. Compare with state-of-the-art benchmarks | 4. Perform error analysis on failure cases
RDM_83A123,PRJ_5F568E,6,Deployment & Reporting,1. Package model as REST API (FastAPI/Flask) | 2. Containerize with Docker | 3. Write final report and create demo | 4. Publish code and model weights on GitHub
RDM_2B988A,PRJ_C4FC08,1,Problem Scoping & Literature Review,"1. Define problem formally with inputs, outputs, and objectives | 2. Review state-of-the-art models and benchmarks | 3. Identify datasets and evaluation metrics | 4. Prepare related work summary"
RDM_30536A,PRJ_C4FC08,2,Dataset Preparation,"1. Identify and download relevant public datasets | 2. Perform exploratory data analysis (EDA) | 3. Handle missing values, outliers, and class imbalance | 4. Split data into train/validation/test sets"
RDM_7A2294,PRJ_C4FC08,3,Model Architecture Design,1. Propose candidate model architectures | 2. Implement baseline model | 3. Define loss functions and evaluation metrics | 4. Set up experiment tracking (MLflow/W&B)
RDM_D25AB9,PRJ_C4FC08,4,Training & Optimization,1. Train baseline model and log results | 2. Perform hyperparameter tuning (grid/random/Bayesian search) | 3. Apply regularization and augmentation strategies | 4. Analyze learning curves and convergence
RDM_F3ACEE,PRJ_C4FC08,5,Evaluation & Ablation,1. Evaluate on held-out test set | 2. Conduct ablation studies for each component | 3. Compare with state-of-the-art benchmarks | 4. Perform error analysis on failure cases
RDM_D35114,PRJ_C4FC08,6,Deployment & Reporting,1. Package model as REST API (FastAPI/Flask) | 2. Containerize with Docker | 3. Write final report and create demo | 4. Publish code and model weights on GitHub
RDM_B876B6,PRJ_56A1F6,1,Literature Review,1. Perform systematic literature review | 2. Identify experimental and computational components | 3. Define hybrid methodology rationale
RDM_83F7A8,PRJ_56A1F6,2,Experimental Setup,1. Procure equipment and prepare lab setup | 2. Conduct preliminary experiments | 3. Collect baseline experimental data
RDM_F38B74,PRJ_56A1F6,3,Computational Modeling,1. Develop simulation or ML model | 2. Calibrate model with experimental data | 3. Perform virtual parameter sweeps
RDM_C23C9B,PRJ_56A1F6,4,Integrated Analysis,1. Cross-validate experimental and computational results | 2. Identify discrepancies and perform root-cause analysis | 3. Optimize design based on integrated findings
RDM_DA9C9B,PRJ_56A1F6,5,Validation,1. Conduct confirmatory experiments | 2. Benchmark against existing literature | 3. Document uncertainty and error bounds
RDM_09A7DC,PRJ_56A1F6,6,Reporting,1. Prepare final report combining both methodologies | 2. Submit to conference or journal | 3. Archive all artifacts
RDM_FC5AB9,PRJ_FC00DA,1,Literature Review & Problem Formulation,1. Conduct systematic literature review on topic | 2. Identify research gaps and define problem statement | 3. Prepare literature review document (min 30 papers) | 4. Define hypothesis and success criteria
RDM_9432D9,PRJ_FC00DA,2,Design & Procurement,1. Finalize system architecture and block diagram | 2. Prepare Bill of Materials (BoM) | 3. Procure equipment and consumables | 4. Set up experimental workspace and safety protocols
RDM_6A598D,PRJ_FC00DA,3,Prototype Development,1. Assemble hardware components | 2. Develop initial firmware/software | 3. Perform bench-level unit tests | 4. Document assembly and calibration procedure
RDM_AE18D2,PRJ_FC00DA,4,Data Collection,1. Design data collection protocol | 2. Run controlled experiments with replication | 3. Log raw data with timestamps | 4. Perform initial quality check on collected data
RDM_5E7089,PRJ_FC00DA,5,Analysis & Modeling,1. Clean and preprocess collected data | 2. Apply statistical/ML models | 3. Visualize results and generate insights | 4. Conduct sensitivity analysis
RDM_814C65,PRJ_FC00DA,6,Validation & Testing,"1. Compare results against baseline or benchmarks | 2. Conduct blind validation experiments | 3. Document accuracy, precision, recall metrics | 4. Identify failure modes and limitations"
RDM_6E2FC3,PRJ_FC00DA,7,Reporting & Dissemination,"1. Write final project report | 2. Prepare journal/conference manuscript | 3. Create poster or demo presentation | 4. Archive code, data, and documentation on GitHub/Zenodo"
RDM_8418C3,PRJ_B1800F,1,Problem Scoping & Literature Review,"1. Define problem formally with inputs, outputs, and objectives | 2. Review state-of-the-art models and benchmarks | 3. Identify datasets and evaluation metrics | 4. Prepare related work summary"
RDM_0894AA,PRJ_B1800F,2,Dataset Preparation,"1. Identify and download relevant public datasets | 2. Perform exploratory data analysis (EDA) | 3. Handle missing values, outliers, and class imbalance | 4. Split data into train/validation/test sets"
RDM_BC2B28,PRJ_B1800F,3,Model Architecture Design,1. Propose candidate model architectures | 2. Implement baseline model | 3. Define loss functions and evaluation metrics | 4. Set up experiment tracking (MLflow/W&B)
RDM_D997BE,PRJ_B1800F,4,Training & Optimization,1. Train baseline model and log results | 2. Perform hyperparameter tuning (grid/random/Bayesian search) | 3. Apply regularization and augmentation strategies | 4. Analyze learning curves and convergence
RDM_C37EF1,PRJ_B1800F,5,Evaluation & Ablation,1. Evaluate on held-out test set | 2. Conduct ablation studies for each component | 3. Compare with state-of-the-art benchmarks | 4. Perform error analysis on failure cases
RDM_E0B787,PRJ_B1800F,6,Deployment & Reporting,1. Package model as REST API (FastAPI/Flask) | 2. Containerize with Docker | 3. Write final report and create demo | 4. Publish code and model weights on GitHub
RDM_AB8942,PRJ_142A09,1,Literature Review & Problem Formulation,1. Conduct systematic literature review on topic | 2. Identify research gaps and define problem statement | 3. Prepare literature review document (min 30 papers) | 4. Define hypothesis and success criteria
RDM_3A8310,PRJ_142A09,2,Design & Procurement,1. Finalize system architecture and block diagram | 2. Prepare Bill of Materials (BoM) | 3. Procure equipment and consumables | 4. Set up experimental workspace and safety protocols
RDM_C944C6,PRJ_142A09,3,Prototype Development,1. Assemble hardware components | 2. Develop initial firmware/software | 3. Perform bench-level unit tests | 4. Document assembly and calibration procedure
RDM_A80E77,PRJ_142A09,4,Data Collection,1. Design data collection protocol | 2. Run controlled experiments with replication | 3. Log raw data with timestamps | 4. Perform initial quality check on collected data
RDM_0D6D1C,PRJ_142A09,5,Analysis & Modeling,1. Clean and preprocess collected data | 2. Apply statistical/ML models | 3. Visualize results and generate insights | 4. Conduct sensitivity analysis
RDM_BCC167,PRJ_142A09,6,Validation & Testing,"1. Compare results against baseline or benchmarks | 2. Conduct blind validation experiments | 3. Document accuracy, precision, recall metrics | 4. Identify failure modes and limitations"
RDM_44F5C2,PRJ_142A09,7,Reporting & Dissemination,"1. Write final project report | 2. Prepare journal/conference manuscript | 3. Create poster or demo presentation | 4. Archive code, data, and documentation on GitHub/Zenodo"
RDM_1F7EA9,PRJ_4C4786,1,Literature Review & Problem Formulation,1. Conduct systematic literature review on topic | 2. Identify research gaps and define problem statement | 3. Prepare literature review document (min 30 papers) | 4. Define hypothesis and success criteria
RDM_A75481,PRJ_4C4786,2,Design & Procurement,1. Finalize system architecture and block diagram | 2. Prepare Bill of Materials (BoM) | 3. Procure equipment and consumables | 4. Set up experimental workspace and safety protocols
RDM_463C1F,PRJ_4C4786,3,Prototype Development,1. Assemble hardware components | 2. Develop initial firmware/software | 3. Perform bench-level unit tests | 4. Document assembly and calibration procedure
RDM_0E436D,PRJ_4C4786,4,Data Collection,1. Design data collection protocol | 2. Run controlled experiments with replication | 3. Log raw data with timestamps | 4. Perform initial quality check on collected data
RDM_214B44,PRJ_4C4786,5,Analysis & Modeling,1. Clean and preprocess collected data | 2. Apply statistical/ML models | 3. Visualize results and generate insights | 4. Conduct sensitivity analysis
RDM_777B9C,PRJ_4C4786,6,Validation & Testing,"1. Compare results against baseline or benchmarks | 2. Conduct blind validation experiments | 3. Document accuracy, precision, recall metrics | 4. Identify failure modes and limitations"
RDM_E550F9,PRJ_4C4786,7,Reporting & Dissemination,"1. Write final project report | 2. Prepare journal/conference manuscript | 3. Create poster or demo presentation | 4. Archive code, data, and documentation on GitHub/Zenodo"
RDM_514D8D,PRJ_9BDAC1,1,Literature Review & Problem Formulation,1. Conduct systematic literature review on topic | 2. Identify research gaps and define problem statement | 3. Prepare literature review document (min 30 papers) | 4. Define hypothesis and success criteria
RDM_65027E,PRJ_9BDAC1,2,Design & Procurement,1. Finalize system architecture and block diagram | 2. Prepare Bill of Materials (BoM) | 3. Procure equipment and consumables | 4. Set up experimental workspace and safety protocols
RDM_870F4A,PRJ_9BDAC1,3,Prototype Development,1. Assemble hardware components | 2. Develop initial firmware/software | 3. Perform bench-level unit tests | 4. Document assembly and calibration procedure
RDM_48D783,PRJ_9BDAC1,4,Data Collection,1. Design data collection protocol | 2. Run controlled experiments with replication | 3. Log raw data with timestamps | 4. Perform initial quality check on collected data
RDM_A766D2,PRJ_9BDAC1,5,Analysis & Modeling,1. Clean and preprocess collected data | 2. Apply statistical/ML models | 3. Visualize results and generate insights | 4. Conduct sensitivity analysis
RDM_3D6115,PRJ_9BDAC1,6,Validation & Testing,"1. Compare results against baseline or benchmarks | 2. Conduct blind validation experiments | 3. Document accuracy, precision, recall metrics | 4. Identify failure modes and limitations"
RDM_23B4A1,PRJ_9BDAC1,7,Reporting & Dissemination,"1. Write final project report | 2. Prepare journal/conference manuscript | 3. Create poster or demo presentation | 4. Archive code, data, and documentation on GitHub/Zenodo"
RDM_20629D,PRJ_E43C0C,1,Literature Review & Problem Formulation,1. Conduct systematic literature review on topic | 2. Identify research gaps and define problem statement | 3. Prepare literature review document (min 30 papers) | 4. Define hypothesis and success criteria
RDM_89281F,PRJ_E43C0C,2,Design & Procurement,1. Finalize system architecture and block diagram | 2. Prepare Bill of Materials (BoM) | 3. Procure equipment and consumables | 4. Set up experimental workspace and safety protocols
RDM_ADD07C,PRJ_E43C0C,3,Prototype Development,1. Assemble hardware components | 2. Develop initial firmware/software | 3. Perform bench-level unit tests | 4. Document assembly and calibration procedure
RDM_42EC23,PRJ_E43C0C,4,Data Collection,1. Design data collection protocol | 2. Run controlled experiments with replication | 3. Log raw data with timestamps | 4. Perform initial quality check on collected data
RDM_3B0F73,PRJ_E43C0C,5,Analysis & Modeling,1. Clean and preprocess collected data | 2. Apply statistical/ML models | 3. Visualize results and generate insights | 4. Conduct sensitivity analysis
RDM_583345,PRJ_E43C0C,6,Validation & Testing,"1. Compare results against baseline or benchmarks | 2. Conduct blind validation experiments | 3. Document accuracy, precision, recall metrics | 4. Identify failure modes and limitations"
RDM_1CC82F,PRJ_E43C0C,7,Reporting & Dissemination,"1. Write final project report | 2. Prepare journal/conference manuscript | 3. Create poster or demo presentation | 4. Archive code, data, and documentation on GitHub/Zenodo"
RDM_F2BD3E,PRJ_FE3024,1,Problem Scoping & Literature Review,"1. Define problem formally with inputs, outputs, and objectives | 2. Review state-of-the-art models and benchmarks | 3. Identify datasets and evaluation metrics | 4. Prepare related work summary"
RDM_B5C636,PRJ_FE3024,2,Dataset Preparation,"1. Identify and download relevant public datasets | 2. Perform exploratory data analysis (EDA) | 3. Handle missing values, outliers, and class imbalance | 4. Split data into train/validation/test sets"
RDM_41FFCA,PRJ_FE3024,3,Model Architecture Design,1. Propose candidate model architectures | 2. Implement baseline model | 3. Define loss functions and evaluation metrics | 4. Set up experiment tracking (MLflow/W&B)
RDM_082318,PRJ_FE3024,4,Training & Optimization,1. Train baseline model and log results | 2. Perform hyperparameter tuning (grid/random/Bayesian search) | 3. Apply regularization and augmentation strategies | 4. Analyze learning curves and convergence
RDM_8706B2,PRJ_FE3024,5,Evaluation & Ablation,1. Evaluate on held-out test set | 2. Conduct ablation studies for each component | 3. Compare with state-of-the-art benchmarks | 4. Perform error analysis on failure cases
RDM_E2BC2F,PRJ_FE3024,6,Deployment & Reporting,1. Package model as REST API (FastAPI/Flask) | 2. Containerize with Docker | 3. Write final report and create demo | 4. Publish code and model weights on GitHub
RDM_2161DB,PRJ_0ED2C7,1,Literature Review,1. Perform systematic literature review | 2. Identify experimental and computational components | 3. Define hybrid methodology rationale
RDM_18CB4C,PRJ_0ED2C7,2,Experimental Setup,1. Procure equipment and prepare lab setup | 2. Conduct preliminary experiments | 3. Collect baseline experimental data
RDM_82FBFA,PRJ_0ED2C7,3,Computational Modeling,1. Develop simulation or ML model | 2. Calibrate model with experimental data | 3. Perform virtual parameter sweeps
RDM_CB42F3,PRJ_0ED2C7,4,Integrated Analysis,1. Cross-validate experimental and computational results | 2. Identify discrepancies and perform root-cause analysis | 3. Optimize design based on integrated findings
RDM_9B67CD,PRJ_0ED2C7,5,Validation,1. Conduct confirmatory experiments | 2. Benchmark against existing literature | 3. Document uncertainty and error bounds
RDM_AD529F,PRJ_0ED2C7,6,Reporting,1. Prepare final report combining both methodologies | 2. Submit to conference or journal | 3. Archive all artifacts
RDM_CE295D,PRJ_97C2D1,1,Research Design,1. Define survey objectives and target population | 2. Perform power analysis to determine sample size | 3. Design questionnaire with validated scales | 4. Get IRB/ethics committee approval
RDM_1BA729,PRJ_97C2D1,2,Pilot Survey & Refinement,1. Conduct pilot with 20-30 respondents | 2. Assess Cronbach's alpha for reliability | 3. Refine ambiguous questions | 4. Finalize survey instrument
RDM_857FF8,PRJ_97C2D1,3,Data Collection,1. Deploy survey via Google Forms / KoBoToolbox | 2. Monitor response rate and send reminders | 3. Ensure geographic and demographic diversity | 4. Close data collection at target sample size
RDM_FAFFE2,PRJ_97C2D1,4,Statistical Analysis,1. Perform descriptive statistics | 2. Test normality and homogeneity assumptions | 3. Run correlation/regression or structural equation modeling | 4. Visualize results with appropriate charts
RDM_9CC480,PRJ_97C2D1,5,Reporting,1. Interpret findings in context of literature | 2. Report limitations and generalizability | 3. Write manuscript for journal submission | 4. Share anonymized dataset on OSF/Zenodo
RDM_BC2D67,PRJ_8E454F,1,Literature Review & Problem Formulation,1. Conduct systematic literature review on topic | 2. Identify research gaps and define problem statement | 3. Prepare literature review document (min 30 papers) | 4. Define hypothesis and success criteria
RDM_B54881,PRJ_8E454F,2,Design & Procurement,1. Finalize system architecture and block diagram | 2. Prepare Bill of Materials (BoM) | 3. Procure equipment and consumables | 4. Set up experimental workspace and safety protocols
RDM_8059DE,PRJ_8E454F,3,Prototype Development,1. Assemble hardware components | 2. Develop initial firmware/software | 3. Perform bench-level unit tests | 4. Document assembly and calibration procedure
RDM_00A4B6,PRJ_8E454F,4,Data Collection,1. Design data collection protocol | 2. Run controlled experiments with replication | 3. Log raw data with timestamps | 4. Perform initial quality check on collected data
RDM_130EA4,PRJ_8E454F,5,Analysis & Modeling,1. Clean and preprocess collected data | 2. Apply statistical/ML models | 3. Visualize results and generate insights | 4. Conduct sensitivity analysis
RDM_BFBCF5,PRJ_8E454F,6,Validation & Testing,"1. Compare results against baseline or benchmarks | 2. Conduct blind validation experiments | 3. Document accuracy, precision, recall metrics | 4. Identify failure modes and limitations"
RDM_2816D0,PRJ_8E454F,7,Reporting & Dissemination,"1. Write final project report | 2. Prepare journal/conference manuscript | 3. Create poster or demo presentation | 4. Archive code, data, and documentation on GitHub/Zenodo"
RDM_73640C,PRJ_8CEB41,1,Problem Scoping & Literature Review,"1. Define problem formally with inputs, outputs, and objectives | 2. Review state-of-the-art models and benchmarks | 3. Identify datasets and evaluation metrics | 4. Prepare related work summary"
RDM_05797C,PRJ_8CEB41,2,Dataset Preparation,"1. Identify and download relevant public datasets | 2. Perform exploratory data analysis (EDA) | 3. Handle missing values, outliers, and class imbalance | 4. Split data into train/validation/test sets"
RDM_F9CFD3,PRJ_8CEB41,3,Model Architecture Design,1. Propose candidate model architectures | 2. Implement baseline model | 3. Define loss functions and evaluation metrics | 4. Set up experiment tracking (MLflow/W&B)
RDM_2528D3,PRJ_8CEB41,4,Training & Optimization,1. Train baseline model and log results | 2. Perform hyperparameter tuning (grid/random/Bayesian search) | 3. Apply regularization and augmentation strategies | 4. Analyze learning curves and convergence
RDM_81AAFB,PRJ_8CEB41,5,Evaluation & Ablation,1. Evaluate on held-out test set | 2. Conduct ablation studies for each component | 3. Compare with state-of-the-art benchmarks | 4. Perform error analysis on failure cases
RDM_EE6489,PRJ_8CEB41,6,Deployment & Reporting,1. Package model as REST API (FastAPI/Flask) | 2. Containerize with Docker | 3. Write final report and create demo | 4. Publish code and model weights on GitHub
RDM_DEBE4D,PRJ_52CA77,1,Literature Review & Problem Formulation,1. Conduct systematic literature review on topic | 2. Identify research gaps and define problem statement | 3. Prepare literature review document (min 30 papers) | 4. Define hypothesis and success criteria
RDM_FE97CC,PRJ_52CA77,2,Design & Procurement,1. Finalize system architecture and block diagram | 2. Prepare Bill of Materials (BoM) | 3. Procure equipment and consumables | 4. Set up experimental workspace and safety protocols
RDM_971A2A,PRJ_52CA77,3,Prototype Development,1. Assemble hardware components | 2. Develop initial firmware/software | 3. Perform bench-level unit tests | 4. Document assembly and calibration procedure
RDM_6212B8,PRJ_52CA77,4,Data Collection,1. Design data collection protocol | 2. Run controlled experiments with replication | 3. Log raw data with timestamps | 4. Perform initial quality check on collected data
RDM_EC4A20,PRJ_52CA77,5,Analysis & Modeling,1. Clean and preprocess collected data | 2. Apply statistical/ML models | 3. Visualize results and generate insights | 4. Conduct sensitivity analysis
RDM_CDD44A,PRJ_52CA77,6,Validation & Testing,"1. Compare results against baseline or benchmarks | 2. Conduct blind validation experiments | 3. Document accuracy, precision, recall metrics | 4. Identify failure modes and limitations"
RDM_8F37F2,PRJ_52CA77,7,Reporting & Dissemination,"1. Write final project report | 2. Prepare journal/conference manuscript | 3. Create poster or demo presentation | 4. Archive code, data, and documentation on GitHub/Zenodo"
RDM_E01D41,PRJ_47EBD6,1,Literature Review,1. Perform systematic literature review | 2. Identify experimental and computational components | 3. Define hybrid methodology rationale
RDM_F274A9,PRJ_47EBD6,2,Experimental Setup,1. Procure equipment and prepare lab setup | 2. Conduct preliminary experiments | 3. Collect baseline experimental data
RDM_7EF304,PRJ_47EBD6,3,Computational Modeling,1. Develop simulation or ML model | 2. Calibrate model with experimental data | 3. Perform virtual parameter sweeps
RDM_869E09,PRJ_47EBD6,4,Integrated Analysis,1. Cross-validate experimental and computational results | 2. Identify discrepancies and perform root-cause analysis | 3. Optimize design based on integrated findings
RDM_54B249,PRJ_47EBD6,5,Validation,1. Conduct confirmatory experiments | 2. Benchmark against existing literature | 3. Document uncertainty and error bounds
RDM_C453B7,PRJ_47EBD6,6,Reporting,1. Prepare final report combining both methodologies | 2. Submit to conference or journal | 3. Archive all artifacts
RDM_94F05B,PRJ_B17A69,1,Problem Scoping & Literature Review,"1. Define problem formally with inputs, outputs, and objectives | 2. Review state-of-the-art models and benchmarks | 3. Identify datasets and evaluation metrics | 4. Prepare related work summary"
RDM_511E0C,PRJ_B17A69,2,Dataset Preparation,"1. Identify and download relevant public datasets | 2. Perform exploratory data analysis (EDA) | 3. Handle missing values, outliers, and class imbalance | 4. Split data into train/validation/test sets"
RDM_BFAC54,PRJ_B17A69,3,Model Architecture Design,1. Propose candidate model architectures | 2. Implement baseline model | 3. Define loss functions and evaluation metrics | 4. Set up experiment tracking (MLflow/W&B)
RDM_3B8F2B,PRJ_B17A69,4,Training & Optimization,1. Train baseline model and log results | 2. Perform hyperparameter tuning (grid/random/Bayesian search) | 3. Apply regularization and augmentation strategies | 4. Analyze learning curves and convergence
RDM_6E0A2B,PRJ_B17A69,5,Evaluation & Ablation,1. Evaluate on held-out test set | 2. Conduct ablation studies for each component | 3. Compare with state-of-the-art benchmarks | 4. Perform error analysis on failure cases
RDM_9A9499,PRJ_B17A69,6,Deployment & Reporting,1. Package model as REST API (FastAPI/Flask) | 2. Containerize with Docker | 3. Write final report and create demo | 4. Publish code and model weights on GitHub
RDM_C24BCC,PRJ_0992B5,1,Problem Scoping & Literature Review,"1. Define problem formally with inputs, outputs, and objectives | 2. Review state-of-the-art models and benchmarks | 3. Identify datasets and evaluation metrics | 4. Prepare related work summary"
RDM_7292F7,PRJ_0992B5,2,Dataset Preparation,"1. Identify and download relevant public datasets | 2. Perform exploratory data analysis (EDA) | 3. Handle missing values, outliers, and class imbalance | 4. Split data into train/validation/test sets"
RDM_940B70,PRJ_0992B5,3,Model Architecture Design,1. Propose candidate model architectures | 2. Implement baseline model | 3. Define loss functions and evaluation metrics | 4. Set up experiment tracking (MLflow/W&B)
RDM_C31010,PRJ_0992B5,4,Training & Optimization,1. Train baseline model and log results | 2. Perform hyperparameter tuning (grid/random/Bayesian search) | 3. Apply regularization and augmentation strategies | 4. Analyze learning curves and convergence
RDM_94CAF2,PRJ_0992B5,5,Evaluation & Ablation,1. Evaluate on held-out test set | 2. Conduct ablation studies for each component | 3. Compare with state-of-the-art benchmarks | 4. Perform error analysis on failure cases
RDM_B66A49,PRJ_0992B5,6,Deployment & Reporting,1. Package model as REST API (FastAPI/Flask) | 2. Containerize with Docker | 3. Write final report and create demo | 4. Publish code and model weights on GitHub
RDM_ABE148,PRJ_9909F2,1,Problem Scoping & Literature Review,"1. Define problem formally with inputs, outputs, and objectives | 2. Review state-of-the-art models and benchmarks | 3. Identify datasets and evaluation metrics | 4. Prepare related work summary"
RDM_544307,PRJ_9909F2,2,Dataset Preparation,"1. Identify and download relevant public datasets | 2. Perform exploratory data analysis (EDA) | 3. Handle missing values, outliers, and class imbalance | 4. Split data into train/validation/test sets"
RDM_C331AA,PRJ_9909F2,3,Model Architecture Design,1. Propose candidate model architectures | 2. Implement baseline model | 3. Define loss functions and evaluation metrics | 4. Set up experiment tracking (MLflow/W&B)
RDM_4880B0,PRJ_9909F2,4,Training & Optimization,1. Train baseline model and log results | 2. Perform hyperparameter tuning (grid/random/Bayesian search) | 3. Apply regularization and augmentation strategies | 4. Analyze learning curves and convergence
RDM_0E643B,PRJ_9909F2,5,Evaluation & Ablation,1. Evaluate on held-out test set | 2. Conduct ablation studies for each component | 3. Compare with state-of-the-art benchmarks | 4. Perform error analysis on failure cases
RDM_DC83DB,PRJ_9909F2,6,Deployment & Reporting,1. Package model as REST API (FastAPI/Flask) | 2. Containerize with Docker | 3. Write final report and create demo | 4. Publish code and model weights on GitHub
RDM_3D8855,PRJ_713060,1,Literature Review & Problem Formulation,1. Conduct systematic literature review on topic | 2. Identify research gaps and define problem statement | 3. Prepare literature review document (min 30 papers) | 4. Define hypothesis and success criteria
RDM_BBBE6C,PRJ_713060,2,Design & Procurement,1. Finalize system architecture and block diagram | 2. Prepare Bill of Materials (BoM) | 3. Procure equipment and consumables | 4. Set up experimental workspace and safety protocols
RDM_CF7479,PRJ_713060,3,Prototype Development,1. Assemble hardware components | 2. Develop initial firmware/software | 3. Perform bench-level unit tests | 4. Document assembly and calibration procedure
RDM_542F20,PRJ_713060,4,Data Collection,1. Design data collection protocol | 2. Run controlled experiments with replication | 3. Log raw data with timestamps | 4. Perform initial quality check on collected data
RDM_5FF21E,PRJ_713060,5,Analysis & Modeling,1. Clean and preprocess collected data | 2. Apply statistical/ML models | 3. Visualize results and generate insights | 4. Conduct sensitivity analysis
RDM_241D1D,PRJ_713060,6,Validation & Testing,"1. Compare results against baseline or benchmarks | 2. Conduct blind validation experiments | 3. Document accuracy, precision, recall metrics | 4. Identify failure modes and limitations"
RDM_123271,PRJ_713060,7,Reporting & Dissemination,"1. Write final project report | 2. Prepare journal/conference manuscript | 3. Create poster or demo presentation | 4. Archive code, data, and documentation on GitHub/Zenodo"
RDM_027352,PRJ_3003E9,1,Research Design,1. Define survey objectives and target population | 2. Perform power analysis to determine sample size | 3. Design questionnaire with validated scales | 4. Get IRB/ethics committee approval
RDM_702501,PRJ_3003E9,2,Pilot Survey & Refinement,1. Conduct pilot with 20-30 respondents | 2. Assess Cronbach's alpha for reliability | 3. Refine ambiguous questions | 4. Finalize survey instrument
RDM_08589A,PRJ_3003E9,3,Data Collection,1. Deploy survey via Google Forms / KoBoToolbox | 2. Monitor response rate and send reminders | 3. Ensure geographic and demographic diversity | 4. Close data collection at target sample size
RDM_48F7C3,PRJ_3003E9,4,Statistical Analysis,1. Perform descriptive statistics | 2. Test normality and homogeneity assumptions | 3. Run correlation/regression or structural equation modeling | 4. Visualize results with appropriate charts
RDM_9C0E9F,PRJ_3003E9,5,Reporting,1. Interpret findings in context of literature | 2. Report limitations and generalizability | 3. Write manuscript for journal submission | 4. Share anonymized dataset on OSF/Zenodo
RDM_B1CDFB,PRJ_B24437,1,Literature Review,1. Perform systematic literature review | 2. Identify experimental and computational components | 3. Define hybrid methodology rationale
RDM_0058CC,PRJ_B24437,2,Experimental Setup,1. Procure equipment and prepare lab setup | 2. Conduct preliminary experiments | 3. Collect baseline experimental data
RDM_6EC4EC,PRJ_B24437,3,Computational Modeling,1. Develop simulation or ML model | 2. Calibrate model with experimental data | 3. Perform virtual parameter sweeps
RDM_627F2F,PRJ_B24437,4,Integrated Analysis,1. Cross-validate experimental and computational results | 2. Identify discrepancies and perform root-cause analysis | 3. Optimize design based on integrated findings
RDM_AAE257,PRJ_B24437,5,Validation,1. Conduct confirmatory experiments | 2. Benchmark against existing literature | 3. Document uncertainty and error bounds
RDM_629D1B,PRJ_B24437,6,Reporting,1. Prepare final report combining both methodologies | 2. Submit to conference or journal | 3. Archive all artifacts
RDM_3EF549,PRJ_803A8A,1,Literature Review,1. Perform systematic literature review | 2. Identify experimental and computational components | 3. Define hybrid methodology rationale
RDM_8629C3,PRJ_803A8A,2,Experimental Setup,1. Procure equipment and prepare lab setup | 2. Conduct preliminary experiments | 3. Collect baseline experimental data
RDM_CBBFA3,PRJ_803A8A,3,Computational Modeling,1. Develop simulation or ML model | 2. Calibrate model with experimental data | 3. Perform virtual parameter sweeps
RDM_A0BA3F,PRJ_803A8A,4,Integrated Analysis,1. Cross-validate experimental and computational results | 2. Identify discrepancies and perform root-cause analysis | 3. Optimize design based on integrated findings
RDM_7DCC18,PRJ_803A8A,5,Validation,1. Conduct confirmatory experiments | 2. Benchmark against existing literature | 3. Document uncertainty and error bounds
RDM_B12345,PRJ_803A8A,6,Reporting,1. Prepare final report combining both methodologies | 2. Submit to conference or journal | 3. Archive all artifacts
RDM_75CAAD,PRJ_D2E88C,1,Problem Scoping & Literature Review,"1. Define problem formally with inputs, outputs, and objectives | 2. Review state-of-the-art models and benchmarks | 3. Identify datasets and evaluation metrics | 4. Prepare related work summary"
RDM_E6B288,PRJ_D2E88C,2,Dataset Preparation,"1. Identify and download relevant public datasets | 2. Perform exploratory data analysis (EDA) | 3. Handle missing values, outliers, and class imbalance | 4. Split data into train/validation/test sets"
RDM_289B40,PRJ_D2E88C,3,Model Architecture Design,1. Propose candidate model architectures | 2. Implement baseline model | 3. Define loss functions and evaluation metrics | 4. Set up experiment tracking (MLflow/W&B)
RDM_993751,PRJ_D2E88C,4,Training & Optimization,1. Train baseline model and log results | 2. Perform hyperparameter tuning (grid/random/Bayesian search) | 3. Apply regularization and augmentation strategies | 4. Analyze learning curves and convergence
RDM_8606F3,PRJ_D2E88C,5,Evaluation & Ablation,1. Evaluate on held-out test set | 2. Conduct ablation studies for each component | 3. Compare with state-of-the-art benchmarks | 4. Perform error analysis on failure cases
RDM_E60B52,PRJ_D2E88C,6,Deployment & Reporting,1. Package model as REST API (FastAPI/Flask) | 2. Containerize with Docker | 3. Write final report and create demo | 4. Publish code and model weights on GitHub
RDM_850383,PRJ_8C028D,1,Research Design,1. Define survey objectives and target population | 2. Perform power analysis to determine sample size | 3. Design questionnaire with validated scales | 4. Get IRB/ethics committee approval
RDM_CABE0B,PRJ_8C028D,2,Pilot Survey & Refinement,1. Conduct pilot with 20-30 respondents | 2. Assess Cronbach's alpha for reliability | 3. Refine ambiguous questions | 4. Finalize survey instrument
RDM_27619D,PRJ_8C028D,3,Data Collection,1. Deploy survey via Google Forms / KoBoToolbox | 2. Monitor response rate and send reminders | 3. Ensure geographic and demographic diversity | 4. Close data collection at target sample size
RDM_4160D2,PRJ_8C028D,4,Statistical Analysis,1. Perform descriptive statistics | 2. Test normality and homogeneity assumptions | 3. Run correlation/regression or structural equation modeling | 4. Visualize results with appropriate charts
RDM_8D307B,PRJ_8C028D,5,Reporting,1. Interpret findings in context of literature | 2. Report limitations and generalizability | 3. Write manuscript for journal submission | 4. Share anonymized dataset on OSF/Zenodo
RDM_4A61BF,PRJ_0CBA67,1,Literature Review,1. Perform systematic literature review | 2. Identify experimental and computational components | 3. Define hybrid methodology rationale
RDM_DF8FF2,PRJ_0CBA67,2,Experimental Setup,1. Procure equipment and prepare lab setup | 2. Conduct preliminary experiments | 3. Collect baseline experimental data
RDM_0BAC2F,PRJ_0CBA67,3,Computational Modeling,1. Develop simulation or ML model | 2. Calibrate model with experimental data | 3. Perform virtual parameter sweeps
RDM_E94346,PRJ_0CBA67,4,Integrated Analysis,1. Cross-validate experimental and computational results | 2. Identify discrepancies and perform root-cause analysis | 3. Optimize design based on integrated findings
RDM_3CA52B,PRJ_0CBA67,5,Validation,1. Conduct confirmatory experiments | 2. Benchmark against existing literature | 3. Document uncertainty and error bounds
RDM_36E26A,PRJ_0CBA67,6,Reporting,1. Prepare final report combining both methodologies | 2. Submit to conference or journal | 3. Archive all artifacts
RDM_FDB0B6,PRJ_6AA86B,1,Literature Review & Problem Formulation,1. Conduct systematic literature review on topic | 2. Identify research gaps and define problem statement | 3. Prepare literature review document (min 30 papers) | 4. Define hypothesis and success criteria
RDM_4BF5C1,PRJ_6AA86B,2,Design & Procurement,1. Finalize system architecture and block diagram | 2. Prepare Bill of Materials (BoM) | 3. Procure equipment and consumables | 4. Set up experimental workspace and safety protocols
RDM_D83084,PRJ_6AA86B,3,Prototype Development,1. Assemble hardware components | 2. Develop initial firmware/software | 3. Perform bench-level unit tests | 4. Document assembly and calibration procedure
RDM_A490FB,PRJ_6AA86B,4,Data Collection,1. Design data collection protocol | 2. Run controlled experiments with replication | 3. Log raw data with timestamps | 4. Perform initial quality check on collected data
RDM_CE3C67,PRJ_6AA86B,5,Analysis & Modeling,1. Clean and preprocess collected data | 2. Apply statistical/ML models | 3. Visualize results and generate insights | 4. Conduct sensitivity analysis
RDM_4356E3,PRJ_6AA86B,6,Validation & Testing,"1. Compare results against baseline or benchmarks | 2. Conduct blind validation experiments | 3. Document accuracy, precision, recall metrics | 4. Identify failure modes and limitations"
RDM_8727F6,PRJ_6AA86B,7,Reporting & Dissemination,"1. Write final project report | 2. Prepare journal/conference manuscript | 3. Create poster or demo presentation | 4. Archive code, data, and documentation on GitHub/Zenodo"
RDM_584EDE,PRJ_8CBE29,1,Problem Scoping & Literature Review,"1. Define problem formally with inputs, outputs, and objectives | 2. Review state-of-the-art models and benchmarks | 3. Identify datasets and evaluation metrics | 4. Prepare related work summary"
RDM_F8F84E,PRJ_8CBE29,2,Dataset Preparation,"1. Identify and download relevant public datasets | 2. Perform exploratory data analysis (EDA) | 3. Handle missing values, outliers, and class imbalance | 4. Split data into train/validation/test sets"
RDM_1598E0,PRJ_8CBE29,3,Model Architecture Design,1. Propose candidate model architectures | 2. Implement baseline model | 3. Define loss functions and evaluation metrics | 4. Set up experiment tracking (MLflow/W&B)
RDM_F04AB2,PRJ_8CBE29,4,Training & Optimization,1. Train baseline model and log results | 2. Perform hyperparameter tuning (grid/random/Bayesian search) | 3. Apply regularization and augmentation strategies | 4. Analyze learning curves and convergence
RDM_5F8EA5,PRJ_8CBE29,5,Evaluation & Ablation,1. Evaluate on held-out test set | 2. Conduct ablation studies for each component | 3. Compare with state-of-the-art benchmarks | 4. Perform error analysis on failure cases
RDM_31F6A2,PRJ_8CBE29,6,Deployment & Reporting,1. Package model as REST API (FastAPI/Flask) | 2. Containerize with Docker | 3. Write final report and create demo | 4. Publish code and model weights on GitHub
RDM_F2A5A7,PRJ_BE2E63,1,Literature Review,1. Perform systematic literature review | 2. Identify experimental and computational components | 3. Define hybrid methodology rationale
RDM_E9E780,PRJ_BE2E63,2,Experimental Setup,1. Procure equipment and prepare lab setup | 2. Conduct preliminary experiments | 3. Collect baseline experimental data
RDM_C99D06,PRJ_BE2E63,3,Computational Modeling,1. Develop simulation or ML model | 2. Calibrate model with experimental data | 3. Perform virtual parameter sweeps
RDM_31D699,PRJ_BE2E63,4,Integrated Analysis,1. Cross-validate experimental and computational results | 2. Identify discrepancies and perform root-cause analysis | 3. Optimize design based on integrated findings
RDM_4FC4DF,PRJ_BE2E63,5,Validation,1. Conduct confirmatory experiments | 2. Benchmark against existing literature | 3. Document uncertainty and error bounds
RDM_51D7DE,PRJ_BE2E63,6,Reporting,1. Prepare final report combining both methodologies | 2. Submit to conference or journal | 3. Archive all artifacts
RDM_F89BC2,PRJ_AE3F00,1,Problem Scoping & Literature Review,"1. Define problem formally with inputs, outputs, and objectives | 2. Review state-of-the-art models and benchmarks | 3. Identify datasets and evaluation metrics | 4. Prepare related work summary"
RDM_3B7C14,PRJ_AE3F00,2,Dataset Preparation,"1. Identify and download relevant public datasets | 2. Perform exploratory data analysis (EDA) | 3. Handle missing values, outliers, and class imbalance | 4. Split data into train/validation/test sets"
RDM_83D6DA,PRJ_AE3F00,3,Model Architecture Design,1. Propose candidate model architectures | 2. Implement baseline model | 3. Define loss functions and evaluation metrics | 4. Set up experiment tracking (MLflow/W&B)
RDM_D2D877,PRJ_AE3F00,4,Training & Optimization,1. Train baseline model and log results | 2. Perform hyperparameter tuning (grid/random/Bayesian search) | 3. Apply regularization and augmentation strategies | 4. Analyze learning curves and convergence
RDM_E2528A,PRJ_AE3F00,5,Evaluation & Ablation,1. Evaluate on held-out test set | 2. Conduct ablation studies for each component | 3. Compare with state-of-the-art benchmarks | 4. Perform error analysis on failure cases
RDM_01EFB8,PRJ_AE3F00,6,Deployment & Reporting,1. Package model as REST API (FastAPI/Flask) | 2. Containerize with Docker | 3. Write final report and create demo | 4. Publish code and model weights on GitHub
RDM_954019,PRJ_25E1D4,1,Research Design,1. Define survey objectives and target population | 2. Perform power analysis to determine sample size | 3. Design questionnaire with validated scales | 4. Get IRB/ethics committee approval
RDM_2F5CF5,PRJ_25E1D4,2,Pilot Survey & Refinement,1. Conduct pilot with 20-30 respondents | 2. Assess Cronbach's alpha for reliability | 3. Refine ambiguous questions | 4. Finalize survey instrument
RDM_BC5F97,PRJ_25E1D4,3,Data Collection,1. Deploy survey via Google Forms / KoBoToolbox | 2. Monitor response rate and send reminders | 3. Ensure geographic and demographic diversity | 4. Close data collection at target sample size
RDM_C09874,PRJ_25E1D4,4,Statistical Analysis,1. Perform descriptive statistics | 2. Test normality and homogeneity assumptions | 3. Run correlation/regression or structural equation modeling | 4. Visualize results with appropriate charts
RDM_F83339,PRJ_25E1D4,5,Reporting,1. Interpret findings in context of literature | 2. Report limitations and generalizability | 3. Write manuscript for journal submission | 4. Share anonymized dataset on OSF/Zenodo
RDM_D34554,PRJ_30D459,1,Literature Review,1. Perform systematic literature review | 2. Identify experimental and computational components | 3. Define hybrid methodology rationale
RDM_9615E3,PRJ_30D459,2,Experimental Setup,1. Procure equipment and prepare lab setup | 2. Conduct preliminary experiments | 3. Collect baseline experimental data
RDM_02622B,PRJ_30D459,3,Computational Modeling,1. Develop simulation or ML model | 2. Calibrate model with experimental data | 3. Perform virtual parameter sweeps
RDM_3B98B5,PRJ_30D459,4,Integrated Analysis,1. Cross-validate experimental and computational results | 2. Identify discrepancies and perform root-cause analysis | 3. Optimize design based on integrated findings
RDM_7A14CC,PRJ_30D459,5,Validation,1. Conduct confirmatory experiments | 2. Benchmark against existing literature | 3. Document uncertainty and error bounds
RDM_D08F5A,PRJ_30D459,6,Reporting,1. Prepare final report combining both methodologies | 2. Submit to conference or journal | 3. Archive all artifacts
RDM_C62BFD,PRJ_C9FAF5,1,Research Design,1. Define survey objectives and target population | 2. Perform power analysis to determine sample size | 3. Design questionnaire with validated scales | 4. Get IRB/ethics committee approval
RDM_E4BDEE,PRJ_C9FAF5,2,Pilot Survey & Refinement,1. Conduct pilot with 20-30 respondents | 2. Assess Cronbach's alpha for reliability | 3. Refine ambiguous questions | 4. Finalize survey instrument
RDM_B58C0D,PRJ_C9FAF5,3,Data Collection,1. Deploy survey via Google Forms / KoBoToolbox | 2. Monitor response rate and send reminders | 3. Ensure geographic and demographic diversity | 4. Close data collection at target sample size
RDM_CF1C86,PRJ_C9FAF5,4,Statistical Analysis,1. Perform descriptive statistics | 2. Test normality and homogeneity assumptions | 3. Run correlation/regression or structural equation modeling | 4. Visualize results with appropriate charts
RDM_D9E75A,PRJ_C9FAF5,5,Reporting,1. Interpret findings in context of literature | 2. Report limitations and generalizability | 3. Write manuscript for journal submission | 4. Share anonymized dataset on OSF/Zenodo
RDM_59918C,PRJ_0DBD24,1,Research Design,1. Define survey objectives and target population | 2. Perform power analysis to determine sample size | 3. Design questionnaire with validated scales | 4. Get IRB/ethics committee approval
RDM_A9ED08,PRJ_0DBD24,2,Pilot Survey & Refinement,1. Conduct pilot with 20-30 respondents | 2. Assess Cronbach's alpha for reliability | 3. Refine ambiguous questions | 4. Finalize survey instrument
RDM_BC811B,PRJ_0DBD24,3,Data Collection,1. Deploy survey via Google Forms / KoBoToolbox | 2. Monitor response rate and send reminders | 3. Ensure geographic and demographic diversity | 4. Close data collection at target sample size
RDM_A0969C,PRJ_0DBD24,4,Statistical Analysis,1. Perform descriptive statistics | 2. Test normality and homogeneity assumptions | 3. Run correlation/regression or structural equation modeling | 4. Visualize results with appropriate charts
RDM_F4BA22,PRJ_0DBD24,5,Reporting,1. Interpret findings in context of literature | 2. Report limitations and generalizability | 3. Write manuscript for journal submission | 4. Share anonymized dataset on OSF/Zenodo
RDM_D6879E,PRJ_8DD4E3,1,Research Design,1. Define survey objectives and target population | 2. Perform power analysis to determine sample size | 3. Design questionnaire with validated scales | 4. Get IRB/ethics committee approval
RDM_52EA40,PRJ_8DD4E3,2,Pilot Survey & Refinement,1. Conduct pilot with 20-30 respondents | 2. Assess Cronbach's alpha for reliability | 3. Refine ambiguous questions | 4. Finalize survey instrument
RDM_7EB3C9,PRJ_8DD4E3,3,Data Collection,1. Deploy survey via Google Forms / KoBoToolbox | 2. Monitor response rate and send reminders | 3. Ensure geographic and demographic diversity | 4. Close data collection at target sample size
RDM_530556,PRJ_8DD4E3,4,Statistical Analysis,1. Perform descriptive statistics | 2. Test normality and homogeneity assumptions | 3. Run correlation/regression or structural equation modeling | 4. Visualize results with appropriate charts
RDM_E6BCAA,PRJ_8DD4E3,5,Reporting,1. Interpret findings in context of literature | 2. Report limitations and generalizability | 3. Write manuscript for journal submission | 4. Share anonymized dataset on OSF/Zenodo
RDM_6A2D34,PRJ_90D138,1,Literature Review,1. Perform systematic literature review | 2. Identify experimental and computational components | 3. Define hybrid methodology rationale
RDM_85F733,PRJ_90D138,2,Experimental Setup,1. Procure equipment and prepare lab setup | 2. Conduct preliminary experiments | 3. Collect baseline experimental data
RDM_2A5C91,PRJ_90D138,3,Computational Modeling,1. Develop simulation or ML model | 2. Calibrate model with experimental data | 3. Perform virtual parameter sweeps
RDM_03E5CB,PRJ_90D138,4,Integrated Analysis,1. Cross-validate experimental and computational results | 2. Identify discrepancies and perform root-cause analysis | 3. Optimize design based on integrated findings
RDM_935DA7,PRJ_90D138,5,Validation,1. Conduct confirmatory experiments | 2. Benchmark against existing literature | 3. Document uncertainty and error bounds
RDM_8F84B9,PRJ_90D138,6,Reporting,1. Prepare final report combining both methodologies | 2. Submit to conference or journal | 3. Archive all artifacts
RDM_6533AE,PRJ_D9BA8D,1,Research Design,1. Define survey objectives and target population | 2. Perform power analysis to determine sample size | 3. Design questionnaire with validated scales | 4. Get IRB/ethics committee approval
RDM_A71DDF,PRJ_D9BA8D,2,Pilot Survey & Refinement,1. Conduct pilot with 20-30 respondents | 2. Assess Cronbach's alpha for reliability | 3. Refine ambiguous questions | 4. Finalize survey instrument
RDM_A65F6F,PRJ_D9BA8D,3,Data Collection,1. Deploy survey via Google Forms / KoBoToolbox | 2. Monitor response rate and send reminders | 3. Ensure geographic and demographic diversity | 4. Close data collection at target sample size
RDM_48C2E2,PRJ_D9BA8D,4,Statistical Analysis,1. Perform descriptive statistics | 2. Test normality and homogeneity assumptions | 3. Run correlation/regression or structural equation modeling | 4. Visualize results with appropriate charts
RDM_EDA6F7,PRJ_D9BA8D,5,Reporting,1. Interpret findings in context of literature | 2. Report limitations and generalizability | 3. Write manuscript for journal submission | 4. Share anonymized dataset on OSF/Zenodo
RDM_F9DE81,PRJ_09FCE9,1,Research Design,1. Define survey objectives and target population | 2. Perform power analysis to determine sample size | 3. Design questionnaire with validated scales | 4. Get IRB/ethics committee approval
RDM_10C6AC,PRJ_09FCE9,2,Pilot Survey & Refinement,1. Conduct pilot with 20-30 respondents | 2. Assess Cronbach's alpha for reliability | 3. Refine ambiguous questions | 4. Finalize survey instrument
RDM_F3AF4B,PRJ_09FCE9,3,Data Collection,1. Deploy survey via Google Forms / KoBoToolbox | 2. Monitor response rate and send reminders | 3. Ensure geographic and demographic diversity | 4. Close data collection at target sample size
RDM_986CBA,PRJ_09FCE9,4,Statistical Analysis,1. Perform descriptive statistics | 2. Test normality and homogeneity assumptions | 3. Run correlation/regression or structural equation modeling | 4. Visualize results with appropriate charts
RDM_4CE979,PRJ_09FCE9,5,Reporting,1. Interpret findings in context of literature | 2. Report limitations and generalizability | 3. Write manuscript for journal submission | 4. Share anonymized dataset on OSF/Zenodo
RDM_5AA5C5,PRJ_5F7C92,1,Problem Scoping & Literature Review,"1. Define problem formally with inputs, outputs, and objectives | 2. Review state-of-the-art models and benchmarks | 3. Identify datasets and evaluation metrics | 4. Prepare related work summary"
RDM_FD221A,PRJ_5F7C92,2,Dataset Preparation,"1. Identify and download relevant public datasets | 2. Perform exploratory data analysis (EDA) | 3. Handle missing values, outliers, and class imbalance | 4. Split data into train/validation/test sets"
RDM_9300E5,PRJ_5F7C92,3,Model Architecture Design,1. Propose candidate model architectures | 2. Implement baseline model | 3. Define loss functions and evaluation metrics | 4. Set up experiment tracking (MLflow/W&B)
RDM_F96581,PRJ_5F7C92,4,Training & Optimization,1. Train baseline model and log results | 2. Perform hyperparameter tuning (grid/random/Bayesian search) | 3. Apply regularization and augmentation strategies | 4. Analyze learning curves and convergence
RDM_822EEB,PRJ_5F7C92,5,Evaluation & Ablation,1. Evaluate on held-out test set | 2. Conduct ablation studies for each component | 3. Compare with state-of-the-art benchmarks | 4. Perform error analysis on failure cases
RDM_EC4D3E,PRJ_5F7C92,6,Deployment & Reporting,1. Package model as REST API (FastAPI/Flask) | 2. Containerize with Docker | 3. Write final report and create demo | 4. Publish code and model weights on GitHub
RDM_C098FA,PRJ_86FDC2,1,Problem Scoping & Literature Review,"1. Define problem formally with inputs, outputs, and objectives | 2. Review state-of-the-art models and benchmarks | 3. Identify datasets and evaluation metrics | 4. Prepare related work summary"
RDM_688D2F,PRJ_86FDC2,2,Dataset Preparation,"1. Identify and download relevant public datasets | 2. Perform exploratory data analysis (EDA) | 3. Handle missing values, outliers, and class imbalance | 4. Split data into train/validation/test sets"
RDM_C80D0B,PRJ_86FDC2,3,Model Architecture Design,1. Propose candidate model architectures | 2. Implement baseline model | 3. Define loss functions and evaluation metrics | 4. Set up experiment tracking (MLflow/W&B)
RDM_4821A5,PRJ_86FDC2,4,Training & Optimization,1. Train baseline model and log results | 2. Perform hyperparameter tuning (grid/random/Bayesian search) | 3. Apply regularization and augmentation strategies | 4. Analyze learning curves and convergence
RDM_B009E5,PRJ_86FDC2,5,Evaluation & Ablation,1. Evaluate on held-out test set | 2. Conduct ablation studies for each component | 3. Compare with state-of-the-art benchmarks | 4. Perform error analysis on failure cases
RDM_8B0272,PRJ_86FDC2,6,Deployment & Reporting,1. Package model as REST API (FastAPI/Flask) | 2. Containerize with Docker | 3. Write final report and create demo | 4. Publish code and model weights on GitHub
RDM_8CA4F0,PRJ_FF6EA0,1,Research Design,1. Define survey objectives and target population | 2. Perform power analysis to determine sample size | 3. Design questionnaire with validated scales | 4. Get IRB/ethics committee approval
RDM_8C7367,PRJ_FF6EA0,2,Pilot Survey & Refinement,1. Conduct pilot with 20-30 respondents | 2. Assess Cronbach's alpha for reliability | 3. Refine ambiguous questions | 4. Finalize survey instrument
RDM_FA1371,PRJ_FF6EA0,3,Data Collection,1. Deploy survey via Google Forms / KoBoToolbox | 2. Monitor response rate and send reminders | 3. Ensure geographic and demographic diversity | 4. Close data collection at target sample size
RDM_212BF3,PRJ_FF6EA0,4,Statistical Analysis,1. Perform descriptive statistics | 2. Test normality and homogeneity assumptions | 3. Run correlation/regression or structural equation modeling | 4. Visualize results with appropriate charts
RDM_458D96,PRJ_FF6EA0,5,Reporting,1. Interpret findings in context of literature | 2. Report limitations and generalizability | 3. Write manuscript for journal submission | 4. Share anonymized dataset on OSF/Zenodo
RDM_304C25,PRJ_2F04B0,1,Literature Review,1. Perform systematic literature review | 2. Identify experimental and computational components | 3. Define hybrid methodology rationale
RDM_BC10D4,PRJ_2F04B0,2,Experimental Setup,1. Procure equipment and prepare lab setup | 2. Conduct preliminary experiments | 3. Collect baseline experimental data
RDM_F6260C,PRJ_2F04B0,3,Computational Modeling,1. Develop simulation or ML model | 2. Calibrate model with experimental data | 3. Perform virtual parameter sweeps
RDM_F738FF,PRJ_2F04B0,4,Integrated Analysis,1. Cross-validate experimental and computational results | 2. Identify discrepancies and perform root-cause analysis | 3. Optimize design based on integrated findings
RDM_3D73EC,PRJ_2F04B0,5,Validation,1. Conduct confirmatory experiments | 2. Benchmark against existing literature | 3. Document uncertainty and error bounds
RDM_5F55CA,PRJ_2F04B0,6,Reporting,1. Prepare final report combining both methodologies | 2. Submit to conference or journal | 3. Archive all artifacts
RDM_A92DDD,PRJ_846F63,1,Literature Review,1. Perform systematic literature review | 2. Identify experimental and computational components | 3. Define hybrid methodology rationale
RDM_6C3759,PRJ_846F63,2,Experimental Setup,1. Procure equipment and prepare lab setup | 2. Conduct preliminary experiments | 3. Collect baseline experimental data
RDM_610927,PRJ_846F63,3,Computational Modeling,1. Develop simulation or ML model | 2. Calibrate model with experimental data | 3. Perform virtual parameter sweeps
RDM_E6CCE6,PRJ_846F63,4,Integrated Analysis,1. Cross-validate experimental and computational results | 2. Identify discrepancies and perform root-cause analysis | 3. Optimize design based on integrated findings
RDM_63B0F6,PRJ_846F63,5,Validation,1. Conduct confirmatory experiments | 2. Benchmark against existing literature | 3. Document uncertainty and error bounds
RDM_8A045A,PRJ_846F63,6,Reporting,1. Prepare final report combining both methodologies | 2. Submit to conference or journal | 3. Archive all artifacts
RDM_73DC5C,PRJ_EE5049,1,Literature Review,1. Perform systematic literature review | 2. Identify experimental and computational components | 3. Define hybrid methodology rationale
RDM_B5826B,PRJ_EE5049,2,Experimental Setup,1. Procure equipment and prepare lab setup | 2. Conduct preliminary experiments | 3. Collect baseline experimental data
RDM_C13373,PRJ_EE5049,3,Computational Modeling,1. Develop simulation or ML model | 2. Calibrate model with experimental data | 3. Perform virtual parameter sweeps
RDM_D173E4,PRJ_EE5049,4,Integrated Analysis,1. Cross-validate experimental and computational results | 2. Identify discrepancies and perform root-cause analysis | 3. Optimize design based on integrated findings
RDM_49048C,PRJ_EE5049,5,Validation,1. Conduct confirmatory experiments | 2. Benchmark against existing literature | 3. Document uncertainty and error bounds
RDM_0BE56B,PRJ_EE5049,6,Reporting,1. Prepare final report combining both methodologies | 2. Submit to conference or journal | 3. Archive all artifacts
RDM_B64FB3,PRJ_8F570E,1,Research Design,1. Define survey objectives and target population | 2. Perform power analysis to determine sample size | 3. Design questionnaire with validated scales | 4. Get IRB/ethics committee approval
RDM_A75D41,PRJ_8F570E,2,Pilot Survey & Refinement,1. Conduct pilot with 20-30 respondents | 2. Assess Cronbach's alpha for reliability | 3. Refine ambiguous questions | 4. Finalize survey instrument
RDM_E00199,PRJ_8F570E,3,Data Collection,1. Deploy survey via Google Forms / KoBoToolbox | 2. Monitor response rate and send reminders | 3. Ensure geographic and demographic diversity | 4. Close data collection at target sample size
RDM_3510F4,PRJ_8F570E,4,Statistical Analysis,1. Perform descriptive statistics | 2. Test normality and homogeneity assumptions | 3. Run correlation/regression or structural equation modeling | 4. Visualize results with appropriate charts
RDM_714862,PRJ_8F570E,5,Reporting,1. Interpret findings in context of literature | 2. Report limitations and generalizability | 3. Write manuscript for journal submission | 4. Share anonymized dataset on OSF/Zenodo
RDM_83AECE,PRJ_832372,1,Research Design,1. Define survey objectives and target population | 2. Perform power analysis to determine sample size | 3. Design questionnaire with validated scales | 4. Get IRB/ethics committee approval
RDM_A62A4B,PRJ_832372,2,Pilot Survey & Refinement,1. Conduct pilot with 20-30 respondents | 2. Assess Cronbach's alpha for reliability | 3. Refine ambiguous questions | 4. Finalize survey instrument
RDM_F11216,PRJ_832372,3,Data Collection,1. Deploy survey via Google Forms / KoBoToolbox | 2. Monitor response rate and send reminders | 3. Ensure geographic and demographic diversity | 4. Close data collection at target sample size
RDM_9F0091,PRJ_832372,4,Statistical Analysis,1. Perform descriptive statistics | 2. Test normality and homogeneity assumptions | 3. Run correlation/regression or structural equation modeling | 4. Visualize results with appropriate charts
RDM_B9C83F,PRJ_832372,5,Reporting,1. Interpret findings in context of literature | 2. Report limitations and generalizability | 3. Write manuscript for journal submission | 4. Share anonymized dataset on OSF/Zenodo
RDM_566C51,PRJ_424D5B,1,Literature Review,1. Perform systematic literature review | 2. Identify experimental and computational components | 3. Define hybrid methodology rationale
RDM_B501CA,PRJ_424D5B,2,Experimental Setup,1. Procure equipment and prepare lab setup | 2. Conduct preliminary experiments | 3. Collect baseline experimental data
RDM_9522D5,PRJ_424D5B,3,Computational Modeling,1. Develop simulation or ML model | 2. Calibrate model with experimental data | 3. Perform virtual parameter sweeps
RDM_F0D5DB,PRJ_424D5B,4,Integrated Analysis,1. Cross-validate experimental and computational results | 2. Identify discrepancies and perform root-cause analysis | 3. Optimize design based on integrated findings
RDM_4140F5,PRJ_424D5B,5,Validation,1. Conduct confirmatory experiments | 2. Benchmark against existing literature | 3. Document uncertainty and error bounds
RDM_3375C2,PRJ_424D5B,6,Reporting,1. Prepare final report combining both methodologies | 2. Submit to conference or journal | 3. Archive all artifacts
RDM_8BA86E,PRJ_735578,1,Research Design,1. Define survey objectives and target population | 2. Perform power analysis to determine sample size | 3. Design questionnaire with validated scales | 4. Get IRB/ethics committee approval
RDM_F9C9E8,PRJ_735578,2,Pilot Survey & Refinement,1. Conduct pilot with 20-30 respondents | 2. Assess Cronbach's alpha for reliability | 3. Refine ambiguous questions | 4. Finalize survey instrument
RDM_652945,PRJ_735578,3,Data Collection,1. Deploy survey via Google Forms / KoBoToolbox | 2. Monitor response rate and send reminders | 3. Ensure geographic and demographic diversity | 4. Close data collection at target sample size
RDM_5FE906,PRJ_735578,4,Statistical Analysis,1. Perform descriptive statistics | 2. Test normality and homogeneity assumptions | 3. Run correlation/regression or structural equation modeling | 4. Visualize results with appropriate charts
RDM_CB30B2,PRJ_735578,5,Reporting,1. Interpret findings in context of literature | 2. Report limitations and generalizability | 3. Write manuscript for journal submission | 4. Share anonymized dataset on OSF/Zenodo
RDM_D2E66A,PRJ_87CAAD,1,Problem Scoping & Literature Review,"1. Define problem formally with inputs, outputs, and objectives | 2. Review state-of-the-art models and benchmarks | 3. Identify datasets and evaluation metrics | 4. Prepare related work summary"
RDM_4CDCEA,PRJ_87CAAD,2,Dataset Preparation,"1. Identify and download relevant public datasets | 2. Perform exploratory data analysis (EDA) | 3. Handle missing values, outliers, and class imbalance | 4. Split data into train/validation/test sets"
RDM_833F85,PRJ_87CAAD,3,Model Architecture Design,1. Propose candidate model architectures | 2. Implement baseline model | 3. Define loss functions and evaluation metrics | 4. Set up experiment tracking (MLflow/W&B)
RDM_04343E,PRJ_87CAAD,4,Training & Optimization,1. Train baseline model and log results | 2. Perform hyperparameter tuning (grid/random/Bayesian search) | 3. Apply regularization and augmentation strategies | 4. Analyze learning curves and convergence
RDM_1D9AF1,PRJ_87CAAD,5,Evaluation & Ablation,1. Evaluate on held-out test set | 2. Conduct ablation studies for each component | 3. Compare with state-of-the-art benchmarks | 4. Perform error analysis on failure cases
RDM_D661D7,PRJ_87CAAD,6,Deployment & Reporting,1. Package model as REST API (FastAPI/Flask) | 2. Containerize with Docker | 3. Write final report and create demo | 4. Publish code and model weights on GitHub
RDM_184F06,PRJ_636223,1,Literature Review & Problem Formulation,1. Conduct systematic literature review on topic | 2. Identify research gaps and define problem statement | 3. Prepare literature review document (min 30 papers) | 4. Define hypothesis and success criteria
RDM_F23F97,PRJ_636223,2,Design & Procurement,1. Finalize system architecture and block diagram | 2. Prepare Bill of Materials (BoM) | 3. Procure equipment and consumables | 4. Set up experimental workspace and safety protocols
RDM_85F8DB,PRJ_636223,3,Prototype Development,1. Assemble hardware components | 2. Develop initial firmware/software | 3. Perform bench-level unit tests | 4. Document assembly and calibration procedure
RDM_0573AB,PRJ_636223,4,Data Collection,1. Design data collection protocol | 2. Run controlled experiments with replication | 3. Log raw data with timestamps | 4. Perform initial quality check on collected data
RDM_0F7845,PRJ_636223,5,Analysis & Modeling,1. Clean and preprocess collected data | 2. Apply statistical/ML models | 3. Visualize results and generate insights | 4. Conduct sensitivity analysis
RDM_109FB7,PRJ_636223,6,Validation & Testing,"1. Compare results against baseline or benchmarks | 2. Conduct blind validation experiments | 3. Document accuracy, precision, recall metrics | 4. Identify failure modes and limitations"
RDM_C6EC0A,PRJ_636223,7,Reporting & Dissemination,"1. Write final project report | 2. Prepare journal/conference manuscript | 3. Create poster or demo presentation | 4. Archive code, data, and documentation on GitHub/Zenodo"
RDM_1C6014,PRJ_476CF3,1,Research Design,1. Define survey objectives and target population | 2. Perform power analysis to determine sample size | 3. Design questionnaire with validated scales | 4. Get IRB/ethics committee approval
RDM_1AF3CA,PRJ_476CF3,2,Pilot Survey & Refinement,1. Conduct pilot with 20-30 respondents | 2. Assess Cronbach's alpha for reliability | 3. Refine ambiguous questions | 4. Finalize survey instrument
RDM_0BD3FD,PRJ_476CF3,3,Data Collection,1. Deploy survey via Google Forms / KoBoToolbox | 2. Monitor response rate and send reminders | 3. Ensure geographic and demographic diversity | 4. Close data collection at target sample size
RDM_A3CBC4,PRJ_476CF3,4,Statistical Analysis,1. Perform descriptive statistics | 2. Test normality and homogeneity assumptions | 3. Run correlation/regression or structural equation modeling | 4. Visualize results with appropriate charts
RDM_846266,PRJ_476CF3,5,Reporting,1. Interpret findings in context of literature | 2. Report limitations and generalizability | 3. Write manuscript for journal submission | 4. Share anonymized dataset on OSF/Zenodo
RDM_6000FD,PRJ_FDF4AE,1,Literature Review & Problem Formulation,1. Conduct systematic literature review on topic | 2. Identify research gaps and define problem statement | 3. Prepare literature review document (min 30 papers) | 4. Define hypothesis and success criteria
RDM_92A7F5,PRJ_FDF4AE,2,Design & Procurement,1. Finalize system architecture and block diagram | 2. Prepare Bill of Materials (BoM) | 3. Procure equipment and consumables | 4. Set up experimental workspace and safety protocols
RDM_2E2756,PRJ_FDF4AE,3,Prototype Development,1. Assemble hardware components | 2. Develop initial firmware/software | 3. Perform bench-level unit tests | 4. Document assembly and calibration procedure
RDM_103070,PRJ_FDF4AE,4,Data Collection,1. Design data collection protocol | 2. Run controlled experiments with replication | 3. Log raw data with timestamps | 4. Perform initial quality check on collected data
RDM_3825B4,PRJ_FDF4AE,5,Analysis & Modeling,1. Clean and preprocess collected data | 2. Apply statistical/ML models | 3. Visualize results and generate insights | 4. Conduct sensitivity analysis
RDM_C6CFE0,PRJ_FDF4AE,6,Validation & Testing,"1. Compare results against baseline or benchmarks | 2. Conduct blind validation experiments | 3. Document accuracy, precision, recall metrics | 4. Identify failure modes and limitations"
RDM_76EE98,PRJ_FDF4AE,7,Reporting & Dissemination,"1. Write final project report | 2. Prepare journal/conference manuscript | 3. Create poster or demo presentation | 4. Archive code, data, and documentation on GitHub/Zenodo"
RDM_58A2FB,PRJ_BB791E,1,Literature Review,1. Perform systematic literature review | 2. Identify experimental and computational components | 3. Define hybrid methodology rationale
RDM_9CA395,PRJ_BB791E,2,Experimental Setup,1. Procure equipment and prepare lab setup | 2. Conduct preliminary experiments | 3. Collect baseline experimental data
RDM_D62B4A,PRJ_BB791E,3,Computational Modeling,1. Develop simulation or ML model | 2. Calibrate model with experimental data | 3. Perform virtual parameter sweeps
RDM_82E104,PRJ_BB791E,4,Integrated Analysis,1. Cross-validate experimental and computational results | 2. Identify discrepancies and perform root-cause analysis | 3. Optimize design based on integrated findings
RDM_14781F,PRJ_BB791E,5,Validation,1. Conduct confirmatory experiments | 2. Benchmark against existing literature | 3. Document uncertainty and error bounds
RDM_FA8B79,PRJ_BB791E,6,Reporting,1. Prepare final report combining both methodologies | 2. Submit to conference or journal | 3. Archive all artifacts
RDM_799F35,PRJ_577DAD,1,Literature Review & Problem Formulation,1. Conduct systematic literature review on topic | 2. Identify research gaps and define problem statement | 3. Prepare literature review document (min 30 papers) | 4. Define hypothesis and success criteria
RDM_4B7307,PRJ_577DAD,2,Design & Procurement,1. Finalize system architecture and block diagram | 2. Prepare Bill of Materials (BoM) | 3. Procure equipment and consumables | 4. Set up experimental workspace and safety protocols
RDM_707633,PRJ_577DAD,3,Prototype Development,1. Assemble hardware components | 2. Develop initial firmware/software | 3. Perform bench-level unit tests | 4. Document assembly and calibration procedure
RDM_03EB65,PRJ_577DAD,4,Data Collection,1. Design data collection protocol | 2. Run controlled experiments with replication | 3. Log raw data with timestamps | 4. Perform initial quality check on collected data
RDM_1EFE9E,PRJ_577DAD,5,Analysis & Modeling,1. Clean and preprocess collected data | 2. Apply statistical/ML models | 3. Visualize results and generate insights | 4. Conduct sensitivity analysis
RDM_24EEC1,PRJ_577DAD,6,Validation & Testing,"1. Compare results against baseline or benchmarks | 2. Conduct blind validation experiments | 3. Document accuracy, precision, recall metrics | 4. Identify failure modes and limitations"
RDM_997FC1,PRJ_577DAD,7,Reporting & Dissemination,"1. Write final project report | 2. Prepare journal/conference manuscript | 3. Create poster or demo presentation | 4. Archive code, data, and documentation on GitHub/Zenodo"
RDM_B9EC0E,PRJ_6F6CA8,1,Problem Scoping & Literature Review,"1. Define problem formally with inputs, outputs, and objectives | 2. Review state-of-the-art models and benchmarks | 3. Identify datasets and evaluation metrics | 4. Prepare related work summary"
RDM_F052D1,PRJ_6F6CA8,2,Dataset Preparation,"1. Identify and download relevant public datasets | 2. Perform exploratory data analysis (EDA) | 3. Handle missing values, outliers, and class imbalance | 4. Split data into train/validation/test sets"
RDM_8D0840,PRJ_6F6CA8,3,Model Architecture Design,1. Propose candidate model architectures | 2. Implement baseline model | 3. Define loss functions and evaluation metrics | 4. Set up experiment tracking (MLflow/W&B)
RDM_580AD1,PRJ_6F6CA8,4,Training & Optimization,1. Train baseline model and log results | 2. Perform hyperparameter tuning (grid/random/Bayesian search) | 3. Apply regularization and augmentation strategies | 4. Analyze learning curves and convergence
RDM_77FC92,PRJ_6F6CA8,5,Evaluation & Ablation,1. Evaluate on held-out test set | 2. Conduct ablation studies for each component | 3. Compare with state-of-the-art benchmarks | 4. Perform error analysis on failure cases
RDM_2F7539,PRJ_6F6CA8,6,Deployment & Reporting,1. Package model as REST API (FastAPI/Flask) | 2. Containerize with Docker | 3. Write final report and create demo | 4. Publish code and model weights on GitHub
RDM_4603B3,PRJ_77BE2A,1,Problem Scoping & Literature Review,"1. Define problem formally with inputs, outputs, and objectives | 2. Review state-of-the-art models and benchmarks | 3. Identify datasets and evaluation metrics | 4. Prepare related work summary"
RDM_D185CA,PRJ_77BE2A,2,Dataset Preparation,"1. Identify and download relevant public datasets | 2. Perform exploratory data analysis (EDA) | 3. Handle missing values, outliers, and class imbalance | 4. Split data into train/validation/test sets"
RDM_659836,PRJ_77BE2A,3,Model Architecture Design,1. Propose candidate model architectures | 2. Implement baseline model | 3. Define loss functions and evaluation metrics | 4. Set up experiment tracking (MLflow/W&B)
RDM_552021,PRJ_77BE2A,4,Training & Optimization,1. Train baseline model and log results | 2. Perform hyperparameter tuning (grid/random/Bayesian search) | 3. Apply regularization and augmentation strategies | 4. Analyze learning curves and convergence
RDM_D101E0,PRJ_77BE2A,5,Evaluation & Ablation,1. Evaluate on held-out test set | 2. Conduct ablation studies for each component | 3. Compare with state-of-the-art benchmarks | 4. Perform error analysis on failure cases
RDM_240E46,PRJ_77BE2A,6,Deployment & Reporting,1. Package model as REST API (FastAPI/Flask) | 2. Containerize with Docker | 3. Write final report and create demo | 4. Publish code and model weights on GitHub
RDM_46F40B,PRJ_12B744,1,Research Design,1. Define survey objectives and target population | 2. Perform power analysis to determine sample size | 3. Design questionnaire with validated scales | 4. Get IRB/ethics committee approval
RDM_2F5FD5,PRJ_12B744,2,Pilot Survey & Refinement,1. Conduct pilot with 20-30 respondents | 2. Assess Cronbach's alpha for reliability | 3. Refine ambiguous questions | 4. Finalize survey instrument
RDM_1C4DAC,PRJ_12B744,3,Data Collection,1. Deploy survey via Google Forms / KoBoToolbox | 2. Monitor response rate and send reminders | 3. Ensure geographic and demographic diversity | 4. Close data collection at target sample size
RDM_15CB2A,PRJ_12B744,4,Statistical Analysis,1. Perform descriptive statistics | 2. Test normality and homogeneity assumptions | 3. Run correlation/regression or structural equation modeling | 4. Visualize results with appropriate charts
RDM_31EBA6,PRJ_12B744,5,Reporting,1. Interpret findings in context of literature | 2. Report limitations and generalizability | 3. Write manuscript for journal submission | 4. Share anonymized dataset on OSF/Zenodo
RDM_D354F5,PRJ_6D89DD,1,Problem Scoping & Literature Review,"1. Define problem formally with inputs, outputs, and objectives | 2. Review state-of-the-art models and benchmarks | 3. Identify datasets and evaluation metrics | 4. Prepare related work summary"
RDM_BE0CAA,PRJ_6D89DD,2,Dataset Preparation,"1. Identify and download relevant public datasets | 2. Perform exploratory data analysis (EDA) | 3. Handle missing values, outliers, and class imbalance | 4. Split data into train/validation/test sets"
RDM_2D8A04,PRJ_6D89DD,3,Model Architecture Design,1. Propose candidate model architectures | 2. Implement baseline model | 3. Define loss functions and evaluation metrics | 4. Set up experiment tracking (MLflow/W&B)
RDM_4CDD80,PRJ_6D89DD,4,Training & Optimization,1. Train baseline model and log results | 2. Perform hyperparameter tuning (grid/random/Bayesian search) | 3. Apply regularization and augmentation strategies | 4. Analyze learning curves and convergence
RDM_171DF7,PRJ_6D89DD,5,Evaluation & Ablation,1. Evaluate on held-out test set | 2. Conduct ablation studies for each component | 3. Compare with state-of-the-art benchmarks | 4. Perform error analysis on failure cases
RDM_D069B1,PRJ_6D89DD,6,Deployment & Reporting,1. Package model as REST API (FastAPI/Flask) | 2. Containerize with Docker | 3. Write final report and create demo | 4. Publish code and model weights on GitHub
RDM_68A9FA,PRJ_9BDCD3,1,Problem Scoping & Literature Review,"1. Define problem formally with inputs, outputs, and objectives | 2. Review state-of-the-art models and benchmarks | 3. Identify datasets and evaluation metrics | 4. Prepare related work summary"
RDM_94811E,PRJ_9BDCD3,2,Dataset Preparation,"1. Identify and download relevant public datasets | 2. Perform exploratory data analysis (EDA) | 3. Handle missing values, outliers, and class imbalance | 4. Split data into train/validation/test sets"
RDM_73F134,PRJ_9BDCD3,3,Model Architecture Design,1. Propose candidate model architectures | 2. Implement baseline model | 3. Define loss functions and evaluation metrics | 4. Set up experiment tracking (MLflow/W&B)
RDM_772139,PRJ_9BDCD3,4,Training & Optimization,1. Train baseline model and log results | 2. Perform hyperparameter tuning (grid/random/Bayesian search) | 3. Apply regularization and augmentation strategies | 4. Analyze learning curves and convergence
RDM_B57ED8,PRJ_9BDCD3,5,Evaluation & Ablation,1. Evaluate on held-out test set | 2. Conduct ablation studies for each component | 3. Compare with state-of-the-art benchmarks | 4. Perform error analysis on failure cases
RDM_6D586E,PRJ_9BDCD3,6,Deployment & Reporting,1. Package model as REST API (FastAPI/Flask) | 2. Containerize with Docker | 3. Write final report and create demo | 4. Publish code and model weights on GitHub
RDM_1FDF26,PRJ_992ECD,1,Literature Review & Problem Formulation,1. Conduct systematic literature review on topic | 2. Identify research gaps and define problem statement | 3. Prepare literature review document (min 30 papers) | 4. Define hypothesis and success criteria
RDM_4124C0,PRJ_992ECD,2,Design & Procurement,1. Finalize system architecture and block diagram | 2. Prepare Bill of Materials (BoM) | 3. Procure equipment and consumables | 4. Set up experimental workspace and safety protocols
RDM_C93BDE,PRJ_992ECD,3,Prototype Development,1. Assemble hardware components | 2. Develop initial firmware/software | 3. Perform bench-level unit tests | 4. Document assembly and calibration procedure
RDM_464A1A,PRJ_992ECD,4,Data Collection,1. Design data collection protocol | 2. Run controlled experiments with replication | 3. Log raw data with timestamps | 4. Perform initial quality check on collected data
RDM_4879F0,PRJ_992ECD,5,Analysis & Modeling,1. Clean and preprocess collected data | 2. Apply statistical/ML models | 3. Visualize results and generate insights | 4. Conduct sensitivity analysis
RDM_1CC25D,PRJ_992ECD,6,Validation & Testing,"1. Compare results against baseline or benchmarks | 2. Conduct blind validation experiments | 3. Document accuracy, precision, recall metrics | 4. Identify failure modes and limitations"
RDM_971A24,PRJ_992ECD,7,Reporting & Dissemination,"1. Write final project report | 2. Prepare journal/conference manuscript | 3. Create poster or demo presentation | 4. Archive code, data, and documentation on GitHub/Zenodo"
RDM_E3D9BF,PRJ_200ED1,1,Research Design,1. Define survey objectives and target population | 2. Perform power analysis to determine sample size | 3. Design questionnaire with validated scales | 4. Get IRB/ethics committee approval
RDM_A8BEB0,PRJ_200ED1,2,Pilot Survey & Refinement,1. Conduct pilot with 20-30 respondents | 2. Assess Cronbach's alpha for reliability | 3. Refine ambiguous questions | 4. Finalize survey instrument
RDM_BC1419,PRJ_200ED1,3,Data Collection,1. Deploy survey via Google Forms / KoBoToolbox | 2. Monitor response rate and send reminders | 3. Ensure geographic and demographic diversity | 4. Close data collection at target sample size
RDM_E2B1A5,PRJ_200ED1,4,Statistical Analysis,1. Perform descriptive statistics | 2. Test normality and homogeneity assumptions | 3. Run correlation/regression or structural equation modeling | 4. Visualize results with appropriate charts
RDM_6CFB53,PRJ_200ED1,5,Reporting,1. Interpret findings in context of literature | 2. Report limitations and generalizability | 3. Write manuscript for journal submission | 4. Share anonymized dataset on OSF/Zenodo
RDM_1CCE0C,PRJ_CA93C0,1,Research Design,1. Define survey objectives and target population | 2. Perform power analysis to determine sample size | 3. Design questionnaire with validated scales | 4. Get IRB/ethics committee approval
RDM_663F64,PRJ_CA93C0,2,Pilot Survey & Refinement,1. Conduct pilot with 20-30 respondents | 2. Assess Cronbach's alpha for reliability | 3. Refine ambiguous questions | 4. Finalize survey instrument
RDM_C14019,PRJ_CA93C0,3,Data Collection,1. Deploy survey via Google Forms / KoBoToolbox | 2. Monitor response rate and send reminders | 3. Ensure geographic and demographic diversity | 4. Close data collection at target sample size
RDM_629D4D,PRJ_CA93C0,4,Statistical Analysis,1. Perform descriptive statistics | 2. Test normality and homogeneity assumptions | 3. Run correlation/regression or structural equation modeling | 4. Visualize results with appropriate charts
RDM_F613C0,PRJ_CA93C0,5,Reporting,1. Interpret findings in context of literature | 2. Report limitations and generalizability | 3. Write manuscript for journal submission | 4. Share anonymized dataset on OSF/Zenodo
RDM_EC4389,PRJ_7BEE00,1,Problem Scoping & Literature Review,"1. Define problem formally with inputs, outputs, and objectives | 2. Review state-of-the-art models and benchmarks | 3. Identify datasets and evaluation metrics | 4. Prepare related work summary"
RDM_93F6A2,PRJ_7BEE00,2,Dataset Preparation,"1. Identify and download relevant public datasets | 2. Perform exploratory data analysis (EDA) | 3. Handle missing values, outliers, and class imbalance | 4. Split data into train/validation/test sets"
RDM_DC14F2,PRJ_7BEE00,3,Model Architecture Design,1. Propose candidate model architectures | 2. Implement baseline model | 3. Define loss functions and evaluation metrics | 4. Set up experiment tracking (MLflow/W&B)
RDM_6D7D8B,PRJ_7BEE00,4,Training & Optimization,1. Train baseline model and log results | 2. Perform hyperparameter tuning (grid/random/Bayesian search) | 3. Apply regularization and augmentation strategies | 4. Analyze learning curves and convergence
RDM_7AA748,PRJ_7BEE00,5,Evaluation & Ablation,1. Evaluate on held-out test set | 2. Conduct ablation studies for each component | 3. Compare with state-of-the-art benchmarks | 4. Perform error analysis on failure cases
RDM_22AA02,PRJ_7BEE00,6,Deployment & Reporting,1. Package model as REST API (FastAPI/Flask) | 2. Containerize with Docker | 3. Write final report and create demo | 4. Publish code and model weights on GitHub
RDM_E37CDC,PRJ_C23D45,1,Literature Review & Problem Formulation,1. Conduct systematic literature review on topic | 2. Identify research gaps and define problem statement | 3. Prepare literature review document (min 30 papers) | 4. Define hypothesis and success criteria
RDM_1229D8,PRJ_C23D45,2,Design & Procurement,1. Finalize system architecture and block diagram | 2. Prepare Bill of Materials (BoM) | 3. Procure equipment and consumables | 4. Set up experimental workspace and safety protocols
RDM_73BA43,PRJ_C23D45,3,Prototype Development,1. Assemble hardware components | 2. Develop initial firmware/software | 3. Perform bench-level unit tests | 4. Document assembly and calibration procedure
RDM_5FE696,PRJ_C23D45,4,Data Collection,1. Design data collection protocol | 2. Run controlled experiments with replication | 3. Log raw data with timestamps | 4. Perform initial quality check on collected data
RDM_1B3424,PRJ_C23D45,5,Analysis & Modeling,1. Clean and preprocess collected data | 2. Apply statistical/ML models | 3. Visualize results and generate insights | 4. Conduct sensitivity analysis
RDM_0D3A51,PRJ_C23D45,6,Validation & Testing,"1. Compare results against baseline or benchmarks | 2. Conduct blind validation experiments | 3. Document accuracy, precision, recall metrics | 4. Identify failure modes and limitations"
RDM_7C40E6,PRJ_C23D45,7,Reporting & Dissemination,"1. Write final project report | 2. Prepare journal/conference manuscript | 3. Create poster or demo presentation | 4. Archive code, data, and documentation on GitHub/Zenodo"
RDM_F6CE1E,PRJ_9F9736,1,Research Design,1. Define survey objectives and target population | 2. Perform power analysis to determine sample size | 3. Design questionnaire with validated scales | 4. Get IRB/ethics committee approval
RDM_1B8CF7,PRJ_9F9736,2,Pilot Survey & Refinement,1. Conduct pilot with 20-30 respondents | 2. Assess Cronbach's alpha for reliability | 3. Refine ambiguous questions | 4. Finalize survey instrument
RDM_867E64,PRJ_9F9736,3,Data Collection,1. Deploy survey via Google Forms / KoBoToolbox | 2. Monitor response rate and send reminders | 3. Ensure geographic and demographic diversity | 4. Close data collection at target sample size
RDM_4B3299,PRJ_9F9736,4,Statistical Analysis,1. Perform descriptive statistics | 2. Test normality and homogeneity assumptions | 3. Run correlation/regression or structural equation modeling | 4. Visualize results with appropriate charts
RDM_BD035C,PRJ_9F9736,5,Reporting,1. Interpret findings in context of literature | 2. Report limitations and generalizability | 3. Write manuscript for journal submission | 4. Share anonymized dataset on OSF/Zenodo
RDM_29598C,PRJ_380371,1,Literature Review & Problem Formulation,1. Conduct systematic literature review on topic | 2. Identify research gaps and define problem statement | 3. Prepare literature review document (min 30 papers) | 4. Define hypothesis and success criteria
RDM_AA7EBF,PRJ_380371,2,Design & Procurement,1. Finalize system architecture and block diagram | 2. Prepare Bill of Materials (BoM) | 3. Procure equipment and consumables | 4. Set up experimental workspace and safety protocols
RDM_CCD510,PRJ_380371,3,Prototype Development,1. Assemble hardware components | 2. Develop initial firmware/software | 3. Perform bench-level unit tests | 4. Document assembly and calibration procedure
RDM_F7F244,PRJ_380371,4,Data Collection,1. Design data collection protocol | 2. Run controlled experiments with replication | 3. Log raw data with timestamps | 4. Perform initial quality check on collected data
RDM_615D26,PRJ_380371,5,Analysis & Modeling,1. Clean and preprocess collected data | 2. Apply statistical/ML models | 3. Visualize results and generate insights | 4. Conduct sensitivity analysis
RDM_EF6833,PRJ_380371,6,Validation & Testing,"1. Compare results against baseline or benchmarks | 2. Conduct blind validation experiments | 3. Document accuracy, precision, recall metrics | 4. Identify failure modes and limitations"
RDM_41086C,PRJ_380371,7,Reporting & Dissemination,"1. Write final project report | 2. Prepare journal/conference manuscript | 3. Create poster or demo presentation | 4. Archive code, data, and documentation on GitHub/Zenodo"
RDM_F64C30,PRJ_2D8311,1,Research Design,1. Define survey objectives and target population | 2. Perform power analysis to determine sample size | 3. Design questionnaire with validated scales | 4. Get IRB/ethics committee approval
RDM_E6F259,PRJ_2D8311,2,Pilot Survey & Refinement,1. Conduct pilot with 20-30 respondents | 2. Assess Cronbach's alpha for reliability | 3. Refine ambiguous questions | 4. Finalize survey instrument
RDM_786423,PRJ_2D8311,3,Data Collection,1. Deploy survey via Google Forms / KoBoToolbox | 2. Monitor response rate and send reminders | 3. Ensure geographic and demographic diversity | 4. Close data collection at target sample size
RDM_95F891,PRJ_2D8311,4,Statistical Analysis,1. Perform descriptive statistics | 2. Test normality and homogeneity assumptions | 3. Run correlation/regression or structural equation modeling | 4. Visualize results with appropriate charts
RDM_07D03F,PRJ_2D8311,5,Reporting,1. Interpret findings in context of literature | 2. Report limitations and generalizability | 3. Write manuscript for journal submission | 4. Share anonymized dataset on OSF/Zenodo
RDM_5CCA8B,PRJ_637207,1,Research Design,1. Define survey objectives and target population | 2. Perform power analysis to determine sample size | 3. Design questionnaire with validated scales | 4. Get IRB/ethics committee approval
RDM_C5B68B,PRJ_637207,2,Pilot Survey & Refinement,1. Conduct pilot with 20-30 respondents | 2. Assess Cronbach's alpha for reliability | 3. Refine ambiguous questions | 4. Finalize survey instrument
RDM_20CECE,PRJ_637207,3,Data Collection,1. Deploy survey via Google Forms / KoBoToolbox | 2. Monitor response rate and send reminders | 3. Ensure geographic and demographic diversity | 4. Close data collection at target sample size
RDM_C1F37B,PRJ_637207,4,Statistical Analysis,1. Perform descriptive statistics | 2. Test normality and homogeneity assumptions | 3. Run correlation/regression or structural equation modeling | 4. Visualize results with appropriate charts
RDM_A1C217,PRJ_637207,5,Reporting,1. Interpret findings in context of literature | 2. Report limitations and generalizability | 3. Write manuscript for journal submission | 4. Share anonymized dataset on OSF/Zenodo
RDM_507783,PRJ_EA090F,1,Literature Review & Problem Formulation,1. Conduct systematic literature review on topic | 2. Identify research gaps and define problem statement | 3. Prepare literature review document (min 30 papers) | 4. Define hypothesis and success criteria
RDM_601E54,PRJ_EA090F,2,Design & Procurement,1. Finalize system architecture and block diagram | 2. Prepare Bill of Materials (BoM) | 3. Procure equipment and consumables | 4. Set up experimental workspace and safety protocols
RDM_2ED8DE,PRJ_EA090F,3,Prototype Development,1. Assemble hardware components | 2. Develop initial firmware/software | 3. Perform bench-level unit tests | 4. Document assembly and calibration procedure
RDM_AA3C22,PRJ_EA090F,4,Data Collection,1. Design data collection protocol | 2. Run controlled experiments with replication | 3. Log raw data with timestamps | 4. Perform initial quality check on collected data
RDM_4E100F,PRJ_EA090F,5,Analysis & Modeling,1. Clean and preprocess collected data | 2. Apply statistical/ML models | 3. Visualize results and generate insights | 4. Conduct sensitivity analysis
RDM_E6E086,PRJ_EA090F,6,Validation & Testing,"1. Compare results against baseline or benchmarks | 2. Conduct blind validation experiments | 3. Document accuracy, precision, recall metrics | 4. Identify failure modes and limitations"
RDM_26CD06,PRJ_EA090F,7,Reporting & Dissemination,"1. Write final project report | 2. Prepare journal/conference manuscript | 3. Create poster or demo presentation | 4. Archive code, data, and documentation on GitHub/Zenodo"
RDM_E07E4C,PRJ_07D9F6,1,Literature Review,1. Perform systematic literature review | 2. Identify experimental and computational components | 3. Define hybrid methodology rationale
RDM_524B24,PRJ_07D9F6,2,Experimental Setup,1. Procure equipment and prepare lab setup | 2. Conduct preliminary experiments | 3. Collect baseline experimental data
RDM_19ED52,PRJ_07D9F6,3,Computational Modeling,1. Develop simulation or ML model | 2. Calibrate model with experimental data | 3. Perform virtual parameter sweeps
RDM_EE42D4,PRJ_07D9F6,4,Integrated Analysis,1. Cross-validate experimental and computational results | 2. Identify discrepancies and perform root-cause analysis | 3. Optimize design based on integrated findings
RDM_888659,PRJ_07D9F6,5,Validation,1. Conduct confirmatory experiments | 2. Benchmark against existing literature | 3. Document uncertainty and error bounds
RDM_C10715,PRJ_07D9F6,6,Reporting,1. Prepare final report combining both methodologies | 2. Submit to conference or journal | 3. Archive all artifacts
RDM_708038,PRJ_78E27B,1,Literature Review & Problem Formulation,1. Conduct systematic literature review on topic | 2. Identify research gaps and define problem statement | 3. Prepare literature review document (min 30 papers) | 4. Define hypothesis and success criteria
RDM_5A8897,PRJ_78E27B,2,Design & Procurement,1. Finalize system architecture and block diagram | 2. Prepare Bill of Materials (BoM) | 3. Procure equipment and consumables | 4. Set up experimental workspace and safety protocols
RDM_134D9F,PRJ_78E27B,3,Prototype Development,1. Assemble hardware components | 2. Develop initial firmware/software | 3. Perform bench-level unit tests | 4. Document assembly and calibration procedure
RDM_4FDA19,PRJ_78E27B,4,Data Collection,1. Design data collection protocol | 2. Run controlled experiments with replication | 3. Log raw data with timestamps | 4. Perform initial quality check on collected data
RDM_A78BFE,PRJ_78E27B,5,Analysis & Modeling,1. Clean and preprocess collected data | 2. Apply statistical/ML models | 3. Visualize results and generate insights | 4. Conduct sensitivity analysis
RDM_097D09,PRJ_78E27B,6,Validation & Testing,"1. Compare results against baseline or benchmarks | 2. Conduct blind validation experiments | 3. Document accuracy, precision, recall metrics | 4. Identify failure modes and limitations"
RDM_984988,PRJ_78E27B,7,Reporting & Dissemination,"1. Write final project report | 2. Prepare journal/conference manuscript | 3. Create poster or demo presentation | 4. Archive code, data, and documentation on GitHub/Zenodo"
RDM_C80856,PRJ_95A8A1,1,Literature Review,1. Perform systematic literature review | 2. Identify experimental and computational components | 3. Define hybrid methodology rationale
RDM_E1645A,PRJ_95A8A1,2,Experimental Setup,1. Procure equipment and prepare lab setup | 2. Conduct preliminary experiments | 3. Collect baseline experimental data
RDM_603A4D,PRJ_95A8A1,3,Computational Modeling,1. Develop simulation or ML model | 2. Calibrate model with experimental data | 3. Perform virtual parameter sweeps
RDM_9758FF,PRJ_95A8A1,4,Integrated Analysis,1. Cross-validate experimental and computational results | 2. Identify discrepancies and perform root-cause analysis | 3. Optimize design based on integrated findings
RDM_2D8AE9,PRJ_95A8A1,5,Validation,1. Conduct confirmatory experiments | 2. Benchmark against existing literature | 3. Document uncertainty and error bounds
RDM_86032A,PRJ_95A8A1,6,Reporting,1. Prepare final report combining both methodologies | 2. Submit to conference or journal | 3. Archive all artifacts
RDM_921E66,PRJ_EA8AC8,1,Problem Scoping & Literature Review,"1. Define problem formally with inputs, outputs, and objectives | 2. Review state-of-the-art models and benchmarks | 3. Identify datasets and evaluation metrics | 4. Prepare related work summary"
RDM_8E66B4,PRJ_EA8AC8,2,Dataset Preparation,"1. Identify and download relevant public datasets | 2. Perform exploratory data analysis (EDA) | 3. Handle missing values, outliers, and class imbalance | 4. Split data into train/validation/test sets"
RDM_CDF87F,PRJ_EA8AC8,3,Model Architecture Design,1. Propose candidate model architectures | 2. Implement baseline model | 3. Define loss functions and evaluation metrics | 4. Set up experiment tracking (MLflow/W&B)
RDM_4D5A74,PRJ_EA8AC8,4,Training & Optimization,1. Train baseline model and log results | 2. Perform hyperparameter tuning (grid/random/Bayesian search) | 3. Apply regularization and augmentation strategies | 4. Analyze learning curves and convergence
RDM_0B7F9D,PRJ_EA8AC8,5,Evaluation & Ablation,1. Evaluate on held-out test set | 2. Conduct ablation studies for each component | 3. Compare with state-of-the-art benchmarks | 4. Perform error analysis on failure cases
RDM_B1149B,PRJ_EA8AC8,6,Deployment & Reporting,1. Package model as REST API (FastAPI/Flask) | 2. Containerize with Docker | 3. Write final report and create demo | 4. Publish code and model weights on GitHub
RDM_5FAC6B,PRJ_0355E0,1,Research Design,1. Define survey objectives and target population | 2. Perform power analysis to determine sample size | 3. Design questionnaire with validated scales | 4. Get IRB/ethics committee approval
RDM_33EA43,PRJ_0355E0,2,Pilot Survey & Refinement,1. Conduct pilot with 20-30 respondents | 2. Assess Cronbach's alpha for reliability | 3. Refine ambiguous questions | 4. Finalize survey instrument
RDM_D1579F,PRJ_0355E0,3,Data Collection,1. Deploy survey via Google Forms / KoBoToolbox | 2. Monitor response rate and send reminders | 3. Ensure geographic and demographic diversity | 4. Close data collection at target sample size
RDM_EC3EB2,PRJ_0355E0,4,Statistical Analysis,1. Perform descriptive statistics | 2. Test normality and homogeneity assumptions | 3. Run correlation/regression or structural equation modeling | 4. Visualize results with appropriate charts
RDM_222543,PRJ_0355E0,5,Reporting,1. Interpret findings in context of literature | 2. Report limitations and generalizability | 3. Write manuscript for journal submission | 4. Share anonymized dataset on OSF/Zenodo
RDM_A7DEE1,PRJ_FD64DC,1,Problem Scoping & Literature Review,"1. Define problem formally with inputs, outputs, and objectives | 2. Review state-of-the-art models and benchmarks | 3. Identify datasets and evaluation metrics | 4. Prepare related work summary"
RDM_DCB63E,PRJ_FD64DC,2,Dataset Preparation,"1. Identify and download relevant public datasets | 2. Perform exploratory data analysis (EDA) | 3. Handle missing values, outliers, and class imbalance | 4. Split data into train/validation/test sets"
RDM_A7BAB8,PRJ_FD64DC,3,Model Architecture Design,1. Propose candidate model architectures | 2. Implement baseline model | 3. Define loss functions and evaluation metrics | 4. Set up experiment tracking (MLflow/W&B)
RDM_653657,PRJ_FD64DC,4,Training & Optimization,1. Train baseline model and log results | 2. Perform hyperparameter tuning (grid/random/Bayesian search) | 3. Apply regularization and augmentation strategies | 4. Analyze learning curves and convergence
RDM_F684E3,PRJ_FD64DC,5,Evaluation & Ablation,1. Evaluate on held-out test set | 2. Conduct ablation studies for each component | 3. Compare with state-of-the-art benchmarks | 4. Perform error analysis on failure cases
RDM_0AB569,PRJ_FD64DC,6,Deployment & Reporting,1. Package model as REST API (FastAPI/Flask) | 2. Containerize with Docker | 3. Write final report and create demo | 4. Publish code and model weights on GitHub
RDM_B10BD9,PRJ_589A82,1,Problem Scoping & Literature Review,"1. Define problem formally with inputs, outputs, and objectives | 2. Review state-of-the-art models and benchmarks | 3. Identify datasets and evaluation metrics | 4. Prepare related work summary"
RDM_239856,PRJ_589A82,2,Dataset Preparation,"1. Identify and download relevant public datasets | 2. Perform exploratory data analysis (EDA) | 3. Handle missing values, outliers, and class imbalance | 4. Split data into train/validation/test sets"
RDM_A94436,PRJ_589A82,3,Model Architecture Design,1. Propose candidate model architectures | 2. Implement baseline model | 3. Define loss functions and evaluation metrics | 4. Set up experiment tracking (MLflow/W&B)
RDM_E09CC4,PRJ_589A82,4,Training & Optimization,1. Train baseline model and log results | 2. Perform hyperparameter tuning (grid/random/Bayesian search) | 3. Apply regularization and augmentation strategies | 4. Analyze learning curves and convergence
RDM_297FF0,PRJ_589A82,5,Evaluation & Ablation,1. Evaluate on held-out test set | 2. Conduct ablation studies for each component | 3. Compare with state-of-the-art benchmarks | 4. Perform error analysis on failure cases
RDM_BCEFBE,PRJ_589A82,6,Deployment & Reporting,1. Package model as REST API (FastAPI/Flask) | 2. Containerize with Docker | 3. Write final report and create demo | 4. Publish code and model weights on GitHub
RDM_4F0350,PRJ_8C0A89,1,Research Design,1. Define survey objectives and target population | 2. Perform power analysis to determine sample size | 3. Design questionnaire with validated scales | 4. Get IRB/ethics committee approval
RDM_0BF97F,PRJ_8C0A89,2,Pilot Survey & Refinement,1. Conduct pilot with 20-30 respondents | 2. Assess Cronbach's alpha for reliability | 3. Refine ambiguous questions | 4. Finalize survey instrument
RDM_0CE818,PRJ_8C0A89,3,Data Collection,1. Deploy survey via Google Forms / KoBoToolbox | 2. Monitor response rate and send reminders | 3. Ensure geographic and demographic diversity | 4. Close data collection at target sample size
RDM_9EEBA0,PRJ_8C0A89,4,Statistical Analysis,1. Perform descriptive statistics | 2. Test normality and homogeneity assumptions | 3. Run correlation/regression or structural equation modeling | 4. Visualize results with appropriate charts
RDM_28770E,PRJ_8C0A89,5,Reporting,1. Interpret findings in context of literature | 2. Report limitations and generalizability | 3. Write manuscript for journal submission | 4. Share anonymized dataset on OSF/Zenodo
RDM_A48D28,PRJ_952B9D,1,Literature Review,1. Perform systematic literature review | 2. Identify experimental and computational components | 3. Define hybrid methodology rationale
RDM_E2A9E7,PRJ_952B9D,2,Experimental Setup,1. Procure equipment and prepare lab setup | 2. Conduct preliminary experiments | 3. Collect baseline experimental data
RDM_164CF6,PRJ_952B9D,3,Computational Modeling,1. Develop simulation or ML model | 2. Calibrate model with experimental data | 3. Perform virtual parameter sweeps
RDM_9962C9,PRJ_952B9D,4,Integrated Analysis,1. Cross-validate experimental and computational results | 2. Identify discrepancies and perform root-cause analysis | 3. Optimize design based on integrated findings
RDM_61F6BE,PRJ_952B9D,5,Validation,1. Conduct confirmatory experiments | 2. Benchmark against existing literature | 3. Document uncertainty and error bounds
RDM_8C9A7F,PRJ_952B9D,6,Reporting,1. Prepare final report combining both methodologies | 2. Submit to conference or journal | 3. Archive all artifacts
RDM_1CE4D4,PRJ_40E2EB,1,Literature Review,1. Perform systematic literature review | 2. Identify experimental and computational components | 3. Define hybrid methodology rationale
RDM_F2E38D,PRJ_40E2EB,2,Experimental Setup,1. Procure equipment and prepare lab setup | 2. Conduct preliminary experiments | 3. Collect baseline experimental data
RDM_3A7521,PRJ_40E2EB,3,Computational Modeling,1. Develop simulation or ML model | 2. Calibrate model with experimental data | 3. Perform virtual parameter sweeps
RDM_223824,PRJ_40E2EB,4,Integrated Analysis,1. Cross-validate experimental and computational results | 2. Identify discrepancies and perform root-cause analysis | 3. Optimize design based on integrated findings
RDM_A4B71E,PRJ_40E2EB,5,Validation,1. Conduct confirmatory experiments | 2. Benchmark against existing literature | 3. Document uncertainty and error bounds
RDM_4F59D8,PRJ_40E2EB,6,Reporting,1. Prepare final report combining both methodologies | 2. Submit to conference or journal | 3. Archive all artifacts
RDM_911775,PRJ_900446,1,Literature Review,1. Perform systematic literature review | 2. Identify experimental and computational components | 3. Define hybrid methodology rationale
RDM_976DC8,PRJ_900446,2,Experimental Setup,1. Procure equipment and prepare lab setup | 2. Conduct preliminary experiments | 3. Collect baseline experimental data
RDM_2BA9BC,PRJ_900446,3,Computational Modeling,1. Develop simulation or ML model | 2. Calibrate model with experimental data | 3. Perform virtual parameter sweeps
RDM_E65745,PRJ_900446,4,Integrated Analysis,1. Cross-validate experimental and computational results | 2. Identify discrepancies and perform root-cause analysis | 3. Optimize design based on integrated findings
RDM_625951,PRJ_900446,5,Validation,1. Conduct confirmatory experiments | 2. Benchmark against existing literature | 3. Document uncertainty and error bounds
RDM_9215C2,PRJ_900446,6,Reporting,1. Prepare final report combining both methodologies | 2. Submit to conference or journal | 3. Archive all artifacts
RDM_9B37C8,PRJ_C30C2F,1,Literature Review,1. Perform systematic literature review | 2. Identify experimental and computational components | 3. Define hybrid methodology rationale
RDM_351987,PRJ_C30C2F,2,Experimental Setup,1. Procure equipment and prepare lab setup | 2. Conduct preliminary experiments | 3. Collect baseline experimental data
RDM_7AE6C5,PRJ_C30C2F,3,Computational Modeling,1. Develop simulation or ML model | 2. Calibrate model with experimental data | 3. Perform virtual parameter sweeps
RDM_0D2C60,PRJ_C30C2F,4,Integrated Analysis,1. Cross-validate experimental and computational results | 2. Identify discrepancies and perform root-cause analysis | 3. Optimize design based on integrated findings
RDM_0769E0,PRJ_C30C2F,5,Validation,1. Conduct confirmatory experiments | 2. Benchmark against existing literature | 3. Document uncertainty and error bounds
RDM_711FB5,PRJ_C30C2F,6,Reporting,1. Prepare final report combining both methodologies | 2. Submit to conference or journal | 3. Archive all artifacts
RDM_F21290,PRJ_E0D5EC,1,Research Design,1. Define survey objectives and target population | 2. Perform power analysis to determine sample size | 3. Design questionnaire with validated scales | 4. Get IRB/ethics committee approval
RDM_E2E6AE,PRJ_E0D5EC,2,Pilot Survey & Refinement,1. Conduct pilot with 20-30 respondents | 2. Assess Cronbach's alpha for reliability | 3. Refine ambiguous questions | 4. Finalize survey instrument
RDM_0D5C28,PRJ_E0D5EC,3,Data Collection,1. Deploy survey via Google Forms / KoBoToolbox | 2. Monitor response rate and send reminders | 3. Ensure geographic and demographic diversity | 4. Close data collection at target sample size
RDM_FE4442,PRJ_E0D5EC,4,Statistical Analysis,1. Perform descriptive statistics | 2. Test normality and homogeneity assumptions | 3. Run correlation/regression or structural equation modeling | 4. Visualize results with appropriate charts
RDM_A35E57,PRJ_E0D5EC,5,Reporting,1. Interpret findings in context of literature | 2. Report limitations and generalizability | 3. Write manuscript for journal submission | 4. Share anonymized dataset on OSF/Zenodo
RDM_3E0464,PRJ_4474E4,1,Literature Review & Problem Formulation,1. Conduct systematic literature review on topic | 2. Identify research gaps and define problem statement | 3. Prepare literature review document (min 30 papers) | 4. Define hypothesis and success criteria
RDM_2D0CB5,PRJ_4474E4,2,Design & Procurement,1. Finalize system architecture and block diagram | 2. Prepare Bill of Materials (BoM) | 3. Procure equipment and consumables | 4. Set up experimental workspace and safety protocols
RDM_6BD5B0,PRJ_4474E4,3,Prototype Development,1. Assemble hardware components | 2. Develop initial firmware/software | 3. Perform bench-level unit tests | 4. Document assembly and calibration procedure
RDM_D76477,PRJ_4474E4,4,Data Collection,1. Design data collection protocol | 2. Run controlled experiments with replication | 3. Log raw data with timestamps | 4. Perform initial quality check on collected data
RDM_B6D2FF,PRJ_4474E4,5,Analysis & Modeling,1. Clean and preprocess collected data | 2. Apply statistical/ML models | 3. Visualize results and generate insights | 4. Conduct sensitivity analysis
RDM_7CEE2A,PRJ_4474E4,6,Validation & Testing,"1. Compare results against baseline or benchmarks | 2. Conduct blind validation experiments | 3. Document accuracy, precision, recall metrics | 4. Identify failure modes and limitations"
RDM_3D7E15,PRJ_4474E4,7,Reporting & Dissemination,"1. Write final project report | 2. Prepare journal/conference manuscript | 3. Create poster or demo presentation | 4. Archive code, data, and documentation on GitHub/Zenodo"
RDM_8ED1BD,PRJ_FCA55A,1,Research Design,1. Define survey objectives and target population | 2. Perform power analysis to determine sample size | 3. Design questionnaire with validated scales | 4. Get IRB/ethics committee approval
RDM_C5FDBD,PRJ_FCA55A,2,Pilot Survey & Refinement,1. Conduct pilot with 20-30 respondents | 2. Assess Cronbach's alpha for reliability | 3. Refine ambiguous questions | 4. Finalize survey instrument
RDM_4049DF,PRJ_FCA55A,3,Data Collection,1. Deploy survey via Google Forms / KoBoToolbox | 2. Monitor response rate and send reminders | 3. Ensure geographic and demographic diversity | 4. Close data collection at target sample size
RDM_E77404,PRJ_FCA55A,4,Statistical Analysis,1. Perform descriptive statistics | 2. Test normality and homogeneity assumptions | 3. Run correlation/regression or structural equation modeling | 4. Visualize results with appropriate charts
RDM_5EF03A,PRJ_FCA55A,5,Reporting,1. Interpret findings in context of literature | 2. Report limitations and generalizability | 3. Write manuscript for journal submission | 4. Share anonymized dataset on OSF/Zenodo
RDM_F7A7D7,PRJ_D7F8B5,1,Literature Review,1. Perform systematic literature review | 2. Identify experimental and computational components | 3. Define hybrid methodology rationale
RDM_EAE512,PRJ_D7F8B5,2,Experimental Setup,1. Procure equipment and prepare lab setup | 2. Conduct preliminary experiments | 3. Collect baseline experimental data
RDM_24ECA1,PRJ_D7F8B5,3,Computational Modeling,1. Develop simulation or ML model | 2. Calibrate model with experimental data | 3. Perform virtual parameter sweeps
RDM_AD38DC,PRJ_D7F8B5,4,Integrated Analysis,1. Cross-validate experimental and computational results | 2. Identify discrepancies and perform root-cause analysis | 3. Optimize design based on integrated findings
RDM_961BF0,PRJ_D7F8B5,5,Validation,1. Conduct confirmatory experiments | 2. Benchmark against existing literature | 3. Document uncertainty and error bounds
RDM_02DC36,PRJ_D7F8B5,6,Reporting,1. Prepare final report combining both methodologies | 2. Submit to conference or journal | 3. Archive all artifacts
RDM_8B0CA8,PRJ_F4EE74,1,Literature Review & Problem Formulation,1. Conduct systematic literature review on topic | 2. Identify research gaps and define problem statement | 3. Prepare literature review document (min 30 papers) | 4. Define hypothesis and success criteria
RDM_9298EC,PRJ_F4EE74,2,Design & Procurement,1. Finalize system architecture and block diagram | 2. Prepare Bill of Materials (BoM) | 3. Procure equipment and consumables | 4. Set up experimental workspace and safety protocols
RDM_F595FD,PRJ_F4EE74,3,Prototype Development,1. Assemble hardware components | 2. Develop initial firmware/software | 3. Perform bench-level unit tests | 4. Document assembly and calibration procedure
RDM_4DCFF3,PRJ_F4EE74,4,Data Collection,1. Design data collection protocol | 2. Run controlled experiments with replication | 3. Log raw data with timestamps | 4. Perform initial quality check on collected data
RDM_D11B99,PRJ_F4EE74,5,Analysis & Modeling,1. Clean and preprocess collected data | 2. Apply statistical/ML models | 3. Visualize results and generate insights | 4. Conduct sensitivity analysis
RDM_63ACC2,PRJ_F4EE74,6,Validation & Testing,"1. Compare results against baseline or benchmarks | 2. Conduct blind validation experiments | 3. Document accuracy, precision, recall metrics | 4. Identify failure modes and limitations"
RDM_952AB0,PRJ_F4EE74,7,Reporting & Dissemination,"1. Write final project report | 2. Prepare journal/conference manuscript | 3. Create poster or demo presentation | 4. Archive code, data, and documentation on GitHub/Zenodo"
RDM_D0CFE4,PRJ_BEECDB,1,Literature Review,1. Perform systematic literature review | 2. Identify experimental and computational components | 3. Define hybrid methodology rationale
RDM_782E03,PRJ_BEECDB,2,Experimental Setup,1. Procure equipment and prepare lab setup | 2. Conduct preliminary experiments | 3. Collect baseline experimental data
RDM_BD9302,PRJ_BEECDB,3,Computational Modeling,1. Develop simulation or ML model | 2. Calibrate model with experimental data | 3. Perform virtual parameter sweeps
RDM_D2DE49,PRJ_BEECDB,4,Integrated Analysis,1. Cross-validate experimental and computational results | 2. Identify discrepancies and perform root-cause analysis | 3. Optimize design based on integrated findings
RDM_08BC52,PRJ_BEECDB,5,Validation,1. Conduct confirmatory experiments | 2. Benchmark against existing literature | 3. Document uncertainty and error bounds
RDM_820D4C,PRJ_BEECDB,6,Reporting,1. Prepare final report combining both methodologies | 2. Submit to conference or journal | 3. Archive all artifacts
RDM_D74AF7,PRJ_CDD43B,1,Literature Review & Problem Formulation,1. Conduct systematic literature review on topic | 2. Identify research gaps and define problem statement | 3. Prepare literature review document (min 30 papers) | 4. Define hypothesis and success criteria
RDM_464707,PRJ_CDD43B,2,Design & Procurement,1. Finalize system architecture and block diagram | 2. Prepare Bill of Materials (BoM) | 3. Procure equipment and consumables | 4. Set up experimental workspace and safety protocols
RDM_095FC0,PRJ_CDD43B,3,Prototype Development,1. Assemble hardware components | 2. Develop initial firmware/software | 3. Perform bench-level unit tests | 4. Document assembly and calibration procedure
RDM_951755,PRJ_CDD43B,4,Data Collection,1. Design data collection protocol | 2. Run controlled experiments with replication | 3. Log raw data with timestamps | 4. Perform initial quality check on collected data
RDM_67B414,PRJ_CDD43B,5,Analysis & Modeling,1. Clean and preprocess collected data | 2. Apply statistical/ML models | 3. Visualize results and generate insights | 4. Conduct sensitivity analysis
RDM_697ECD,PRJ_CDD43B,6,Validation & Testing,"1. Compare results against baseline or benchmarks | 2. Conduct blind validation experiments | 3. Document accuracy, precision, recall metrics | 4. Identify failure modes and limitations"
RDM_6365C5,PRJ_CDD43B,7,Reporting & Dissemination,"1. Write final project report | 2. Prepare journal/conference manuscript | 3. Create poster or demo presentation | 4. Archive code, data, and documentation on GitHub/Zenodo"
RDM_08C553,PRJ_B9C05D,1,Literature Review & Problem Formulation,1. Conduct systematic literature review on topic | 2. Identify research gaps and define problem statement | 3. Prepare literature review document (min 30 papers) | 4. Define hypothesis and success criteria
RDM_B653FA,PRJ_B9C05D,2,Design & Procurement,1. Finalize system architecture and block diagram | 2. Prepare Bill of Materials (BoM) | 3. Procure equipment and consumables | 4. Set up experimental workspace and safety protocols
RDM_9ADA33,PRJ_B9C05D,3,Prototype Development,1. Assemble hardware components | 2. Develop initial firmware/software | 3. Perform bench-level unit tests | 4. Document assembly and calibration procedure
RDM_7A75E8,PRJ_B9C05D,4,Data Collection,1. Design data collection protocol | 2. Run controlled experiments with replication | 3. Log raw data with timestamps | 4. Perform initial quality check on collected data
RDM_93807A,PRJ_B9C05D,5,Analysis & Modeling,1. Clean and preprocess collected data | 2. Apply statistical/ML models | 3. Visualize results and generate insights | 4. Conduct sensitivity analysis
RDM_2E7044,PRJ_B9C05D,6,Validation & Testing,"1. Compare results against baseline or benchmarks | 2. Conduct blind validation experiments | 3. Document accuracy, precision, recall metrics | 4. Identify failure modes and limitations"
RDM_623AE3,PRJ_B9C05D,7,Reporting & Dissemination,"1. Write final project report | 2. Prepare journal/conference manuscript | 3. Create poster or demo presentation | 4. Archive code, data, and documentation on GitHub/Zenodo"
RDM_34C487,PRJ_7789B0,1,Literature Review,1. Perform systematic literature review | 2. Identify experimental and computational components | 3. Define hybrid methodology rationale
RDM_F32BA0,PRJ_7789B0,2,Experimental Setup,1. Procure equipment and prepare lab setup | 2. Conduct preliminary experiments | 3. Collect baseline experimental data
RDM_DC7A32,PRJ_7789B0,3,Computational Modeling,1. Develop simulation or ML model | 2. Calibrate model with experimental data | 3. Perform virtual parameter sweeps
RDM_B1C041,PRJ_7789B0,4,Integrated Analysis,1. Cross-validate experimental and computational results | 2. Identify discrepancies and perform root-cause analysis | 3. Optimize design based on integrated findings
RDM_26CD27,PRJ_7789B0,5,Validation,1. Conduct confirmatory experiments | 2. Benchmark against existing literature | 3. Document uncertainty and error bounds
RDM_F23244,PRJ_7789B0,6,Reporting,1. Prepare final report combining both methodologies | 2. Submit to conference or journal | 3. Archive all artifacts
RDM_4DB162,PRJ_FF0ED2,1,Research Design,1. Define survey objectives and target population | 2. Perform power analysis to determine sample size | 3. Design questionnaire with validated scales | 4. Get IRB/ethics committee approval
RDM_97A44C,PRJ_FF0ED2,2,Pilot Survey & Refinement,1. Conduct pilot with 20-30 respondents | 2. Assess Cronbach's alpha for reliability | 3. Refine ambiguous questions | 4. Finalize survey instrument
RDM_74BFBA,PRJ_FF0ED2,3,Data Collection,1. Deploy survey via Google Forms / KoBoToolbox | 2. Monitor response rate and send reminders | 3. Ensure geographic and demographic diversity | 4. Close data collection at target sample size
RDM_99A35A,PRJ_FF0ED2,4,Statistical Analysis,1. Perform descriptive statistics | 2. Test normality and homogeneity assumptions | 3. Run correlation/regression or structural equation modeling | 4. Visualize results with appropriate charts
RDM_0279E2,PRJ_FF0ED2,5,Reporting,1. Interpret findings in context of literature | 2. Report limitations and generalizability | 3. Write manuscript for journal submission | 4. Share anonymized dataset on OSF/Zenodo
RDM_49967E,PRJ_3DDA54,1,Literature Review & Problem Formulation,1. Conduct systematic literature review on topic | 2. Identify research gaps and define problem statement | 3. Prepare literature review document (min 30 papers) | 4. Define hypothesis and success criteria
RDM_F60F1C,PRJ_3DDA54,2,Design & Procurement,1. Finalize system architecture and block diagram | 2. Prepare Bill of Materials (BoM) | 3. Procure equipment and consumables | 4. Set up experimental workspace and safety protocols
RDM_634479,PRJ_3DDA54,3,Prototype Development,1. Assemble hardware components | 2. Develop initial firmware/software | 3. Perform bench-level unit tests | 4. Document assembly and calibration procedure
RDM_47C802,PRJ_3DDA54,4,Data Collection,1. Design data collection protocol | 2. Run controlled experiments with replication | 3. Log raw data with timestamps | 4. Perform initial quality check on collected data
RDM_080CC7,PRJ_3DDA54,5,Analysis & Modeling,1. Clean and preprocess collected data | 2. Apply statistical/ML models | 3. Visualize results and generate insights | 4. Conduct sensitivity analysis
RDM_EBC159,PRJ_3DDA54,6,Validation & Testing,"1. Compare results against baseline or benchmarks | 2. Conduct blind validation experiments | 3. Document accuracy, precision, recall metrics | 4. Identify failure modes and limitations"
RDM_C8B614,PRJ_3DDA54,7,Reporting & Dissemination,"1. Write final project report | 2. Prepare journal/conference manuscript | 3. Create poster or demo presentation | 4. Archive code, data, and documentation on GitHub/Zenodo"
RDM_5689DC,PRJ_0C1F4C,1,Literature Review,1. Perform systematic literature review | 2. Identify experimental and computational components | 3. Define hybrid methodology rationale
RDM_21B40B,PRJ_0C1F4C,2,Experimental Setup,1. Procure equipment and prepare lab setup | 2. Conduct preliminary experiments | 3. Collect baseline experimental data
RDM_BBE845,PRJ_0C1F4C,3,Computational Modeling,1. Develop simulation or ML model | 2. Calibrate model with experimental data | 3. Perform virtual parameter sweeps
RDM_A6D69B,PRJ_0C1F4C,4,Integrated Analysis,1. Cross-validate experimental and computational results | 2. Identify discrepancies and perform root-cause analysis | 3. Optimize design based on integrated findings
RDM_F16DAC,PRJ_0C1F4C,5,Validation,1. Conduct confirmatory experiments | 2. Benchmark against existing literature | 3. Document uncertainty and error bounds
RDM_DCD9F7,PRJ_0C1F4C,6,Reporting,1. Prepare final report combining both methodologies | 2. Submit to conference or journal | 3. Archive all artifacts
RDM_43CB50,PRJ_27F2F9,1,Research Design,1. Define survey objectives and target population | 2. Perform power analysis to determine sample size | 3. Design questionnaire with validated scales | 4. Get IRB/ethics committee approval
RDM_01EC54,PRJ_27F2F9,2,Pilot Survey & Refinement,1. Conduct pilot with 20-30 respondents | 2. Assess Cronbach's alpha for reliability | 3. Refine ambiguous questions | 4. Finalize survey instrument
RDM_27ABE2,PRJ_27F2F9,3,Data Collection,1. Deploy survey via Google Forms / KoBoToolbox | 2. Monitor response rate and send reminders | 3. Ensure geographic and demographic diversity | 4. Close data collection at target sample size
RDM_092874,PRJ_27F2F9,4,Statistical Analysis,1. Perform descriptive statistics | 2. Test normality and homogeneity assumptions | 3. Run correlation/regression or structural equation modeling | 4. Visualize results with appropriate charts
RDM_B94B91,PRJ_27F2F9,5,Reporting,1. Interpret findings in context of literature | 2. Report limitations and generalizability | 3. Write manuscript for journal submission | 4. Share anonymized dataset on OSF/Zenodo
RDM_63352C,PRJ_127DD3,1,Problem Scoping & Literature Review,"1. Define problem formally with inputs, outputs, and objectives | 2. Review state-of-the-art models and benchmarks | 3. Identify datasets and evaluation metrics | 4. Prepare related work summary"
RDM_25D8C1,PRJ_127DD3,2,Dataset Preparation,"1. Identify and download relevant public datasets | 2. Perform exploratory data analysis (EDA) | 3. Handle missing values, outliers, and class imbalance | 4. Split data into train/validation/test sets"
RDM_2F7F07,PRJ_127DD3,3,Model Architecture Design,1. Propose candidate model architectures | 2. Implement baseline model | 3. Define loss functions and evaluation metrics | 4. Set up experiment tracking (MLflow/W&B)
RDM_0CCFBA,PRJ_127DD3,4,Training & Optimization,1. Train baseline model and log results | 2. Perform hyperparameter tuning (grid/random/Bayesian search) | 3. Apply regularization and augmentation strategies | 4. Analyze learning curves and convergence
RDM_7F962A,PRJ_127DD3,5,Evaluation & Ablation,1. Evaluate on held-out test set | 2. Conduct ablation studies for each component | 3. Compare with state-of-the-art benchmarks | 4. Perform error analysis on failure cases
RDM_512DA8,PRJ_127DD3,6,Deployment & Reporting,1. Package model as REST API (FastAPI/Flask) | 2. Containerize with Docker | 3. Write final report and create demo | 4. Publish code and model weights on GitHub
RDM_647343,PRJ_9DF627,1,Problem Scoping & Literature Review,"1. Define problem formally with inputs, outputs, and objectives | 2. Review state-of-the-art models and benchmarks | 3. Identify datasets and evaluation metrics | 4. Prepare related work summary"
RDM_20D8F7,PRJ_9DF627,2,Dataset Preparation,"1. Identify and download relevant public datasets | 2. Perform exploratory data analysis (EDA) | 3. Handle missing values, outliers, and class imbalance | 4. Split data into train/validation/test sets"
RDM_1841B0,PRJ_9DF627,3,Model Architecture Design,1. Propose candidate model architectures | 2. Implement baseline model | 3. Define loss functions and evaluation metrics | 4. Set up experiment tracking (MLflow/W&B)
RDM_71E5CA,PRJ_9DF627,4,Training & Optimization,1. Train baseline model and log results | 2. Perform hyperparameter tuning (grid/random/Bayesian search) | 3. Apply regularization and augmentation strategies | 4. Analyze learning curves and convergence
RDM_38436A,PRJ_9DF627,5,Evaluation & Ablation,1. Evaluate on held-out test set | 2. Conduct ablation studies for each component | 3. Compare with state-of-the-art benchmarks | 4. Perform error analysis on failure cases
RDM_F01C10,PRJ_9DF627,6,Deployment & Reporting,1. Package model as REST API (FastAPI/Flask) | 2. Containerize with Docker | 3. Write final report and create demo | 4. Publish code and model weights on GitHub
RDM_E84F9A,PRJ_9C8494,1,Literature Review,1. Perform systematic literature review | 2. Identify experimental and computational components | 3. Define hybrid methodology rationale
RDM_DA4FD1,PRJ_9C8494,2,Experimental Setup,1. Procure equipment and prepare lab setup | 2. Conduct preliminary experiments | 3. Collect baseline experimental data
RDM_2A723C,PRJ_9C8494,3,Computational Modeling,1. Develop simulation or ML model | 2. Calibrate model with experimental data | 3. Perform virtual parameter sweeps
RDM_CC8216,PRJ_9C8494,4,Integrated Analysis,1. Cross-validate experimental and computational results | 2. Identify discrepancies and perform root-cause analysis | 3. Optimize design based on integrated findings
RDM_8EBA22,PRJ_9C8494,5,Validation,1. Conduct confirmatory experiments | 2. Benchmark against existing literature | 3. Document uncertainty and error bounds
RDM_501AF7,PRJ_9C8494,6,Reporting,1. Prepare final report combining both methodologies | 2. Submit to conference or journal | 3. Archive all artifacts
RDM_A3DBCD,PRJ_AFF49A,1,Literature Review,1. Perform systematic literature review | 2. Identify experimental and computational components | 3. Define hybrid methodology rationale
RDM_93427E,PRJ_AFF49A,2,Experimental Setup,1. Procure equipment and prepare lab setup | 2. Conduct preliminary experiments | 3. Collect baseline experimental data
RDM_5E15D2,PRJ_AFF49A,3,Computational Modeling,1. Develop simulation or ML model | 2. Calibrate model with experimental data | 3. Perform virtual parameter sweeps
RDM_464720,PRJ_AFF49A,4,Integrated Analysis,1. Cross-validate experimental and computational results | 2. Identify discrepancies and perform root-cause analysis | 3. Optimize design based on integrated findings
RDM_C68B25,PRJ_AFF49A,5,Validation,1. Conduct confirmatory experiments | 2. Benchmark against existing literature | 3. Document uncertainty and error bounds
RDM_EC6903,PRJ_AFF49A,6,Reporting,1. Prepare final report combining both methodologies | 2. Submit to conference or journal | 3. Archive all artifacts
RDM_F05FC4,PRJ_7617F9,1,Literature Review,1. Perform systematic literature review | 2. Identify experimental and computational components | 3. Define hybrid methodology rationale
RDM_844417,PRJ_7617F9,2,Experimental Setup,1. Procure equipment and prepare lab setup | 2. Conduct preliminary experiments | 3. Collect baseline experimental data
RDM_508B88,PRJ_7617F9,3,Computational Modeling,1. Develop simulation or ML model | 2. Calibrate model with experimental data | 3. Perform virtual parameter sweeps
RDM_BEFFEF,PRJ_7617F9,4,Integrated Analysis,1. Cross-validate experimental and computational results | 2. Identify discrepancies and perform root-cause analysis | 3. Optimize design based on integrated findings
RDM_DD6FC9,PRJ_7617F9,5,Validation,1. Conduct confirmatory experiments | 2. Benchmark against existing literature | 3. Document uncertainty and error bounds
RDM_CF79FD,PRJ_7617F9,6,Reporting,1. Prepare final report combining both methodologies | 2. Submit to conference or journal | 3. Archive all artifacts
RDM_48B49E,PRJ_EDECE1,1,Research Design,1. Define survey objectives and target population | 2. Perform power analysis to determine sample size | 3. Design questionnaire with validated scales | 4. Get IRB/ethics committee approval
RDM_3CB117,PRJ_EDECE1,2,Pilot Survey & Refinement,1. Conduct pilot with 20-30 respondents | 2. Assess Cronbach's alpha for reliability | 3. Refine ambiguous questions | 4. Finalize survey instrument
RDM_9B42A2,PRJ_EDECE1,3,Data Collection,1. Deploy survey via Google Forms / KoBoToolbox | 2. Monitor response rate and send reminders | 3. Ensure geographic and demographic diversity | 4. Close data collection at target sample size
RDM_CA9A6E,PRJ_EDECE1,4,Statistical Analysis,1. Perform descriptive statistics | 2. Test normality and homogeneity assumptions | 3. Run correlation/regression or structural equation modeling | 4. Visualize results with appropriate charts
RDM_4D2FE7,PRJ_EDECE1,5,Reporting,1. Interpret findings in context of literature | 2. Report limitations and generalizability | 3. Write manuscript for journal submission | 4. Share anonymized dataset on OSF/Zenodo
RDM_A80C1D,PRJ_461EB8,1,Literature Review,1. Perform systematic literature review | 2. Identify experimental and computational components | 3. Define hybrid methodology rationale
RDM_6A4203,PRJ_461EB8,2,Experimental Setup,1. Procure equipment and prepare lab setup | 2. Conduct preliminary experiments | 3. Collect baseline experimental data
RDM_22C4B4,PRJ_461EB8,3,Computational Modeling,1. Develop simulation or ML model | 2. Calibrate model with experimental data | 3. Perform virtual parameter sweeps
RDM_1C109B,PRJ_461EB8,4,Integrated Analysis,1. Cross-validate experimental and computational results | 2. Identify discrepancies and perform root-cause analysis | 3. Optimize design based on integrated findings
RDM_19E1DE,PRJ_461EB8,5,Validation,1. Conduct confirmatory experiments | 2. Benchmark against existing literature | 3. Document uncertainty and error bounds
RDM_9D3566,PRJ_461EB8,6,Reporting,1. Prepare final report combining both methodologies | 2. Submit to conference or journal | 3. Archive all artifacts
RDM_3D1260,PRJ_E29777,1,Literature Review & Problem Formulation,1. Conduct systematic literature review on topic | 2. Identify research gaps and define problem statement | 3. Prepare literature review document (min 30 papers) | 4. Define hypothesis and success criteria
RDM_92A9AD,PRJ_E29777,2,Design & Procurement,1. Finalize system architecture and block diagram | 2. Prepare Bill of Materials (BoM) | 3. Procure equipment and consumables | 4. Set up experimental workspace and safety protocols
RDM_E825BD,PRJ_E29777,3,Prototype Development,1. Assemble hardware components | 2. Develop initial firmware/software | 3. Perform bench-level unit tests | 4. Document assembly and calibration procedure
RDM_3CB819,PRJ_E29777,4,Data Collection,1. Design data collection protocol | 2. Run controlled experiments with replication | 3. Log raw data with timestamps | 4. Perform initial quality check on collected data
RDM_79425E,PRJ_E29777,5,Analysis & Modeling,1. Clean and preprocess collected data | 2. Apply statistical/ML models | 3. Visualize results and generate insights | 4. Conduct sensitivity analysis
RDM_3C439F,PRJ_E29777,6,Validation & Testing,"1. Compare results against baseline or benchmarks | 2. Conduct blind validation experiments | 3. Document accuracy, precision, recall metrics | 4. Identify failure modes and limitations"
RDM_C755E3,PRJ_E29777,7,Reporting & Dissemination,"1. Write final project report | 2. Prepare journal/conference manuscript | 3. Create poster or demo presentation | 4. Archive code, data, and documentation on GitHub/Zenodo"
RDM_F691BC,PRJ_C1581C,1,Literature Review & Problem Formulation,1. Conduct systematic literature review on topic | 2. Identify research gaps and define problem statement | 3. Prepare literature review document (min 30 papers) | 4. Define hypothesis and success criteria
RDM_5FE49E,PRJ_C1581C,2,Design & Procurement,1. Finalize system architecture and block diagram | 2. Prepare Bill of Materials (BoM) | 3. Procure equipment and consumables | 4. Set up experimental workspace and safety protocols
RDM_B41085,PRJ_C1581C,3,Prototype Development,1. Assemble hardware components | 2. Develop initial firmware/software | 3. Perform bench-level unit tests | 4. Document assembly and calibration procedure
RDM_8C774C,PRJ_C1581C,4,Data Collection,1. Design data collection protocol | 2. Run controlled experiments with replication | 3. Log raw data with timestamps | 4. Perform initial quality check on collected data
RDM_FFE2BB,PRJ_C1581C,5,Analysis & Modeling,1. Clean and preprocess collected data | 2. Apply statistical/ML models | 3. Visualize results and generate insights | 4. Conduct sensitivity analysis
RDM_7F4353,PRJ_C1581C,6,Validation & Testing,"1. Compare results against baseline or benchmarks | 2. Conduct blind validation experiments | 3. Document accuracy, precision, recall metrics | 4. Identify failure modes and limitations"
RDM_EFF199,PRJ_C1581C,7,Reporting & Dissemination,"1. Write final project report | 2. Prepare journal/conference manuscript | 3. Create poster or demo presentation | 4. Archive code, data, and documentation on GitHub/Zenodo"
RDM_38DE29,PRJ_815DE8,1,Problem Scoping & Literature Review,"1. Define problem formally with inputs, outputs, and objectives | 2. Review state-of-the-art models and benchmarks | 3. Identify datasets and evaluation metrics | 4. Prepare related work summary"
RDM_972AFC,PRJ_815DE8,2,Dataset Preparation,"1. Identify and download relevant public datasets | 2. Perform exploratory data analysis (EDA) | 3. Handle missing values, outliers, and class imbalance | 4. Split data into train/validation/test sets"
RDM_9B82E5,PRJ_815DE8,3,Model Architecture Design,1. Propose candidate model architectures | 2. Implement baseline model | 3. Define loss functions and evaluation metrics | 4. Set up experiment tracking (MLflow/W&B)
RDM_C68F19,PRJ_815DE8,4,Training & Optimization,1. Train baseline model and log results | 2. Perform hyperparameter tuning (grid/random/Bayesian search) | 3. Apply regularization and augmentation strategies | 4. Analyze learning curves and convergence
RDM_9299C3,PRJ_815DE8,5,Evaluation & Ablation,1. Evaluate on held-out test set | 2. Conduct ablation studies for each component | 3. Compare with state-of-the-art benchmarks | 4. Perform error analysis on failure cases
RDM_354F04,PRJ_815DE8,6,Deployment & Reporting,1. Package model as REST API (FastAPI/Flask) | 2. Containerize with Docker | 3. Write final report and create demo | 4. Publish code and model weights on GitHub
RDM_A3D7C7,PRJ_4FC4FB,1,Literature Review,1. Perform systematic literature review | 2. Identify experimental and computational components | 3. Define hybrid methodology rationale
RDM_E4FB3F,PRJ_4FC4FB,2,Experimental Setup,1. Procure equipment and prepare lab setup | 2. Conduct preliminary experiments | 3. Collect baseline experimental data
RDM_AA8902,PRJ_4FC4FB,3,Computational Modeling,1. Develop simulation or ML model | 2. Calibrate model with experimental data | 3. Perform virtual parameter sweeps
RDM_F5B99F,PRJ_4FC4FB,4,Integrated Analysis,1. Cross-validate experimental and computational results | 2. Identify discrepancies and perform root-cause analysis | 3. Optimize design based on integrated findings
RDM_BDC7C9,PRJ_4FC4FB,5,Validation,1. Conduct confirmatory experiments | 2. Benchmark against existing literature | 3. Document uncertainty and error bounds
RDM_1DC691,PRJ_4FC4FB,6,Reporting,1. Prepare final report combining both methodologies | 2. Submit to conference or journal | 3. Archive all artifacts
RDM_BBF69E,PRJ_F9F0F7,1,Problem Scoping & Literature Review,"1. Define problem formally with inputs, outputs, and objectives | 2. Review state-of-the-art models and benchmarks | 3. Identify datasets and evaluation metrics | 4. Prepare related work summary"
RDM_6FCCFF,PRJ_F9F0F7,2,Dataset Preparation,"1. Identify and download relevant public datasets | 2. Perform exploratory data analysis (EDA) | 3. Handle missing values, outliers, and class imbalance | 4. Split data into train/validation/test sets"
RDM_D56A1B,PRJ_F9F0F7,3,Model Architecture Design,1. Propose candidate model architectures | 2. Implement baseline model | 3. Define loss functions and evaluation metrics | 4. Set up experiment tracking (MLflow/W&B)
RDM_1C617D,PRJ_F9F0F7,4,Training & Optimization,1. Train baseline model and log results | 2. Perform hyperparameter tuning (grid/random/Bayesian search) | 3. Apply regularization and augmentation strategies | 4. Analyze learning curves and convergence
RDM_361989,PRJ_F9F0F7,5,Evaluation & Ablation,1. Evaluate on held-out test set | 2. Conduct ablation studies for each component | 3. Compare with state-of-the-art benchmarks | 4. Perform error analysis on failure cases
RDM_8F70A9,PRJ_F9F0F7,6,Deployment & Reporting,1. Package model as REST API (FastAPI/Flask) | 2. Containerize with Docker | 3. Write final report and create demo | 4. Publish code and model weights on GitHub
RDM_C9C2CE,PRJ_8002DF,1,Problem Scoping & Literature Review,"1. Define problem formally with inputs, outputs, and objectives | 2. Review state-of-the-art models and benchmarks | 3. Identify datasets and evaluation metrics | 4. Prepare related work summary"
RDM_491554,PRJ_8002DF,2,Dataset Preparation,"1. Identify and download relevant public datasets | 2. Perform exploratory data analysis (EDA) | 3. Handle missing values, outliers, and class imbalance | 4. Split data into train/validation/test sets"
RDM_650E88,PRJ_8002DF,3,Model Architecture Design,1. Propose candidate model architectures | 2. Implement baseline model | 3. Define loss functions and evaluation metrics | 4. Set up experiment tracking (MLflow/W&B)
RDM_35E237,PRJ_8002DF,4,Training & Optimization,1. Train baseline model and log results | 2. Perform hyperparameter tuning (grid/random/Bayesian search) | 3. Apply regularization and augmentation strategies | 4. Analyze learning curves and convergence
RDM_2FB9AB,PRJ_8002DF,5,Evaluation & Ablation,1. Evaluate on held-out test set | 2. Conduct ablation studies for each component | 3. Compare with state-of-the-art benchmarks | 4. Perform error analysis on failure cases
RDM_1DA18E,PRJ_8002DF,6,Deployment & Reporting,1. Package model as REST API (FastAPI/Flask) | 2. Containerize with Docker | 3. Write final report and create demo | 4. Publish code and model weights on GitHub
RDM_B758B7,PRJ_E95A2D,1,Research Design,1. Define survey objectives and target population | 2. Perform power analysis to determine sample size | 3. Design questionnaire with validated scales | 4. Get IRB/ethics committee approval
RDM_35C8C4,PRJ_E95A2D,2,Pilot Survey & Refinement,1. Conduct pilot with 20-30 respondents | 2. Assess Cronbach's alpha for reliability | 3. Refine ambiguous questions | 4. Finalize survey instrument
RDM_FCC554,PRJ_E95A2D,3,Data Collection,1. Deploy survey via Google Forms / KoBoToolbox | 2. Monitor response rate and send reminders | 3. Ensure geographic and demographic diversity | 4. Close data collection at target sample size
RDM_59ADCC,PRJ_E95A2D,4,Statistical Analysis,1. Perform descriptive statistics | 2. Test normality and homogeneity assumptions | 3. Run correlation/regression or structural equation modeling | 4. Visualize results with appropriate charts
RDM_AF5EC1,PRJ_E95A2D,5,Reporting,1. Interpret findings in context of literature | 2. Report limitations and generalizability | 3. Write manuscript for journal submission | 4. Share anonymized dataset on OSF/Zenodo
RDM_9D1840,PRJ_ECD080,1,Literature Review & Problem Formulation,1. Conduct systematic literature review on topic | 2. Identify research gaps and define problem statement | 3. Prepare literature review document (min 30 papers) | 4. Define hypothesis and success criteria
RDM_05BA40,PRJ_ECD080,2,Design & Procurement,1. Finalize system architecture and block diagram | 2. Prepare Bill of Materials (BoM) | 3. Procure equipment and consumables | 4. Set up experimental workspace and safety protocols
RDM_85EBFA,PRJ_ECD080,3,Prototype Development,1. Assemble hardware components | 2. Develop initial firmware/software | 3. Perform bench-level unit tests | 4. Document assembly and calibration procedure
RDM_D8FB2A,PRJ_ECD080,4,Data Collection,1. Design data collection protocol | 2. Run controlled experiments with replication | 3. Log raw data with timestamps | 4. Perform initial quality check on collected data
RDM_D45494,PRJ_ECD080,5,Analysis & Modeling,1. Clean and preprocess collected data | 2. Apply statistical/ML models | 3. Visualize results and generate insights | 4. Conduct sensitivity analysis
RDM_52E66A,PRJ_ECD080,6,Validation & Testing,"1. Compare results against baseline or benchmarks | 2. Conduct blind validation experiments | 3. Document accuracy, precision, recall metrics | 4. Identify failure modes and limitations"
RDM_52B4A8,PRJ_ECD080,7,Reporting & Dissemination,"1. Write final project report | 2. Prepare journal/conference manuscript | 3. Create poster or demo presentation | 4. Archive code, data, and documentation on GitHub/Zenodo"
RDM_AB9BCB,PRJ_3C66F4,1,Problem Scoping & Literature Review,"1. Define problem formally with inputs, outputs, and objectives | 2. Review state-of-the-art models and benchmarks | 3. Identify datasets and evaluation metrics | 4. Prepare related work summary"
RDM_943233,PRJ_3C66F4,2,Dataset Preparation,"1. Identify and download relevant public datasets | 2. Perform exploratory data analysis (EDA) | 3. Handle missing values, outliers, and class imbalance | 4. Split data into train/validation/test sets"
RDM_0BDF36,PRJ_3C66F4,3,Model Architecture Design,1. Propose candidate model architectures | 2. Implement baseline model | 3. Define loss functions and evaluation metrics | 4. Set up experiment tracking (MLflow/W&B)
RDM_37F60C,PRJ_3C66F4,4,Training & Optimization,1. Train baseline model and log results | 2. Perform hyperparameter tuning (grid/random/Bayesian search) | 3. Apply regularization and augmentation strategies | 4. Analyze learning curves and convergence
RDM_D1DEE7,PRJ_3C66F4,5,Evaluation & Ablation,1. Evaluate on held-out test set | 2. Conduct ablation studies for each component | 3. Compare with state-of-the-art benchmarks | 4. Perform error analysis on failure cases
RDM_8B0194,PRJ_3C66F4,6,Deployment & Reporting,1. Package model as REST API (FastAPI/Flask) | 2. Containerize with Docker | 3. Write final report and create demo | 4. Publish code and model weights on GitHub
